,per_hour_hood_data_count,occupancy,min_lab_cfm,min_hood_cfm,min_additional_hood_cfm,min_possible_lab_cfm,calc_hood_cfm,stream_hood_cfm,stream_and_calc_hood_cfm_std,stream_and_calc_hood_cfm_mean,calc_total_lab_cfm,stream_total_lab_cfm,calc_excess_cfm,stream_excess_cfm
count,1365.0,1365,1365.0,1365.0,1365.0,1365.0,1365.0,1365.0,1365.0,1365.0,1365.0,1365.0,1365.0,1365.0
mean,1.0,0.50549450549450547,454.4399999999932,175.0,0.0,454.4399999999932,176.26573747376162,213.47086458933978,26.307997678329812,194.86830103155123,454.4399999999932,454.5861351078483,0.0,0.1461351078551077
std,0.0,0.50015304930962667,9.371970126171279e-05,0.0,0.0,9.371970126171279e-05,9.50560448717613,30.018809469647014,15.3757655046326,19.430276294846024,9.371970126171279e-05,2.5746948991512433,0.0,2.574694897450129
min,1.0,False,454.44,175.0,0.0,454.44,175.0,205.53135999999998,21.58893169484791,190.26567999999997,454.44,454.44,0.0,0.0
25%,1.0,False,454.44,175.0,0.0,454.44,175.0,207.65024,23.08720611136823,191.32512,454.44,454.44,0.0,0.0
50%,1.0,1.0,454.44,175.0,0.0,454.44,175.0,209.76912,24.585480527888613,192.38456,454.44,454.44,0.0,0.0
75%,1.0,True,454.44,175.0,0.0,454.44,175.0,209.76912,24.585480527888613,192.38456,454.44,454.44,0.0,0.0
max,1.0,True,454.44,175.0,0.0,454.44,295.12558614,519.1256,188.1280410059761,394.41231307,454.44,519.1256,0.0,64.68559999999997
