,per_hour_hood_data_count,occupancy,min_lab_cfm,min_hood_cfm,min_additional_hood_cfm,min_possible_lab_cfm,calc_hood_cfm,stream_hood_cfm,stream_and_calc_hood_cfm_std,stream_and_calc_hood_cfm_mean,calc_total_lab_cfm,stream_total_lab_cfm,calc_excess_cfm,stream_excess_cfm
count,1365.0,1365,1365.0,1365.0,1365.0,1365.0,1365.0,1365.0,1365.0,1365.0,1365.0,1365.0,1365.0,1365.0
mean,1.0,0.52161172161172165,454.4399999999932,175.0,0.0,454.4399999999932,182.34187326919618,213.47086458933978,24.4825225199685,197.90636892926858,455.0347347477082,454.5861351078483,0.5947347477150997,0.1461351078551077
std,0.0,0.49971579474970285,9.371970126171279e-05,0.0,0.0,9.371970126171279e-05,42.66803040454082,30.018809469647014,7.4318359228014,35.7175479901402,6.347033625179398,2.5746948991512433,6.347033624492926,2.574694897450129
min,1.0,False,454.44,175.0,0.0,454.44,175.0,205.53135999999998,1.627055333947892,190.26567999999997,454.44,454.44,0.0,0.0
25%,1.0,False,454.44,175.0,0.0,454.44,175.0,207.65024,23.08720611136823,191.32512,454.44,454.44,0.0,0.0
50%,1.0,1.0,454.44,175.0,0.0,454.44,175.0,209.76912,24.585480527888613,192.38456,454.44,454.44,0.0,0.0
75%,1.0,True,454.44,175.0,0.0,454.44,175.0,209.76912,24.585480527888613,192.38456,454.44,454.44,0.0,0.0
max,1.0,True,454.44,175.0,0.0,454.44,572.36477312,519.1256,119.83315034326057,533.0319065599999,572.36477312,519.1256,117.92477312,64.68559999999997
