,per_hour_hood_data_count,occupancy,min_lab_cfm,min_hood_cfm,min_additional_hood_cfm,min_possible_lab_cfm,calc_hood_cfm,stream_hood_cfm,stream_and_calc_hood_cfm_std,stream_and_calc_hood_cfm_mean,calc_total_lab_cfm,stream_total_lab_cfm,calc_excess_cfm,stream_excess_cfm
count,1365.0,1365,1365.0,1365.0,1365.0,1365.0,1365.0,1365.0,1365.0,1365.0,1365.0,1365.0,1365.0,1365.0
mean,1.0,0.50402930402930401,393.19753846154276,175.0,0.0,393.19753846154276,179.8368395897102,213.47086458933978,24.027047892789152,196.65385208952546,393.4043347273067,393.57019259748085,0.20679626576410254,0.3726541359381356
std,0.0,0.50016700937168124,61.760622317201985,0.0,0.0,61.760622317201985,30.537882552788783,30.018809469647014,5.067874361591689,29.969351603713967,61.71746974354297,61.9069171447928,4.149184974651309,5.32879875871171
min,1.0,False,330.96000000000004,175.0,0.0,330.96000000000004,175.0,205.53135999999998,1.1434662753147582,190.26567999999997,330.96000000000004,330.96000000000004,0.0,0.0
25%,1.0,False,330.96000000000004,175.0,0.0,330.96000000000004,175.0,207.65024,23.08720611136823,191.32512,330.96000000000004,330.96000000000004,0.0,0.0
50%,1.0,1.0,454.44,175.0,0.0,454.44,175.0,209.76912,24.585480527888613,192.38456,454.44,454.44,0.0,0.0
75%,1.0,True,454.44,175.0,0.0,454.44,175.0,209.76912,24.585480527888613,192.38456,454.44,454.44,0.0,0.0
max,1.0,True,454.44,175.0,0.0,454.44,472.200937824,519.1256,107.04924008362777,482.949988912,472.200937824,519.1256,97.52549333333332,123.1866133333333
