,per_hour_hood_data_count,occupancy,min_lab_cfm,min_hood_cfm,min_additional_hood_cfm,min_possible_lab_cfm,calc_hood_cfm,stream_hood_cfm,stream_and_calc_hood_cfm_std,stream_and_calc_hood_cfm_mean,calc_total_lab_cfm,stream_total_lab_cfm,calc_excess_cfm,stream_excess_cfm
count,1365.0,1365,1365.0,1365.0,1365.0,1365.0,1365.0,1365.0,1365.0,1365.0,1365.0,1365.0,1365.0,1365.0
mean,1.0,0.50256410256410255,393.01661538461985,175.0,0.0,393.01661538461985,179.8627081135089,213.47086458933978,24.026041610807052,196.66678635142483,393.22649541388483,393.5106880309365,0.20988002926495722,0.49407264631664605
std,0.0,0.50017667380178243,61.76181568102935,0.0,0.0,61.76181568102935,30.504809048466996,30.018809469647014,5.029393026059955,29.94888776312452,61.69141799953029,61.88661793504995,3.7631695614770777,7.482288530523814
min,1.0,False,330.96000000000004,175.0,0.0,330.96000000000004,175.0,205.53135999999998,0.7339340051842345,190.26567999999997,330.96000000000004,330.96000000000004,0.0,0.0
25%,1.0,False,330.96000000000004,175.0,0.0,330.96000000000004,175.0,207.65024,23.08720611136823,191.32512,330.96000000000004,330.96000000000004,0.0,0.0
50%,1.0,1.0,454.44,175.0,0.0,454.44,175.0,209.76912,24.585480527888613,192.38456,454.44,454.44,0.0,0.0
75%,1.0,True,454.44,175.0,0.0,454.44,175.0,209.76912,24.585480527888613,192.38456,454.44,454.44,0.0,0.0
max,1.0,True,454.44,175.0,0.0,454.44,472.200937824,519.1256,93.10751400051406,482.949988912,472.200937824,519.1256,95.71818666666661,188.16559999999993
