,per_hour_hood_data_count,occupancy,min_lab_cfm,min_hood_cfm,min_additional_hood_cfm,min_possible_lab_cfm,calc_hood_cfm,stream_hood_cfm,stream_and_calc_hood_cfm_std,stream_and_calc_hood_cfm_mean,calc_total_lab_cfm,stream_total_lab_cfm,calc_excess_cfm,stream_excess_cfm
count,4796.0,4796,4796.0,4796.0,4796.0,4796.0,1365.0,1373.0,1365.0,1373.0,4796.0,4796.0,4796.0,4796.0
mean,0.2846121768140117,0.49833194328607172,392.4940283569321,175.0,0.0,392.4940283569321,183.6268385320437,213.43694980659055,23.940695118254386,198.60188222894755,392.8365144291453,392.59600954588586,0.34248607221318683,0.10198118895375766
std,0.4512765761772156,0.50004935221426272,61.74609401166935,0.0,0.0,61.74609401166935,45.45154561317292,29.934662405698692,7.530233989967629,37.19618792201852,62.09354654154233,61.787440236217456,6.252063525641808,3.1637679770627396
min,0.0,False,330.96000000000004,175.0,0.0,330.96000000000004,175.0,205.53135999999998,0.189659747196296,190.26567999999997,330.96000000000004,330.96000000000004,0.0,0.0
25%,0.0,0.0,330.96000000000004,175.0,0.0,330.96000000000004,175.0,207.65024,23.08720611136823,191.32512,330.96000000000004,330.96000000000004,0.0,0.0
50%,0.0,0.0,330.96000000000004,175.0,0.0,330.96000000000004,175.0,209.76912,24.585480527888613,192.38456,330.96000000000004,330.96000000000004,0.0,0.0
75%,1.0,1.0,454.44,175.0,0.0,454.44,175.0,209.76912,24.585480527888613,192.38456,454.44,454.44,0.0,0.0
max,1.0,True,454.44,175.0,0.0,454.44,566.4026400666667,519.1256,88.71299964257794,530.0508400333333,566.4026400666667,519.1256,203.44518096000002,174.39287999999993
