,per_hour_hood_data_count,occupancy,min_lab_cfm,min_hood_cfm,min_additional_hood_cfm,min_possible_lab_cfm,calc_hood_cfm,stream_hood_cfm,stream_and_calc_hood_cfm_std,stream_and_calc_hood_cfm_mean,calc_total_lab_cfm,stream_total_lab_cfm,calc_excess_cfm,stream_excess_cfm
count,1365.0,1365,1365.0,1365.0,1365.0,1365.0,1365.0,1365.0,1365.0,1365.0,1365.0,1365.0,1365.0,1365.0
mean,1.0,0.52087912087912092,395.2781538461581,175.0,0.0,395.2781538461581,176.307186667453,213.47086458933978,26.27868867239594,194.8890256283969,395.2781538461581,395.54704482214504,0.0,0.2688909759869758
std,0.0,0.49974696313872885,61.70875500835769,0.0,0.0,61.70875500835769,9.871204789562933,30.018809469647014,15.188722429071674,19.594288924901818,61.70875500835769,61.876110194455904,0.0,4.772054129726537
min,1.0,False,330.96000000000004,175.0,0.0,330.96000000000004,175.0,205.53135999999998,21.58893169484791,190.26567999999997,330.96000000000004,330.96000000000004,0.0,0.0
25%,1.0,False,330.96000000000004,175.0,0.0,330.96000000000004,175.0,207.65024,23.08720611136823,191.32512,330.96000000000004,330.96000000000004,0.0,0.0
50%,1.0,1.0,454.44,175.0,0.0,454.44,175.0,209.76912,24.585480527888613,192.38456,454.44,454.44,0.0,0.0
75%,1.0,True,454.44,175.0,0.0,454.44,175.0,209.76912,24.585480527888613,192.38456,454.44,454.44,0.0,0.0
max,1.0,True,454.44,175.0,0.0,454.44,310.0309187733333,519.1256,187.33606228145175,401.8649793866666,454.44,519.1256,0.0,143.3159733333332
