,per_hour_hood_data_count,occupancy,min_lab_cfm,min_hood_cfm,min_additional_hood_cfm,min_possible_lab_cfm,calc_hood_cfm,stream_hood_cfm,stream_and_calc_hood_cfm_std,stream_and_calc_hood_cfm_mean,calc_total_lab_cfm,stream_total_lab_cfm,calc_excess_cfm,stream_excess_cfm
count,4796.0,4796,4796.0,4796.0,4796.0,4796.0,1365.0,1373.0,1365.0,1373.0,4796.0,4796.0,4796.0,4796.0
mean,0.2846121768140117,0.52272727272727271,454.4399999999581,175.0,0.0,454.4399999999581,183.72215101496963,213.43694980659055,23.86428711579288,198.64926079383972,454.66631305275865,454.48159183111363,0.22631305280048186,0.04159183115559258
std,0.4512765761772156,0.49953528503535666,0.00022740102168715935,0.0,0.0,0.00022740102168715935,45.787911773087146,29.934662405698692,7.659393988325914,37.392992625836236,4.25449781566782,1.3747979934333179,4.254497809585145,1.3747979746032488
min,0.0,False,454.44,175.0,0.0,454.44,175.0,205.53135999999998,0.1711696779818177,190.26567999999997,454.44,454.44,0.0,0.0
25%,0.0,0.0,454.44,175.0,0.0,454.44,175.0,207.65024,23.08720611136823,191.32512,454.44,454.44,0.0,0.0
50%,0.0,1.0,454.44,175.0,0.0,454.44,175.0,209.76912,24.585480527888613,192.38456,454.44,454.44,0.0,0.0
75%,1.0,1.0,454.44,175.0,0.0,454.44,175.0,209.76912,24.585480527888613,192.38456,454.44,454.44,0.0,0.0
max,1.0,True,454.44,175.0,0.0,454.44,620.0618375466667,519.1256,89.35199103495138,556.8804387733333,620.0618375466667,519.1256,165.62183754666665,64.68559999999997
