,per_hour_hood_data_count,occupancy,min_lab_cfm,min_hood_cfm,min_additional_hood_cfm,min_possible_lab_cfm,calc_hood_cfm,stream_hood_cfm,stream_and_calc_hood_cfm_std,stream_and_calc_hood_cfm_mean,calc_total_lab_cfm,stream_total_lab_cfm,calc_excess_cfm,stream_excess_cfm
count,4796.0,4796,4796.0,4796.0,4796.0,4796.0,1365.0,1373.0,1365.0,1373.0,4796.0,4796.0,4796.0,4796.0
mean,0.2846121768140117,0.50875729774812339,454.4399999999581,175.0,0.0,454.4399999999581,179.89646903593538,213.43694980659055,24.05812914447316,196.74756527257904,454.4407197285853,454.48159183111363,0.0007197286271893336,0.04159183115559258
std,0.4512765761772156,0.49997543078208423,0.00022740102168715935,0.0,0.0,0.00022740102168715935,30.76911782663432,29.934662405698692,4.905284386970568,29.995796891482403,0.04984400009465669,1.3747979934333179,0.04984348089201698,1.3747979746032488
min,0.0,False,454.44,175.0,0.0,454.44,175.0,205.53135999999998,1.9417340773401952,190.26567999999997,454.44,454.44,0.0,0.0
25%,0.0,0.0,454.44,175.0,0.0,454.44,175.0,207.65024,23.08720611136823,191.32512,454.44,454.44,0.0,0.0
50%,0.0,1.0,454.44,175.0,0.0,454.44,175.0,209.76912,24.585480527888613,192.38456,454.44,454.44,0.0,0.0
75%,1.0,1.0,454.44,175.0,0.0,454.44,175.0,209.76912,24.585480527888613,192.38456,454.44,454.44,0.0,0.0
max,1.0,True,454.44,175.0,0.0,454.44,457.89181849600004,519.1256,97.6385787357723,475.795429248,457.89181849600004,519.1256,3.451818496000044,64.68559999999997
