,per_hour_hood_data_count,occupancy,min_lab_cfm,min_hood_cfm,min_additional_hood_cfm,min_possible_lab_cfm,calc_hood_cfm,stream_hood_cfm,stream_and_calc_hood_cfm_std,stream_and_calc_hood_cfm_mean,calc_total_lab_cfm,stream_total_lab_cfm,calc_excess_cfm,stream_excess_cfm
count,4796.0,4796,4796.0,4796.0,4796.0,4796.0,1365.0,1373.0,1365.0,1373.0,4796.0,4796.0,4796.0,4796.0
mean,0.2846121768140117,0.51647206005004165,454.4399999999581,175.0,0.0,454.4399999999581,179.84656085606682,213.43694980659055,24.025758430611162,196.72275658156644,454.4446977990129,454.48159183111363,0.0046977990547678655,0.04159183115559258
std,0.4512765761772156,0.49978070420467152,0.00022740102168715935,0.0,0.0,0.00022740102168715935,30.429047816248666,29.934662405698692,5.081731023600595,29.8351864424741,0.32533750324527855,1.3747979934333179,0.3253374238221877,1.3747979746032488
min,0.0,False,454.44,175.0,0.0,454.44,175.0,205.53135999999998,1.1848363136913567,190.26567999999997,454.44,454.44,0.0,0.0
25%,0.0,0.0,454.44,175.0,0.0,454.44,175.0,207.65024,23.08720611136823,191.32512,454.44,454.44,0.0,0.0
50%,0.0,1.0,454.44,175.0,0.0,454.44,175.0,209.76912,24.585480527888613,192.38456,454.44,454.44,0.0,0.0
75%,1.0,1.0,454.44,175.0,0.0,454.44,175.0,209.76912,24.585480527888613,192.38456,454.44,454.44,0.0,0.0
max,1.0,True,454.44,175.0,0.0,454.44,476.9706442666667,519.1256,99.90411110340152,485.3348421333333,476.9706442666667,519.1256,22.530644266666684,64.68559999999997
