,per_hour_hood_data_count,occupancy,min_lab_cfm,min_hood_cfm,min_additional_hood_cfm,min_possible_lab_cfm,calc_hood_cfm,stream_hood_cfm,stream_and_calc_hood_cfm_std,stream_and_calc_hood_cfm_mean,calc_total_lab_cfm,stream_total_lab_cfm,calc_excess_cfm,stream_excess_cfm
count,1365.0,1365,1365.0,1365.0,1365.0,1365.0,1365.0,1365.0,1365.0,1365.0,1365.0,1365.0,1365.0,1365.0
mean,1.0,0.52454212454212457,454.4399999999932,175.0,0.0,454.4399999999932,183.72215101496963,213.47086458933978,23.86428711579288,198.5965078021553,455.235162931298,454.5861351078483,0.7951629313048432,0.1461351078551077
std,0.0,0.49958035089451014,9.371970126171279e-05,0.0,0.0,9.371970126171279e-05,45.787911773087146,30.018809469647014,7.659393988325914,37.49594067119935,7.948499729818431,2.5746948991512433,7.948499729268568,2.574694897450129
min,1.0,False,454.44,175.0,0.0,454.44,175.0,205.53135999999998,0.1711696779818177,190.26567999999997,454.44,454.44,0.0,0.0
25%,1.0,False,454.44,175.0,0.0,454.44,175.0,207.65024,23.08720611136823,191.32512,454.44,454.44,0.0,0.0
50%,1.0,1.0,454.44,175.0,0.0,454.44,175.0,209.76912,24.585480527888613,192.38456,454.44,454.44,0.0,0.0
75%,1.0,True,454.44,175.0,0.0,454.44,175.0,209.76912,24.585480527888613,192.38456,454.44,454.44,0.0,0.0
max,1.0,True,454.44,175.0,0.0,454.44,620.0618375466667,519.1256,89.35199103495138,556.8804387733333,620.0618375466667,519.1256,165.62183754666665,64.68559999999997
