,per_hour_hood_data_count,occupancy,min_lab_cfm,min_hood_cfm,min_additional_hood_cfm,min_possible_lab_cfm,calc_hood_cfm,stream_hood_cfm,stream_and_calc_hood_cfm_std,stream_and_calc_hood_cfm_mean,calc_total_lab_cfm,stream_total_lab_cfm,calc_excess_cfm,stream_excess_cfm
count,1365.0,1365,1365.0,1365.0,1365.0,1365.0,1365.0,1365.0,1365.0,1365.0,1365.0,1365.0,1365.0,1365.0
mean,1.0,0.5062271062271062,454.4399999999932,175.0,0.0,454.4399999999932,179.89646903593538,213.47086458933978,24.05812914447316,196.68366681263814,454.4425288047521,454.5861351078483,0.002528804758974391,0.1461351078551077
std,0.0,0.50014445830853427,9.371970126171279e-05,0.0,0.0,9.371970126171279e-05,30.76911782663432,30.018809469647014,4.905284386970568,30.0717561428708,0.09342903113306752,2.5746948991512433,0.09342898393860834,2.574694897450129
min,1.0,False,454.44,175.0,0.0,454.44,175.0,205.53135999999998,1.9417340773401952,190.26567999999997,454.44,454.44,0.0,0.0
25%,1.0,False,454.44,175.0,0.0,454.44,175.0,207.65024,23.08720611136823,191.32512,454.44,454.44,0.0,0.0
50%,1.0,1.0,454.44,175.0,0.0,454.44,175.0,209.76912,24.585480527888613,192.38456,454.44,454.44,0.0,0.0
75%,1.0,True,454.44,175.0,0.0,454.44,175.0,209.76912,24.585480527888613,192.38456,454.44,454.44,0.0,0.0
max,1.0,True,454.44,175.0,0.0,454.44,457.89181849600004,519.1256,97.6385787357723,475.795429248,457.89181849600004,519.1256,3.451818496000044,64.68559999999997
