,per_hour_hood_data_count,occupancy,min_lab_cfm,min_hood_cfm,min_additional_hood_cfm,min_possible_lab_cfm,calc_hood_cfm,stream_hood_cfm,stream_and_calc_hood_cfm_std,stream_and_calc_hood_cfm_mean,calc_total_lab_cfm,stream_total_lab_cfm,calc_excess_cfm,stream_excess_cfm
count,1365.0,1365,1365.0,1365.0,1365.0,1365.0,1365.0,1365.0,1365.0,1365.0,1365.0,1365.0,1365.0,1365.0
mean,1.0,0.5062271062271062,393.4689230769273,175.0,0.0,393.4689230769273,183.6037390211624,213.47086458933978,23.882255523556175,198.53730180525164,394.5591035366878,393.9472396157958,1.0901804597606837,0.47831653886853864
std,0.0,0.50014445830853427,61.757837711924054,0.0,0.0,61.757837711924054,45.296394700073144,30.018809469647014,7.277271709435936,37.252536284196104,62.91910171355117,61.92974214091994,12.198386870242569,7.434533396348738
min,1.0,False,330.96000000000004,175.0,0.0,330.96000000000004,175.0,205.53135999999998,0.17116967793931043,190.26567999999997,330.96000000000004,330.96000000000004,0.0,0.0
25%,1.0,False,330.96000000000004,175.0,0.0,330.96000000000004,175.0,207.65024,23.08720611136823,191.32512,330.96000000000004,330.96000000000004,0.0,0.0
50%,1.0,1.0,454.44,175.0,0.0,454.44,175.0,209.76912,24.585480527888613,192.38456,454.44,454.44,0.0,0.0
75%,1.0,True,454.44,175.0,0.0,454.44,175.0,209.76912,24.585480527888613,192.38456,454.44,454.44,0.0,0.0
max,1.0,True,454.44,175.0,0.0,454.44,614.0997044933333,519.1256,89.06204640595219,553.8993722466666,614.0997044933333,519.1256,283.1397044933333,162.73903999999993
