,percent_open,datastream_flow,occupancy,evacuation_cfm,datastream_and_calculated_cfm_std,datastream_and_calculated_cfm_mean
count,1860.0,1862.0,4813,1860.0,1860.0,1862.0
mean,67.7789213241411,387.39264741496527,0.45003116559318512,629.6567072969506,186.83237912851772,508.44312565493806
std,7.794378439951812,70.68646207211206,0.49754854049700359,74.4330202858109,54.207332689798754,32.17435976970127
min,26.914998999999998,320.6571733333333,False,238.64632446666667,1.0755312308358933,358.09072
25%,71.049995,359.94473999999997,False,633.4346223333333,191.70099166522505,500.1559775999999
50%,71.324997,360.20959999999997,0.0,653.4378209333333,206.85860760834322,510.4001346
75%,71.439995,362.32847999999996,True,673.8180956266666,221.48806083270813,521.06358572
max,71.83000200000001,599.6430399999999,True,696.1135611733333,253.7649511231705,640.1869890666667
