,percent_open,datastream_flow,occupancy,evacuation_cfm,datastream_and_calculated_cfm_std,datastream_and_calculated_cfm_mean
count,1860.0,1862.0,4813,1860.0,1860.0,1862.0
mean,67.7789213241411,387.39264741496527,0.45003116559318512,504.0857593709245,111.00304970867916,445.7250904394703
std,7.794378439951812,70.68646207211206,0.49754854049700359,59.83565028492932,36.75022544435045,29.444847817399395
min,26.914998999999998,320.6571733333333,False,193.75103283200005,3.23273263504236,358.09072
25%,71.049995,359.94473999999997,False,506.74769786666667,104.92865006257941,436.14574208
50%,71.324997,360.20959999999997,0.0,523.0429573973333,117.63823607576877,445.132612608
75%,71.439995,362.32847999999996,True,540.1856840426668,130.02095780459604,453.605284816
max,71.83000200000001,599.6430399999999,True,557.1238011733334,285.5107162813909,597.5241599999999
