,percent_open,datastream_flow,occupancy,evacuation_cfm,datastream_and_calculated_cfm_std,datastream_and_calculated_cfm_mean
count,1860.0,1862.0,4813,1860.0,1860.0,1862.0
mean,67.7789213241411,387.39264741496527,0.45169333056305838,629.4545419597466,186.8007983369617,508.34215156062976
std,7.794378439951812,70.68646207211206,0.49771270246698446,74.42891591174784,53.789276506351484,32.2311833309379
min,26.914998999999998,320.6571733333333,False,239.2836161333333,0.2734835131494712,358.09072
25%,71.049995,359.94473999999997,False,633.3902967583333,191.13476513466853,499.81999104
50%,71.324997,360.20959999999997,0.0,652.7518483733332,206.11483849077908,510.33924
75%,71.439995,362.32847999999996,True,673.4410195333334,221.48806083270813,521.56181643
max,71.83000200000001,599.6430399999999,True,697.22988608,254.67555023464587,644.19870304
