,percent_open,datastream_flow,occupancy,evacuation_cfm,datastream_and_calculated_cfm_std,datastream_and_calculated_cfm_mean
count,1860.0,1862.0,4813,1860.0,1860.0,1862.0
mean,67.7789213241411,387.39264741496527,0.45003116559318512,314.72914996513714,51.32712644882988,351.1484810155272
std,7.794378439951812,70.68646207211206,0.49754854049700359,35.54901219792601,68.2505104340538,28.682829227651126
min,26.914998999999998,320.6571733333333,False,175.0,7.386768286823527,296.5730266666667
25%,71.049995,359.94473999999997,False,316.71731116666666,16.85924723655328,340.1303888
50%,71.324997,360.20959999999997,0.0,326.3759241866666,24.911948032951685,345.57009307
75%,71.439995,362.32847999999996,True,336.7205097666667,32.64920205502433,351.4600145333333
max,71.83000200000001,599.6430399999999,True,348.61494304,300.2679731676703,597.5241599999999
