,per_hour_hood_data_count,occupancy,min_lab_cfm,min_hood_cfm,min_additional_hood_cfm,min_possible_lab_cfm,calc_hood_cfm,stream_hood_cfm,stream_and_calc_hood_cfm_std,stream_and_calc_hood_cfm_mean,calc_total_lab_cfm,stream_total_lab_cfm,calc_excess_cfm,stream_excess_cfm
count,1468.0,1468,1468.0,1468.0,1468.0,1468.0,1468.0,1468.0,1468.0,1468.0,1468.0,1468.0,1468.0,1468.0
mean,1.0,0.67506811989100812,543.2742506812042,263.0,0.0,513.2742506812039,283.1520396198468,227.6010420208928,39.735608108489004,255.37654082036272,516.6793759536382,514.8589870511706,3.4051252724343053,1.5847363699666954
std,0.0,0.46850899353136827,63.62352132148872,0.0,0.0,63.623521321495744,76.65103886900089,72.16584432124077,16.143231980332214,73.43943255840696,67.15245968665218,64.71613541588509,20.018818313117603,13.332333911343172
min,1.0,False,451.6,263.0,0.0,421.6,263.0,205.53135999999998,0.5329521424932971,234.26567999999997,421.6,421.6,0.0,0.0
25%,1.0,0.0,451.6,263.0,0.0,421.6,263.0,209.76912,37.63991621652742,236.38456,421.6,421.6,0.0,0.0
50%,1.0,1.0,587.4,263.0,0.0,557.4,263.0,209.76912,37.63991621652742,236.38456,557.4,557.4,0.0,0.0
75%,1.0,1.0,587.4,263.0,0.0,557.4,263.0,209.76912000000002,39.13819063304751,236.38456000000002,557.4,557.4,0.0,0.0
max,1.0,True,587.4,263.0,0.0,557.4,814.5533389155555,627.1884799999999,174.76057596935846,694.7380561244444,814.5533389155555,627.1884799999999,257.15333891555554,205.5884799999999
