,per_hour_hood_data_count,occupancy,min_lab_cfm,min_hood_cfm,min_additional_hood_cfm,min_possible_lab_cfm,calc_hood_cfm,stream_hood_cfm,stream_and_calc_hood_cfm_std,stream_and_calc_hood_cfm_mean,calc_total_lab_cfm,stream_total_lab_cfm,calc_excess_cfm,stream_excess_cfm
count,1468.0,1468,1468.0,1468.0,1468.0,1468.0,1468.0,1468.0,1468.0,1468.0,1468.0,1468.0,1468.0,1468.0
mean,1.0,0.68596730245231607,544.7543596730302,263.0,0.0,514.75435967303,268.59266288258385,227.6010420208928,41.243787302721366,248.096852451732,514.7589059851146,516.0379328913165,0.004546312084468595,1.2835732182864052
std,0.0,0.46428763035620968,63.050260202296414,0.0,0.0,63.0502602023035,25.771945558754332,72.16584432124077,19.91082234058396,48.0321823265432,63.04377890513066,64.26142609101225,0.17418962035625846,10.66132024306129
min,1.0,False,451.6,263.0,0.0,421.6,263.0,205.53135999999998,0.1915128007464092,234.26567999999997,421.6,421.6,0.0,0.0
25%,1.0,0.0,451.6,263.0,0.0,421.6,263.0,209.76912,37.63991621652742,236.38456,421.6,421.6,0.0,0.0
50%,1.0,1.0,587.4,263.0,0.0,557.4,263.0,209.76912,37.63991621652742,236.38456,557.4,557.4,0.0,0.0
75%,1.0,1.0,587.4,263.0,0.0,557.4,263.0,209.76912000000002,39.13819063304751,236.38456000000002,557.4,557.4,0.0,0.0
max,1.0,True,587.4,263.0,0.0,557.4,519.4855477777777,627.1884799999999,184.87668007247072,547.2041605555555,557.4,627.1884799999999,6.673986139999897,192.16890666666666
