,per_hour_hood_data_count,occupancy,min_lab_cfm,min_hood_cfm,min_additional_hood_cfm,min_possible_lab_cfm,calc_hood_cfm,stream_hood_cfm,stream_and_calc_hood_cfm_std,stream_and_calc_hood_cfm_mean,calc_total_lab_cfm,stream_total_lab_cfm,calc_excess_cfm,stream_excess_cfm
count,1468.0,1468,1468.0,1468.0,1468.0,1468.0,1468.0,1468.0,1468.0,1468.0,1468.0,1468.0,1468.0,1468.0
mean,1.0,0.6607629427792916,587.400000000015,263.0,0.0,557.4000000000145,283.4073169633928,227.6010420208928,39.84260864914207,255.50417949213565,560.1433464506509,558.4985595943227,2.7433464506365457,1.0985595943082036
std,0.0,0.47361173406590429,0.0001546972674683401,0.0,0.0,0.00014894341817698272,77.17010871142277,72.16584432124077,16.59728667585189,73.67964748919506,16.001360376254546,8.38011607704934,16.00136037694698,8.380116078380127
min,1.0,False,587.4,263.0,0.0,557.4,263.0,205.53135999999998,0.5494088903562363,234.26567999999997,557.4,557.4,0.0,0.0
25%,1.0,0.0,587.4,263.0,0.0,557.4,263.0,209.76912,37.63991621652742,236.38456,557.4,557.4,0.0,0.0
50%,1.0,1.0,587.4,263.0,0.0,557.4,263.0,209.76912,37.63991621652742,236.38456,557.4,557.4,0.0,0.0
75%,1.0,1.0,587.4,263.0,0.0,557.4,263.0,209.76912000000002,39.13819063304751,236.38456000000002,557.4,557.4,0.0,0.0
max,1.0,True,587.4,263.0,0.0,557.4,806.2415701511111,627.1884799999999,176.80395309773988,690.5821717422222,806.2415701511111,627.1884799999999,248.8415701511111,69.78847999999994
