,per_hour_hood_data_count,occupancy,min_lab_cfm,min_hood_cfm,min_additional_hood_cfm,min_possible_lab_cfm,calc_hood_cfm,stream_hood_cfm,stream_and_calc_hood_cfm_std,stream_and_calc_hood_cfm_mean,calc_total_lab_cfm,stream_total_lab_cfm,calc_excess_cfm,stream_excess_cfm
count,1468.0,1468,1468.0,1468.0,1468.0,1468.0,1468.0,1468.0,1468.0,1468.0,1468.0,1468.0,1468.0,1468.0
mean,1.0,0.67506811989100812,587.400000000015,263.0,0.0,557.4000000000145,287.6670061468552,227.6010420208928,44.846771937300126,257.63402408386673,564.0301644212911,558.4985595943227,6.630164421276681,1.0985595943082036
std,0.0,0.46850899353136827,0.0001546972674683401,0.0,0.0,0.00014894341817698272,95.96008820891772,72.16584432124077,29.114000304433986,81.73496308677625,38.02534768134403,8.38011607704934,38.02534768164201,8.380116078380127
min,1.0,False,587.4,263.0,0.0,557.4,263.0,205.53135999999998,4.8443539882424425,234.26567999999997,557.4,557.4,0.0,0.0
25%,1.0,0.0,587.4,263.0,0.0,557.4,263.0,209.76912,37.63991621652742,236.38456,557.4,557.4,0.0,0.0
50%,1.0,1.0,587.4,263.0,0.0,557.4,263.0,209.76912,37.63991621652742,236.38456,557.4,557.4,0.0,0.0
75%,1.0,1.0,587.4,263.0,0.0,557.4,263.0,209.76912000000002,39.13819063304788,236.38456000000002,557.4,557.4,0.0,0.0
max,1.0,True,587.4,263.0,0.0,557.4,853.3489905733335,627.1884799999999,281.65878773754457,737.7270254399999,853.3489905733335,627.1884799999999,295.9489905733335,69.78847999999994
