,per_hour_hood_data_count,occupancy,min_lab_cfm,min_hood_cfm,min_additional_hood_cfm,min_possible_lab_cfm,calc_hood_cfm,stream_hood_cfm,stream_and_calc_hood_cfm_std,stream_and_calc_hood_cfm_mean,calc_total_lab_cfm,stream_total_lab_cfm,calc_excess_cfm,stream_excess_cfm
count,1468.0,1468,1468.0,1468.0,1468.0,1468.0,1468.0,1468.0,1468.0,1468.0,1468.0,1468.0,1468.0,1468.0
mean,1.0,0.66485013623978206,587.400000000015,263.0,0.0,557.4000000000145,268.59202118067407,227.6010420208928,41.236073300429545,248.09653160077715,557.4000000000145,558.4985595943227,0.0,1.0985595943082036
std,0.0,0.47220368889969405,0.0001546972674683401,0.0,0.0,0.00014894341817698272,25.751950938573174,72.16584432124077,19.833025172957356,48.04608827752078,0.00014894341817698272,8.38011607704934,0.0,8.380116078380127
min,1.0,False,587.4,263.0,0.0,557.4,263.0,205.53135999999998,0.1915128007464092,234.26567999999997,557.4,557.4,0.0,0.0
25%,1.0,0.0,587.4,263.0,0.0,557.4,263.0,209.76912,37.63991621652742,236.38456,557.4,557.4,0.0,0.0
50%,1.0,1.0,587.4,263.0,0.0,557.4,263.0,209.76912,37.63991621652742,236.38456,557.4,557.4,0.0,0.0
75%,1.0,1.0,587.4,263.0,0.0,557.4,263.0,209.76912000000002,39.13819063304751,236.38456000000002,557.4,557.4,0.0,0.0
max,1.0,True,587.4,263.0,0.0,557.4,529.8752587333332,627.1884799999999,181.4167798646673,552.3990160333333,557.4,627.1884799999999,0.0,69.78847999999994
