,per_hour_hood_data_count,occupancy,min_lab_cfm,min_hood_cfm,min_additional_hood_cfm,min_possible_lab_cfm,calc_hood_cfm,stream_hood_cfm,stream_and_calc_hood_cfm_std,stream_and_calc_hood_cfm_mean,calc_total_lab_cfm,stream_total_lab_cfm,calc_excess_cfm,stream_excess_cfm
count,4794.0,4794,4794.0,4794.0,4794.0,4794.0,1468.0,1473.0,1468.0,1473.0,4794.0,4794.0,4794.0,4794.0
mean,0.30621610346266165,0.67563621193158119,587.3999999999477,263.0,0.0,557.3999999999498,283.4073169633928,227.86704755374794,39.84260864914207,255.67546969073655,558.2400568605118,557.7509541018364,0.8400568605620462,0.35095410188661713
std,0.46096868227839494,0.46818548075351668,0.00023005789788420417,0.0,0.0,0.00021772724812529329,77.17010871142277,72.80712895828597,16.59728667585189,74.22089121306418,8.94241557034881,4.770415316618139,8.942415567675578,4.7704153116378025
min,0.0,False,587.4,263.0,0.0,557.4,263.0,205.53135999999998,0.5494088903562363,207.65024,557.4,557.4,0.0,0.0
25%,0.0,0.0,587.4,263.0,0.0,557.4,263.0,209.76912,37.63991621652742,236.38456,557.4,557.4,0.0,0.0
50%,0.0,1.0,587.4,263.0,0.0,557.4,263.0,209.76912,37.63991621652742,236.38456,557.4,557.4,0.0,0.0
75%,1.0,1.0,587.4,263.0,0.0,557.4,263.0,209.76912000000002,39.13819063304751,236.38456000000002,557.4,557.4,0.0,0.0
max,1.0,True,587.4,263.0,0.0,557.4,806.2415701511111,627.1884799999999,176.80395309773988,690.5821717422222,806.2415701511111,627.1884799999999,248.8415701511111,69.78847999999994
