,per_hour_hood_data_count,occupancy,min_lab_cfm,min_hood_cfm,min_additional_hood_cfm,min_possible_lab_cfm,calc_hood_cfm,stream_hood_cfm,stream_and_calc_hood_cfm_std,stream_and_calc_hood_cfm_mean,calc_total_lab_cfm,stream_total_lab_cfm,calc_excess_cfm,stream_excess_cfm
count,4794.0,4794,4794.0,4794.0,4794.0,4794.0,1468.0,1473.0,1468.0,1473.0,4794.0,4794.0,4794.0,4794.0
mean,0.30621610346266165,0.67793074676679177,587.3999999999477,263.0,0.0,557.3999999999498,295.69450748484155,227.86704755374794,48.14935118405218,261.798210928172,560.2632713265904,557.7509541018364,2.8632713266408825,0.35095410188661713
std,0.46096868227839494,0.46731809661440504,0.00023005789788420417,0.0,0.0,0.00021772724812529329,112.24392784606069,72.80712895828597,34.97105916254793,91.43396788246044,25.380308680892725,4.770415316618139,25.380308679943017,4.7704153116378025
min,0.0,False,587.4,263.0,0.0,557.4,263.0,205.53135999999998,34.51063808550204,207.65024,557.4,557.4,0.0,0.0
25%,0.0,0.0,587.4,263.0,0.0,557.4,263.0,209.76912,37.63991621652742,236.38456,557.4,557.4,0.0,0.0
50%,0.0,1.0,587.4,263.0,0.0,557.4,263.0,209.76912,37.63991621652742,236.38456,557.4,557.4,0.0,0.0
75%,1.0,1.0,587.4,263.0,0.0,557.4,263.0,209.76912000000002,39.13819063304788,236.38456000000002,557.4,557.4,0.0,0.0
max,1.0,True,587.4,263.0,0.0,557.4,1007.8019626888887,627.1884799999999,306.0918102278489,791.3623680111109,1007.8019626888887,627.1884799999999,450.4019626888887,69.78847999999994
