,per_hour_hood_data_count,occupancy,min_lab_cfm,min_hood_cfm,min_additional_hood_cfm,min_possible_lab_cfm,calc_hood_cfm,stream_hood_cfm,stream_and_calc_hood_cfm_std,stream_and_calc_hood_cfm_mean,calc_total_lab_cfm,stream_total_lab_cfm,calc_excess_cfm,stream_excess_cfm
count,4794.0,4794,4794.0,4794.0,4794.0,4794.0,1468.0,1473.0,1468.0,1473.0,4794.0,4794.0,4794.0,4794.0
mean,0.30621610346266165,0.67521902377972465,587.3999999999477,263.0,0.0,557.3999999999498,287.6670061468552,227.86704755374794,44.846771937300126,257.79808466742446,559.4302631143496,557.7509541018364,2.0302631144001184,0.35095410188661713
std,0.46096868227839494,0.46834180634937395,0.00023005789788420417,0.0,0.0,0.00021772724812529329,95.96008820891772,72.80712895828597,29.114000304433986,82.19300274708546,21.257888265879185,4.770415316618139,21.257888264744537,4.7704153116378025
min,0.0,False,587.4,263.0,0.0,557.4,263.0,205.53135999999998,4.8443539882424425,207.65024,557.4,557.4,0.0,0.0
25%,0.0,0.0,587.4,263.0,0.0,557.4,263.0,209.76912,37.63991621652742,236.38456,557.4,557.4,0.0,0.0
50%,0.0,1.0,587.4,263.0,0.0,557.4,263.0,209.76912,37.63991621652742,236.38456,557.4,557.4,0.0,0.0
75%,1.0,1.0,587.4,263.0,0.0,557.4,263.0,209.76912000000002,39.13819063304788,236.38456000000002,557.4,557.4,0.0,0.0
max,1.0,True,587.4,263.0,0.0,557.4,853.3489905733335,627.1884799999999,281.65878773754457,737.7270254399999,853.3489905733335,627.1884799999999,295.9489905733335,69.78847999999994
