,per_hour_hood_data_count,occupancy,min_lab_cfm,min_hood_cfm,min_additional_hood_cfm,min_possible_lab_cfm,calc_hood_cfm,stream_hood_cfm,stream_and_calc_hood_cfm_std,stream_and_calc_hood_cfm_mean,calc_total_lab_cfm,stream_total_lab_cfm,calc_excess_cfm,stream_excess_cfm
count,1357.0,1357,1357.0,1357.0,1357.0,1357.0,1357.0,1357.0,1357.0,1357.0,1357.0,1357.0,1357.0,1357.0
mean,1.0,0.51658069270449525,259.760000000005,175.0,0.0,259.760000000005,211.63663298807282,599.5573774273294,274.3013889559321,405.5970052077018,264.9983583377938,599.5573774273294,5.238358337789238,339.797377427324
std,0.0,0.49990923543004423,6.0128194128759194e-05,0.0,0.0,6.0128194128759194e-05,43.75368103951617,0.5279665342837883,31.018027563404313,21.823672001415424,27.036890599937003,0.5279665342837883,27.036890599996294,0.5279665402365713
min,1.0,False,259.76,175.0,0.0,259.76,175.0,595.40528,81.22020953275054,386.26207999999997,259.76,595.40528,0.0,335.64527999999996
25%,1.0,False,259.76,175.0,0.0,259.76,186.02266223333336,599.6430399999999,263.5910078256781,392.83285111666663,259.76,599.6430399999999,0.0,339.88303999999994
50%,1.0,1.0,259.76,175.0,0.0,259.76,199.05946181333331,599.6430399999999,283.2553645677636,399.34121761999995,259.76,599.6430399999999,0.0,339.88303999999994
75%,1.0,True,259.76,175.0,0.0,259.76,226.86999066666667,599.6430399999999,292.4737739557515,413.3692953511111,259.76,599.6430399999999,0.0,339.88303999999994
max,1.0,True,259.76,175.0,0.0,259.76,484.5840759666667,601.7619199999999,300.2679731676703,542.1135579833333,484.5840759666667,601.7619199999999,224.82407596666673,342.0019199999999
