,per_hour_hood_data_count,occupancy,min_lab_cfm,min_hood_cfm,min_additional_hood_cfm,min_possible_lab_cfm,calc_hood_cfm,stream_hood_cfm,stream_and_calc_hood_cfm_std,stream_and_calc_hood_cfm_mean,calc_total_lab_cfm,stream_total_lab_cfm,calc_excess_cfm,stream_excess_cfm
count,4812.0,4812,4812.0,4812.0,4812.0,4812.0,1357.0,1361.0,1357.0,1361.0,4812.0,4812.0,4812.0,4812.0
mean,0.2820033250207814,0.50602660016625101,259.76000000000806,175.0,0.0,259.76000000000806,316.934625240063,599.5576291909521,202.6095558554752,458.6615694120714,280.1192118892248,355.8665198106645,20.35921188921775,96.10651981065641
std,0.4500217062010792,0.50001563654518433,1.862521905395819e-05,0.0,0.0,1.862521905395819e-05,108.53649524654298,0.527209950138359,69.15021187730468,54.703779368778086,59.89782350189206,153.053098883816,59.89782350188256,153.05309888387788
min,0.0,False,259.76,175.0,0.0,259.76,175.0,595.40528,7.653765151183484,386.26207999999997,259.76,259.76,0.0,0.0
25%,0.0,0.0,259.76,175.0,0.0,259.76,232.721150004,599.6430399999999,146.05562774177426,416.182095002,259.76,259.76,0.0,0.0
50%,0.0,1.0,259.76,175.0,0.0,259.76,278.43143428800005,599.6430399999999,227.13090459477482,439.03723714399996,259.76,259.76,0.0,0.0
75%,1.0,1.0,259.76,175.0,0.0,259.76,393.0891903866667,599.6430399999999,259.45295658195596,497.06505519333325,259.76,599.6430399999999,0.0,339.88303999999994
max,1.0,True,259.76,175.0,0.0,259.76,770.0,601.7619199999999,300.2679731676703,684.82152,770.0,601.7619199999999,510.24,342.0019199999999
