,per_hour_hood_data_count,occupancy,min_lab_cfm,min_hood_cfm,min_additional_hood_cfm,min_possible_lab_cfm,calc_hood_cfm,stream_hood_cfm,stream_and_calc_hood_cfm_std,stream_and_calc_hood_cfm_mean,calc_total_lab_cfm,stream_total_lab_cfm,calc_excess_cfm,stream_excess_cfm
count,1357.0,1357,1357.0,1357.0,1357.0,1357.0,1357.0,1357.0,1357.0,1357.0,1357.0,1357.0,1357.0,1357.0
mean,1.0,0.51215917464996319,230.52857774502877,175.0,0.0,230.52857774502877,331.28120941944354,599.5573774273294,192.54301212906623,465.41929342338733,333.22933751042245,599.5573774273294,102.70075976539546,369.02879968230684
std,0.0,0.50003640989723652,29.962181681026873,0.0,0.0,29.962181681026873,78.31034337614446,0.5279665342837883,44.54967903000364,39.118748201795725,76.04134106071757,0.5279665342837883,80.72042219874557,29.943823275859074
min,1.0,False,199.84,175.0,0.0,199.84,202.89024000000003,595.40528,27.27699603111419,400.2072,205.00368000000003,595.40528,0.0,335.64527999999996
25%,1.0,False,199.84,175.0,0.0,199.84,296.5427028355555,599.6430399999999,169.2248001004981,448.0928714177777,296.5427028355555,599.6430399999999,47.09684579200007,339.88303999999994
50%,1.0,1.0,259.76,175.0,0.0,259.76,317.5244722346667,599.6430399999999,199.1303016927502,458.58375611733334,317.5244722346667,599.6430399999999,97.26488157155558,340.94247999999993
75%,1.0,True,259.76,175.0,0.0,259.76,360.323032608,599.6430399999999,214.32430378890766,479.98303630399994,360.323032608,599.6430399999999,134.1174933333333,399.8030399999999
max,1.0,True,259.76,175.0,0.0,259.76,770.0,601.7619199999999,279.05216757911916,684.82152,770.0,601.7619199999999,570.16,401.9219199999999
