,percent_open,datastream_flow,occupancy,evacuation_cfm,datastream_and_calculated_cfm_std,datastream_and_calculated_cfm_mean
count,1929.0,1933.0,4812,1929.0,1929.0,1933.0
mean,58.51751427686255,598.1788576248852,0.41936824605153783,437.8832690468683,130.1106566978363,518.197881805562
std,22.35505927080029,1.1647968990857218,0.4935069737356837,161.26791184385394,94.4588492482511,80.63063655474535
min,18.18,595.40528,False,175.0,0.10675868062361835,385.20264
25%,43.814999,597.5241599999999,0.0,317.5244722346667,48.39748051806384,458.04769591466663
50%,59.035,598.0538799999999,0.0,452.7495389760001,104.65792389444334,526.196289488
75%,73.904999,599.6430399999999,1.0,551.8239925333335,198.1219348317554,575.4461542826666
max,102.470001,599.6430399999999,True,770.0,300.2679731676703,684.2918
