,percent_open,datastream_flow,occupancy,evacuation_cfm,datastream_and_calculated_cfm_std,datastream_and_calculated_cfm_mean
count,1929.0,1933.0,4812,1929.0,1929.0,1933.0
mean,58.51751427686255,598.1788576248852,0.41936824605153783,437.8646799933825,130.58058792145198,518.1886065121906
std,22.35505927080029,1.1647968990857218,0.4935069737356837,161.48230179236904,94.00510352042077,80.73924901500187
min,18.18,595.40528,False,175.0,0.2703440061352236,385.20264
25%,43.814999,597.5241599999999,0.0,316.9420722346667,48.7756386828307,457.757269248
50%,59.035,598.0538799999999,0.0,451.6343846186667,106.03856007082017,525.6387123093333
75%,73.904999,599.6430399999999,1.0,552.5788825386667,199.48795236550356,576.0926133333334
max,102.470001,599.6430399999999,True,770.0,300.2679731676703,684.82152
