,percent_open,datastream_flow,occupancy,evacuation_cfm,datastream_and_calculated_cfm_std,datastream_and_calculated_cfm_mean
count,1929.0,1933.0,4812,1929.0,1929.0,1933.0
mean,58.51751427686255,598.1788576248852,0.41936824605153783,283.45101149675713,222.54482405501696,441.14153808746516
std,22.35505927080029,1.1647968990857218,0.4935069737356837,87.21813334778273,61.684516793395595,44.15346037881944
min,18.18,595.40528,False,175.0,71.8531329710572,385.20264
25%,43.814999,597.5241599999999,0.0,197.30012605333337,178.70170198994373,398.03373426333326
50%,59.035,598.0538799999999,0.0,285.0119902933333,222.4777488194256,442.06265514666666
75%,73.904999,599.6430399999999,1.0,346.07580952,283.44405255692806,472.7331773333333
max,102.470001,599.6430399999999,True,497.3210715199999,300.2679731676703,599.6430399999999
