,percent_open,datastream_flow,occupancy,evacuation_cfm,datastream_and_calculated_cfm_std,datastream_and_calculated_cfm_mean
count,1929.0,1933.0,4812,1929.0,1929.0,1933.0
mean,58.51751427686255,598.1788576248852,0.41936824605153783,532.4809082515848,116.29147572236919,565.3988249058986
std,22.35505927080029,1.1647968990857218,0.4935069737356837,191.9595705149339,84.00467491108176,95.88536961645416
min,18.18,595.40528,False,175.0,0.3781759234013888,385.20264
25%,43.814999,597.5241599999999,0.0,396.9055902933334,45.464501791446224,498.27431514666665
50%,59.035,598.0538799999999,0.0,566.4073241866666,118.93286061483867,582.78998186
75%,73.904999,599.6430399999999,1.0,690.5033333333333,141.4469442255474,644.128182
max,102.470001,599.6430399999999,True,770.0,300.2679731676703,684.82152
