,percent_open,datastream_flow,occupancy,evacuation_cfm,datastream_and_calculated_cfm_std,datastream_and_calculated_cfm_mean
count,1929.0,1933.0,4812,1929.0,1929.0,1933.0
mean,58.51751427686255,598.1788576248852,0.41936824605153783,283.27059850774265,222.6723953029632,441.05151825926896
std,22.35505927080029,1.1647968990857218,0.4935069737356837,87.14859428397867,61.63584237590152,44.1195200433903
min,18.18,595.40528,False,175.0,71.28326147396463,385.20264
25%,43.814999,597.5241599999999,0.0,198.66558656,178.97822417660007,398.39893327999994
50%,59.035,598.0538799999999,0.0,282.27149038666664,223.9227416321832,440.8900732799999
75%,73.904999,599.6430399999999,1.0,345.30951961333335,282.35473344630174,472.23468
max,102.470001,599.6430399999999,True,497.0514418903703,300.2679731676703,599.6430399999999
