,description,base lab cfm,hood inc cfm,sash driven cfm,lab total cfm,savings cad
0,current operation,623.0,12.0,50.12547937164012,655.1254793716399,
1,reduced unoccupied ach,620.1331058020478,14.866894197952218,50.23217475339022,655.2321747533898,
2,reduced unoccupied face velocity,623.0,12.0,50.04861538876755,655.0486153887674,
3,sash reduced 20%,623.0,12.0,42.47907284124991,647.47907284125,00:0000:0000:0000:0000:0000:0000:00
4,sash reduced 50%,623.0,12.0,31.6740972526844,636.674097252685,00:0000:0000:0000:0000:0000:0000:0000:0000:0000:0000:0000:0000:0000:0000:0000:0000:0000:00
5,"reduced ach, sash reduced 20%",620.80204778157,14.197952218430034,42.706281920018206,647.7062819200181,00:0000:0000:0000:0000:0000:0000:00
6,"reduced ach, sash reduced 50%",621.0887372013652,13.911262798634812,31.753834783175957,636.7538347831762,00:0000:0000:0000:0000:0000:0000:0000:0000:0000:0000:0000:0000:0000:0000:0000:0000:0000:00
7,"all reduced (ach, face vel, sash 50%)",620.5153583617747,14.484641638225256,31.619318388276927,636.6193183882772,00:0000:0000:0000:0000:0000:0000:0000:0000:0000:0000:0000:0000:0000:0000:0000:0000:0000:00
