,per_hour_hood_data_count,occupancy,min_lab_cfm,min_hood_cfm,min_additional_hood_cfm,min_possible_lab_cfm,calc_hood_cfm,stream_hood_cfm,stream_and_calc_hood_cfm_std,stream_and_calc_hood_cfm_mean,calc_total_lab_cfm,stream_total_lab_cfm,calc_excess_cfm,stream_excess_cfm,description
0,2.0,0.9761092150170648,623.0,635.0,12.0,605.0,655.1254793716399,1048.3688871539787,294.5041810773625,851.7471832627865,655.1254793716399,1048.3688871539787,50.12547937164012,443.3688871539576,current operation
1,2.0,0.9744027303754266,620.1331058020478,635.0,14.866894197952218,605.0,655.2321747533898,1048.3688871539787,294.60913763289284,851.8005309536617,655.2321747533898,1048.3688871539787,50.23217475339022,443.3688871539576,reduced unoccupied ach
2,2.0,0.9744027303754266,623.0,635.0,12.0,605.0,655.0486153887674,1048.3688871539787,294.42293722414996,851.7087512713503,655.0486153887674,1048.3688871539787,50.04861538876755,443.3688871539576,reduced unoccupied face velocity
3,2.0,0.9778156996587031,623.0,635.0,12.0,605.0,647.47907284125,1048.3688871539787,291.51804117611886,847.9239799975917,647.47907284125,1048.3688871539787,42.47907284124991,443.3688871539576,sash reduced 20%
4,2.0,0.9726962457337884,623.0,635.0,12.0,605.0,636.674097252685,1048.3688871539787,291.1121777183638,842.5214922033089,636.674097252685,1048.3688871539787,31.6740972526844,443.3688871539576,sash reduced 50%
5,2.0,0.9803754266211604,620.80204778157,635.0,14.197952218430034,605.0,647.7062819200181,1048.3688871539787,291.5985966515788,848.0375845369755,647.7062819200181,1048.3688871539787,42.706281920018206,443.3688871539576,"reduced ach, sash reduced 20%"
6,2.0,0.9829351535836177,621.0887372013652,635.0,13.911262798634812,605.0,636.7538347831762,1048.3688871539787,291.0557947698381,842.5613609685549,636.7538347831762,1048.3688871539787,31.753834783175957,443.3688871539576,"reduced ach, sash reduced 50%"
7,2.0,0.9778156996587031,620.5153583617747,635.0,14.484641638225256,605.0,636.6193183882772,1048.3688871539787,291.1509122248521,842.4941027711055,636.6193183882772,1048.3688871539787,31.619318388276927,443.3688871539576,"all reduced (ach, face vel, sash 50%)"
