,per_hour_hood_data_count,occupancy,min_lab_cfm,min_hood_cfm,min_additional_hood_cfm,min_possible_lab_cfm,calc_hood_cfm,stream_hood_cfm,stream_and_calc_hood_cfm_std,stream_and_calc_hood_cfm_mean,calc_total_lab_cfm,stream_total_lab_cfm,calc_excess_cfm,stream_excess_cfm
count,4796.0,4796,4796.0,4796.0,4796.0,4796.0,1669.0,1673.0,1669.0,1673.0,4796.0,4796.0,4796.0,4796.0
mean,0.34799833194328605,0.67910758965804841,799.3555379483234,175.0,0.0,799.3555379483234,177.16800641698387,218.16395242478745,29.005431132673344,197.70305288601497,799.3555379483234,799.3555379483234,0.0,0.0
std,0.4763851509998504,0.46686820277907115,91.89833703495133,0.0,0.0,91.89833703495133,12.185522659832635,41.747075665758736,23.538694143294865,25.86986913676327,91.89833703495133,91.89833703495133,0.0,0.0
min,0.0,False,665.6800000000001,175.0,0.0,665.6800000000001,175.0,197.05584,15.595834028765381,186.02792,665.6800000000001,665.6800000000001,0.0,0.0
25%,0.0,0.0,665.6800000000001,175.0,0.0,665.6800000000001,175.0,207.65024,23.087206111367912,191.32512,665.6800000000001,665.6800000000001,0.0,0.0
50%,0.0,1.0,862.52,175.0,0.0,862.52,175.0,207.65024000000003,23.08720611136823,191.32512000000003,862.52,862.52,0.0,0.0
75%,1.0,1.0,862.52,175.0,0.0,862.52,175.0,209.76912,24.585480527888613,192.38456,862.52,862.52,0.0,0.0
max,1.0,True,862.52,175.0,0.0,862.52,392.2720714733333,633.54512,318.2472661659168,462.05547573666666,862.52,862.52,0.0,0.0
