,per_hour_hood_data_count,occupancy,min_lab_cfm,min_hood_cfm,min_additional_hood_cfm,min_possible_lab_cfm,calc_hood_cfm,stream_hood_cfm,stream_and_calc_hood_cfm_std,stream_and_calc_hood_cfm_mean,calc_total_lab_cfm,stream_total_lab_cfm,calc_excess_cfm,stream_excess_cfm
count,1680.0,1680,1680.0,1680.0,1680.0,1680.0,1680.0,1680.0,1680.0,1680.0,1680.0,1680.0,1680.0,1680.0
mean,1.0,0.53749999999999998,771.4815000000094,175.0,0.0,771.4815000000094,335.25346743996846,235.21868007804255,71.94691861493668,285.23607375900536,771.4815000000094,771.4815000000094,0.0,0.0
std,0.0,0.49874022356488207,98.17202560643477,0.0,0.0,98.17202560643477,59.76635663504829,48.336444759206536,24.48839683951589,50.67427836092056,98.17202560643477,98.17202560643477,0.0,0.0
min,1.0,False,665.6800000000001,175.0,0.0,665.6800000000001,202.07132446666665,203.41248,0.5592160013126021,204.86078223333334,665.6800000000001,665.6800000000001,0.0,0.0
25%,1.0,0.0,665.6800000000001,175.0,0.0,665.6800000000001,301.2454483733333,207.65024000000003,59.661009608585665,254.51644875999997,665.6800000000001,665.6800000000001,0.0,0.0
50%,1.0,1.0,862.52,175.0,0.0,862.52,334.7679817066666,214.00688,79.89402901100999,274.7075641866667,862.52,862.52,0.0,0.0
75%,1.0,1.0,862.52,175.0,0.0,862.52,360.59424856,243.6712,89.185649199277,301.33343104,862.52,862.52,0.0,0.0
max,1.0,True,862.52,175.0,0.0,862.52,524.0708570533333,629.30736,106.68882996720133,576.61233696,862.52,862.52,0.0,0.0
