,per_hour_hood_data_count,occupancy,min_lab_cfm,min_hood_cfm,min_additional_hood_cfm,min_possible_lab_cfm,calc_hood_cfm,stream_hood_cfm,stream_and_calc_hood_cfm_std,stream_and_calc_hood_cfm_mean,calc_total_lab_cfm,stream_total_lab_cfm,calc_excess_cfm,stream_excess_cfm
count,1669.0,1669,1669.0,1669.0,1669.0,1669.0,1669.0,1669.0,1669.0,1669.0,1669.0,1669.0,1669.0,1669.0
mean,1.0,0.6554823247453565,794.7051408028854,175.0,0.0,794.7051408028854,194.05982724954285,218.18788050729145,26.756874807691375,206.12385387841448,794.7051408028854,794.7051408028854,0.0,0.0
std,0.0,0.47535316716134718,93.56851742392536,0.0,0.0,93.56851742392536,62.96065669278203,41.7941470922697,15.202730435271254,50.272101764508164,93.56851742392536,93.56851742392536,0.0,0.0
min,1.0,False,665.6800000000001,175.0,0.0,665.6800000000001,175.0,197.05584,0.19848015946161038,186.55764,665.6800000000001,665.6800000000001,0.0,0.0
25%,1.0,False,665.6800000000001,175.0,0.0,665.6800000000001,175.0,207.65024,23.087206111367912,191.32512,665.6800000000001,665.6800000000001,0.0,0.0
50%,1.0,1.0,862.52,175.0,0.0,862.52,175.0,207.65024000000003,23.08720611136823,191.32512000000003,862.52,862.52,0.0,0.0
75%,1.0,True,862.52,175.0,0.0,862.52,175.0,209.76912,24.585480527888613,192.38456,862.52,862.52,0.0,0.0
max,1.0,True,862.52,175.0,0.0,862.52,770.0,633.54512,267.493215592238,650.91944,862.52,862.52,0.0,0.0
