,per_hour_hood_data_count,occupancy,min_lab_cfm,min_hood_cfm,min_additional_hood_cfm,min_possible_lab_cfm,calc_hood_cfm,stream_hood_cfm,stream_and_calc_hood_cfm_std,stream_and_calc_hood_cfm_mean,calc_total_lab_cfm,stream_total_lab_cfm,calc_excess_cfm,stream_excess_cfm
count,4796.0,4796,4796.0,4796.0,4796.0,4796.0,1680.0,1686.0,1680.0,1686.0,4796.0,4796.0,4796.0,4796.0
mean,0.3502919099249375,0.53169307756463724,862.520000000017,175.0,0.0,862.520000000017,268.2483088823102,235.14570674443146,28.75386134361772,251.60174956506353,862.520000000017,862.520000000017,0.0,0.0
std,0.47711104710242797,0.499046567966351,9.922208231433344e-05,0.0,0.0,9.922208231433344e-05,46.93104570621335,48.26712843271764,16.346503949753938,44.643211511605365,9.922208231433344e-05,9.922208231433344e-05,0.0,0.0
min,0.0,False,862.52,175.0,0.0,862.52,175.0,203.41248,0.04593365651524475,191.32512,862.52,862.52,0.0,0.0
25%,0.0,0.0,862.52,175.0,0.0,862.52,240.99635869866665,207.65024000000003,19.561845347869227,224.32329934933333,862.52,862.52,0.0,0.0
50%,0.0,1.0,862.52,175.0,0.0,862.52,268.02160000000003,214.00688,31.190701270970493,241.89481938666665,862.52,862.52,0.0,0.0
75%,1.0,1.0,862.52,175.0,0.0,862.52,288.5231944,243.6712,38.22366058298276,264.679858976,862.52,862.52,0.0,0.0
max,1.0,True,862.52,175.0,0.0,862.52,413.64250666666675,629.30736,168.5632548679446,518.175405792,862.52,862.52,0.0,0.0
