,per_hour_hood_data_count,occupancy,min_lab_cfm,min_hood_cfm,min_additional_hood_cfm,min_possible_lab_cfm,calc_hood_cfm,stream_hood_cfm,stream_and_calc_hood_cfm_std,stream_and_calc_hood_cfm_mean,calc_total_lab_cfm,stream_total_lab_cfm,calc_excess_cfm,stream_excess_cfm
count,1669.0,1669,1669.0,1669.0,1669.0,1669.0,1669.0,1669.0,1669.0,1669.0,1669.0,1669.0,1669.0,1669.0
mean,1.0,0.66387058118633913,862.5200000000143,175.0,0.0,862.5200000000143,177.08167080901637,218.18788050729145,29.06647962652503,197.63477565815106,862.5200000000143,862.5200000000143,0.0,0.0
std,0.0,0.4725253574746614,0.00018978954950595912,0.0,0.0,0.00018978954950595912,12.036489696531145,41.7941470922697,23.7217294665592,25.77699911260507,0.00018978954950595912,0.00018978954950595912,0.0,0.0
min,1.0,False,862.52,175.0,0.0,862.52,175.0,197.05584,15.595834028765381,186.02792,862.52,862.52,0.0,0.0
25%,1.0,False,862.52,175.0,0.0,862.52,175.0,207.65024,23.087206111367912,191.32512,862.52,862.52,0.0,0.0
50%,1.0,1.0,862.52,175.0,0.0,862.52,175.0,207.65024000000003,23.08720611136823,191.32512000000003,862.52,862.52,0.0,0.0
75%,1.0,True,862.52,175.0,0.0,862.52,175.0,209.76912,24.585480527888613,192.38456,862.52,862.52,0.0,0.0
max,1.0,True,862.52,175.0,0.0,862.52,373.2297379066666,633.54512,318.2472661659168,467.8535987866666,862.52,862.52,0.0,0.0
