,per_hour_hood_data_count,occupancy,min_lab_cfm,min_hood_cfm,min_additional_hood_cfm,min_possible_lab_cfm,calc_hood_cfm,stream_hood_cfm,stream_and_calc_hood_cfm_std,stream_and_calc_hood_cfm_mean,calc_total_lab_cfm,stream_total_lab_cfm,calc_excess_cfm,stream_excess_cfm
count,1669.0,1669,1669.0,1669.0,1669.0,1669.0,1669.0,1669.0,1669.0,1669.0,1669.0,1669.0,1669.0,1669.0
mean,1.0,0.66806470940683049,797.1818573996505,175.0,0.0,797.1818573996505,177.03756123787252,218.18788050729145,29.09766980339611,197.61272087257916,797.1818573996505,797.1818573996505,0.0,0.0
std,0.0,0.47104904165820433,92.72129335987128,0.0,0.0,92.72129335987128,11.619799306154151,41.7941470922697,23.81215854604822,25.63934059668427,92.72129335987128,92.72129335987128,0.0,0.0
min,1.0,False,665.6800000000001,175.0,0.0,665.6800000000001,175.0,197.05584,15.595834028765381,186.02792,665.6800000000001,665.6800000000001,0.0,0.0
25%,1.0,False,665.6800000000001,175.0,0.0,665.6800000000001,175.0,207.65024,23.087206111367912,191.32512,665.6800000000001,665.6800000000001,0.0,0.0
50%,1.0,1.0,862.52,175.0,0.0,862.52,175.0,207.65024000000003,23.08720611136823,191.32512000000003,862.52,862.52,0.0,0.0
75%,1.0,True,862.52,175.0,0.0,862.52,175.0,209.76912,24.585480527888613,192.38456,862.52,862.52,0.0,0.0
max,1.0,True,862.52,175.0,0.0,862.52,377.03820461999993,633.54512,318.2472661659168,454.43854231,862.52,862.52,0.0,0.0
