,per_hour_hood_data_count,occupancy,min_lab_cfm,min_hood_cfm,min_additional_hood_cfm,min_possible_lab_cfm,calc_hood_cfm,stream_hood_cfm,stream_and_calc_hood_cfm_std,stream_and_calc_hood_cfm_mean,calc_total_lab_cfm,stream_total_lab_cfm,calc_excess_cfm,stream_excess_cfm
count,1680.0,1680,1680.0,1680.0,1680.0,1680.0,1680.0,1680.0,1680.0,1680.0,1680.0,1680.0,1680.0,1680.0
mean,1.0,0.52500000000000002,862.5200000000143,175.0,0.0,862.5200000000143,334.9150725987191,235.21868007804255,71.65985864586779,285.0668763383811,862.5200000000143,862.5200000000143,0.0,0.0
std,0.0,0.4995232986641151,0.00018879111889085794,0.0,0.0,0.00018879111889085794,59.20932940751741,48.336444759206536,24.491833004261398,50.382329024238445,0.00018879111889085794,0.00018879111889085794,0.0,0.0
min,1.0,False,862.52,175.0,0.0,862.52,202.02699113333333,203.41248,0.03210527814330941,204.83861556666665,862.52,862.52,0.0,0.0
25%,1.0,0.0,862.52,175.0,0.0,862.52,298.7563833333333,207.65024000000003,60.15781944600591,253.97031761333332,862.52,862.52,0.0,0.0
50%,1.0,1.0,862.52,175.0,0.0,862.52,334.80882197,214.00688,79.50526361190211,274.68469923500004,862.52,862.52,0.0,0.0
75%,1.0,1.0,862.52,175.0,0.0,862.52,363.06256406,243.6712,89.1076536336838,301.33343104,862.52,862.52,0.0,0.0
max,1.0,True,862.52,175.0,0.0,862.52,518.98279048,629.30736,106.581529417008,574.09350372,862.52,862.52,0.0,0.0
