,per_hour_hood_data_count,occupancy,min_lab_cfm,min_hood_cfm,min_additional_hood_cfm,min_possible_lab_cfm,calc_hood_cfm,stream_hood_cfm,stream_and_calc_hood_cfm_std,stream_and_calc_hood_cfm_mean,calc_total_lab_cfm,stream_total_lab_cfm,calc_excess_cfm,stream_excess_cfm
count,1669.0,1669,1669.0,1669.0,1669.0,1669.0,1669.0,1669.0,1669.0,1669.0,1669.0,1669.0,1669.0,1669.0
mean,1.0,0.66626722588376275,862.5200000000143,175.0,0.0,862.5200000000143,194.03599812480584,218.18788050729145,26.73116338036039,206.11193931604592,862.5200000000143,862.5200000000143,0.0,0.0
std,0.0,0.47168688351224214,0.00018978954950595912,0.0,0.0,0.00018978954950595912,62.86382038442004,41.7941470922697,15.06953166238548,50.24125764455437,0.00018978954950595912,0.00018978954950595912,0.0,0.0
min,1.0,False,862.52,175.0,0.0,862.52,175.0,197.05584,0.4145248512952782,186.55764,862.52,862.52,0.0,0.0
25%,1.0,False,862.52,175.0,0.0,862.52,175.0,207.65024,23.087206111367912,191.32512,862.52,862.52,0.0,0.0
50%,1.0,1.0,862.52,175.0,0.0,862.52,175.0,207.65024000000003,23.08720611136823,191.32512000000003,862.52,862.52,0.0,0.0
75%,1.0,True,862.52,175.0,0.0,862.52,175.0,209.76912,24.585480527888613,192.38456,862.52,862.52,0.0,0.0
max,1.0,True,862.52,175.0,0.0,862.52,769.3102760933333,633.54512,256.80968065664683,650.5745780466666,862.52,862.52,0.0,0.0
