,per_hour_hood_data_count,occupancy,min_lab_cfm,min_hood_cfm,min_additional_hood_cfm,min_possible_lab_cfm,calc_hood_cfm,stream_hood_cfm,stream_and_calc_hood_cfm_std,stream_and_calc_hood_cfm_mean,calc_total_lab_cfm,stream_total_lab_cfm,calc_excess_cfm,stream_excess_cfm
count,1669.0,1669,1669.0,1669.0,1669.0,1669.0,1669.0,1669.0,1669.0,1669.0,1669.0,1669.0,1669.0,1669.0
mean,1.0,0.66986219292989813,797.5356740563312,175.0,0.0,797.5356740563312,186.25846938964875,218.18788050729145,24.77652631920569,202.22317494846732,797.5356740563312,797.5356740563312,0.0,0.0
std,0.0,0.47040346241143399,92.59421754093995,0.0,0.0,92.59421754093995,40.97579274232235,41.7941470922697,13.409178217708638,39.63436149764221,92.59421754093995,92.59421754093995,0.0,0.0
min,1.0,False,665.6800000000001,175.0,0.0,665.6800000000001,175.0,197.05584,0.03654327867245005,186.55764,665.6800000000001,665.6800000000001,0.0,0.0
25%,1.0,False,665.6800000000001,175.0,0.0,665.6800000000001,175.0,207.65024,22.15166510172032,191.32512,665.6800000000001,665.6800000000001,0.0,0.0
50%,1.0,1.0,862.52,175.0,0.0,862.52,175.0,207.65024000000003,23.08720611136823,191.32512000000003,862.52,862.52,0.0,0.0
75%,1.0,True,862.52,175.0,0.0,862.52,175.0,209.76912,24.585480527888613,192.38456,862.52,862.52,0.0,0.0
max,1.0,True,862.52,175.0,0.0,862.52,597.1675806506667,633.54512,303.8172343732483,564.5032303253333,862.52,862.52,0.0,0.0
