,per_hour_hood_data_count,occupancy,min_lab_cfm,min_hood_cfm,min_additional_hood_cfm,min_possible_lab_cfm,calc_hood_cfm,stream_hood_cfm,stream_and_calc_hood_cfm_std,stream_and_calc_hood_cfm_mean,calc_total_lab_cfm,stream_total_lab_cfm,calc_excess_cfm,stream_excess_cfm
count,4796.0,4796,4796.0,4796.0,4796.0,4796.0,1669.0,1673.0,1669.0,1673.0,4796.0,4796.0,4796.0,4796.0
mean,0.34799833194328605,0.67285237698081735,798.1242618849366,175.0,0.0,798.1242618849366,186.25846938964875,218.16395242478745,24.77652631920569,202.23741711236818,798.1242618849366,798.1242618849366,0.0,0.0
std,0.4763851509998504,0.4692205902910227,92.36138099281085,0.0,0.0,92.36138099281085,40.97579274232235,41.747075665758736,13.409178217708638,39.58808644705618,92.36138099281085,92.36138099281085,0.0,0.0
min,0.0,False,665.6800000000001,175.0,0.0,665.6800000000001,175.0,197.05584,0.03654327867245005,186.55764,665.6800000000001,665.6800000000001,0.0,0.0
25%,0.0,0.0,665.6800000000001,175.0,0.0,665.6800000000001,175.0,207.65024,22.15166510172032,191.32512,665.6800000000001,665.6800000000001,0.0,0.0
50%,0.0,1.0,862.52,175.0,0.0,862.52,175.0,207.65024000000003,23.08720611136823,191.32512000000003,862.52,862.52,0.0,0.0
75%,1.0,1.0,862.52,175.0,0.0,862.52,175.0,209.76912,24.585480527888613,192.38456,862.52,862.52,0.0,0.0
max,1.0,True,862.52,175.0,0.0,862.52,597.1675806506667,633.54512,303.8172343732483,564.5032303253333,862.52,862.52,0.0,0.0
