,per_hour_hood_data_count,occupancy,min_lab_cfm,min_hood_cfm,min_additional_hood_cfm,min_possible_lab_cfm,calc_hood_cfm,stream_hood_cfm,stream_and_calc_hood_cfm_std,stream_and_calc_hood_cfm_mean,calc_total_lab_cfm,stream_total_lab_cfm,calc_excess_cfm,stream_excess_cfm
count,1669.0,1669,1669.0,1669.0,1669.0,1669.0,1669.0,1669.0,1669.0,1669.0,1669.0,1669.0,1669.0,1669.0
mean,1.0,0.6614739364889155,862.5200000000143,175.0,0.0,862.5200000000143,186.46232502846422,218.18788050729145,24.871976294728743,202.32510276787497,862.5200000000143,862.5200000000143,0.0,0.0
std,0.0,0.47335020453870397,0.00018978954950595912,0.0,0.0,0.00018978954950595912,41.596371590503345,41.7941470922697,13.28904713554053,39.9060218311623,0.00018978954950595912,0.00018978954950595912,0.0,0.0
min,1.0,False,862.52,175.0,0.0,862.52,175.0,197.05584,0.11034637018031451,186.55764,862.52,862.52,0.0,0.0
25%,1.0,False,862.52,175.0,0.0,862.52,175.0,207.65024,22.491431448746127,191.32512,862.52,862.52,0.0,0.0
50%,1.0,1.0,862.52,175.0,0.0,862.52,175.0,207.65024000000003,23.08720611136823,191.32512000000003,862.52,862.52,0.0,0.0
75%,1.0,True,862.52,175.0,0.0,862.52,175.0,209.76912,24.585480527888613,192.38456,862.52,862.52,0.0,0.0
max,1.0,True,862.52,175.0,0.0,862.52,591.0740339093334,633.54512,306.66617702273936,561.4564569546667,862.52,862.52,0.0,0.0
