,per_hour_hood_data_count,occupancy,min_lab_cfm,min_hood_cfm,min_additional_hood_cfm,min_possible_lab_cfm,calc_hood_cfm,stream_hood_cfm,stream_and_calc_hood_cfm_std,stream_and_calc_hood_cfm_mean,calc_total_lab_cfm,stream_total_lab_cfm,calc_excess_cfm,stream_excess_cfm
count,4796.0,4796,4796.0,4796.0,4796.0,4796.0,1669.0,1673.0,1669.0,1673.0,4796.0,4796.0,4796.0,4796.0
mean,0.34799833194328605,0.67597998331943288,798.7398999166292,175.0,0.0,798.7398999166292,186.25303304396903,218.16395242478745,24.828524509548565,202.23470543844724,798.7398999166292,798.7398999166292,0.0,0.0
std,0.4763851509998504,0.46805632622692156,92.13220725443873,0.0,0.0,92.13220725443873,41.00819385244339,41.747075665758736,13.411504514131424,39.58926396841346,92.13220725443873,92.13220725443873,0.0,0.0
min,0.0,False,665.6800000000001,175.0,0.0,665.6800000000001,175.0,197.05584,0.11034637018031451,186.55764,665.6800000000001,665.6800000000001,0.0,0.0
25%,0.0,0.0,665.6800000000001,175.0,0.0,665.6800000000001,175.0,207.65024,22.213212701731372,191.32512,665.6800000000001,665.6800000000001,0.0,0.0
50%,0.0,1.0,862.52,175.0,0.0,862.52,175.0,207.65024000000003,23.08720611136823,191.32512000000003,862.52,862.52,0.0,0.0
75%,1.0,1.0,862.52,175.0,0.0,862.52,175.0,209.76912,24.585480527888613,192.38456,862.52,862.52,0.0,0.0
max,1.0,True,862.52,175.0,0.0,862.52,603.2611273919999,633.54512,298.1193490742664,567.550003696,862.52,862.52,0.0,0.0
