,per_hour_hood_data_count,occupancy,min_lab_cfm,min_hood_cfm,min_additional_hood_cfm,min_possible_lab_cfm,calc_hood_cfm,stream_hood_cfm,stream_and_calc_hood_cfm_std,stream_and_calc_hood_cfm_mean,calc_total_lab_cfm,stream_total_lab_cfm,calc_excess_cfm,stream_excess_cfm
count,1680.0,1680,1680.0,1680.0,1680.0,1680.0,1680.0,1680.0,1680.0,1680.0,1680.0,1680.0,1680.0,1680.0
mean,1.0,0.53809523809523807,771.5986666666766,175.0,0.0,771.5986666666766,183.28956409095886,235.21868007804255,36.71943005548921,209.2541220845008,771.5986666666766,771.5986666666766,0.0,0.0
std,0.0,0.49869508382982503,98.16314030098188,0.0,0.0,98.16314030098188,16.732611146307324,48.336444759206536,24.71152498893993,31.668065148143036,98.16314030098188,98.16314030098188,0.0,0.0
min,1.0,False,665.6800000000001,175.0,0.0,665.6800000000001,175.0,203.41248,20.090657278327676,189.20623999999998,665.6800000000001,665.6800000000001,0.0,0.0
25%,1.0,0.0,665.6800000000001,175.0,0.0,665.6800000000001,175.0,207.65024000000003,23.08720611136823,191.32512000000003,665.6800000000001,665.6800000000001,0.0,0.0
50%,1.0,1.0,862.52,175.0,0.0,862.52,175.0,214.00688,27.58202936092981,194.50344,862.52,862.52,0.0,0.0
75%,1.0,1.0,862.52,175.0,0.0,862.52,182.13136084500002,243.6712,39.61089319918538,211.98416214,862.52,862.52,0.0,0.0
max,1.0,True,862.52,175.0,0.0,862.52,259.43982372,629.30736,268.6601793030777,444.37359186000003,862.52,862.52,0.0,0.0
