,per_hour_hood_data_count,occupancy,min_lab_cfm,min_hood_cfm,min_additional_hood_cfm,min_possible_lab_cfm,calc_hood_cfm,stream_hood_cfm,stream_and_calc_hood_cfm_std,stream_and_calc_hood_cfm_mean,calc_total_lab_cfm,stream_total_lab_cfm,calc_excess_cfm,stream_excess_cfm
count,1680.0,1680,1680.0,1680.0,1680.0,1680.0,1680.0,1680.0,1680.0,1680.0,1680.0,1680.0,1680.0,1680.0
mean,1.0,0.53630952380952379,775.2308333333425,175.0,0.0,775.2308333333425,183.32095771054273,235.21868007804255,36.697231414195294,209.2698188942932,775.2308333333425,775.2308333333425,0.0,0.0
std,0.0,0.49882835867269248,97.81766897545519,0.0,0.0,97.81766897545519,16.917744929777133,48.336444759206536,24.51622041394107,31.79289953813083,97.81766897545519,97.81766897545519,0.0,0.0
min,1.0,False,665.6800000000001,175.0,0.0,665.6800000000001,175.0,203.41248,20.090657278327676,189.20623999999998,665.6800000000001,665.6800000000001,0.0,0.0
25%,1.0,0.0,665.6800000000001,175.0,0.0,665.6800000000001,175.0,207.65024000000003,23.08720611136823,191.32512000000003,665.6800000000001,665.6800000000001,0.0,0.0
50%,1.0,1.0,862.52,175.0,0.0,862.52,175.0,214.00688,27.58202936092981,194.50344,862.52,862.52,0.0,0.0
75%,1.0,1.0,862.52,175.0,0.0,862.52,181.7190330938889,243.6712,39.738898717457936,211.47068416833332,862.52,862.52,0.0,0.0
max,1.0,True,862.52,175.0,0.0,862.52,261.95865696,629.30736,263.31692710903144,445.63300848,862.52,862.52,0.0,0.0
