,per_hour_hood_data_count,occupancy,min_lab_cfm,min_hood_cfm,min_additional_hood_cfm,min_possible_lab_cfm,calc_hood_cfm,stream_hood_cfm,stream_and_calc_hood_cfm_std,stream_and_calc_hood_cfm_mean,calc_total_lab_cfm,stream_total_lab_cfm,calc_excess_cfm,stream_excess_cfm
count,4796.0,4796,4796.0,4796.0,4796.0,4796.0,1669.0,1673.0,1669.0,1673.0,4796.0,4796.0,4796.0,4796.0
mean,0.34799833194328605,0.67597998331943288,798.7398999166293,175.0,0.0,798.7398999166293,177.03756123787252,218.16395242478745,29.09766980339611,197.637986238096,798.7398999166293,798.7398999166293,0.0,0.0
std,0.4763851509998504,0.46805632622692156,92.1322072544371,0.0,0.0,92.1322072544371,11.619799306154151,41.747075665758736,23.81215854604822,25.614000220645686,92.1322072544371,92.1322072544371,0.0,0.0
min,0.0,False,665.6800000000001,175.0,0.0,665.6800000000001,175.0,197.05584,15.595834028765381,186.02792,665.6800000000001,665.6800000000001,0.0,0.0
25%,0.0,0.0,665.6800000000001,175.0,0.0,665.6800000000001,175.0,207.65024,23.087206111367912,191.32512,665.6800000000001,665.6800000000001,0.0,0.0
50%,0.0,1.0,862.52,175.0,0.0,862.52,175.0,207.65024000000003,23.08720611136823,191.32512000000003,862.52,862.52,0.0,0.0
75%,1.0,1.0,862.52,175.0,0.0,862.52,175.0,209.76912,24.585480527888613,192.38456,862.52,862.52,0.0,0.0
max,1.0,True,862.52,175.0,0.0,862.52,377.03820461999993,633.54512,318.2472661659168,454.43854231,862.52,862.52,0.0,0.0
