,per_hour_hood_data_count,occupancy,min_lab_cfm,min_hood_cfm,min_additional_hood_cfm,min_possible_lab_cfm,calc_hood_cfm,stream_hood_cfm,stream_and_calc_hood_cfm_std,stream_and_calc_hood_cfm_mean,calc_total_lab_cfm,stream_total_lab_cfm,calc_excess_cfm,stream_excess_cfm
count,1680.0,1680,1680.0,1680.0,1680.0,1680.0,1680.0,1680.0,1680.0,1680.0,1680.0,1680.0,1680.0,1680.0
mean,1.0,0.53214285714285714,770.4270000000093,175.0,0.0,770.4270000000093,268.23455049084026,235.21868007804255,28.765775607262977,251.72661528444172,770.4270000000093,770.4270000000093,0.0,0.0
std,0.0,0.499114335141705,98.24566572921721,0.0,0.0,98.24566572921721,47.26782784595046,48.336444759206536,16.14980130820626,44.87331690135901,98.24566572921721,98.24566572921721,0.0,0.0
min,1.0,False,665.6800000000001,175.0,0.0,665.6800000000001,175.0,203.41248,0.11087434329970673,191.32512,665.6800000000001,665.6800000000001,0.0,0.0
25%,1.0,0.0,665.6800000000001,175.0,0.0,665.6800000000001,239.60271230933336,207.65024000000003,19.610842900886432,224.26181333333338,665.6800000000001,665.6800000000001,0.0,0.0
50%,1.0,1.0,862.52,175.0,0.0,862.52,268.02160000000003,214.00688,30.98236706376646,241.433982896,862.52,862.52,0.0,0.0
75%,1.0,1.0,862.52,175.0,0.0,862.52,290.450051248,243.6712,38.59474483642372,264.73199636000004,862.52,862.52,0.0,0.0
max,1.0,True,862.52,175.0,0.0,862.52,419.133851136,629.30736,151.46484784699686,524.220605568,862.52,862.52,0.0,0.0
