,per_hour_hood_data_count,occupancy,min_lab_cfm,min_hood_cfm,min_additional_hood_cfm,min_possible_lab_cfm,calc_hood_cfm,stream_hood_cfm,stream_and_calc_hood_cfm_std,stream_and_calc_hood_cfm_mean,calc_total_lab_cfm,stream_total_lab_cfm,calc_excess_cfm,stream_excess_cfm
count,4796.0,4796,4796.0,4796.0,4796.0,4796.0,1669.0,1673.0,1669.0,1673.0,4796.0,4796.0,4796.0,4796.0
mean,0.34799833194328605,0.67702251876563802,798.9451125938623,175.0,0.0,798.9451125938623,186.27312197583447,218.16395242478745,24.761343010863154,202.24472588892039,798.9451125938623,798.9451125938623,0.0,0.0
std,0.4763851509998504,0.46766294502529676,92.05477409868952,0.0,0.0,92.05477409868952,41.305992909074874,41.747075665758736,13.30107186697497,39.77877422917411,92.05477409868952,92.05477409868952,0.0,0.0
min,0.0,False,665.6800000000001,175.0,0.0,665.6800000000001,175.0,197.05584,0.11034637018031451,186.55764,665.6800000000001,665.6800000000001,0.0,0.0
25%,0.0,0.0,665.6800000000001,175.0,0.0,665.6800000000001,175.0,207.65024,21.963500298978015,191.32512,665.6800000000001,665.6800000000001,0.0,0.0
50%,0.0,1.0,862.52,175.0,0.0,862.52,175.0,207.65024000000003,23.08720611136823,191.32512000000003,862.52,862.52,0.0,0.0
75%,1.0,1.0,862.52,175.0,0.0,862.52,175.0,209.76912,24.585480527888613,192.38456,862.52,862.52,0.0,0.0
max,1.0,True,862.52,175.0,0.0,862.52,633.7288610986667,633.54512,302.39276304850296,582.7838705493334,862.52,862.52,0.0,0.0
