,per_hour_hood_data_count,occupancy,min_lab_cfm,min_hood_cfm,min_additional_hood_cfm,min_possible_lab_cfm,calc_hood_cfm,stream_hood_cfm,stream_and_calc_hood_cfm_std,stream_and_calc_hood_cfm_mean,calc_total_lab_cfm,stream_total_lab_cfm,calc_excess_cfm,stream_excess_cfm
count,1669.0,1669,1669.0,1669.0,1669.0,1669.0,1669.0,1669.0,1669.0,1669.0,1669.0,1669.0,1669.0,1669.0
mean,1.0,0.66626722588376275,796.8280407429697,175.0,0.0,796.8280407429697,186.25303304396903,218.18788050729145,24.828524509548565,202.22045677562747,796.8280407429697,796.8280407429697,0.0,0.0
std,0.0,0.47168688351224214,92.84684615042706,0.0,0.0,92.84684615042706,41.00819385244339,41.7941470922697,13.411504514131424,39.63553948715541,92.84684615042706,92.84684615042706,0.0,0.0
min,1.0,False,665.6800000000001,175.0,0.0,665.6800000000001,175.0,197.05584,0.11034637018031451,186.55764,665.6800000000001,665.6800000000001,0.0,0.0
25%,1.0,False,665.6800000000001,175.0,0.0,665.6800000000001,175.0,207.65024,22.213212701731372,191.32512,665.6800000000001,665.6800000000001,0.0,0.0
50%,1.0,1.0,862.52,175.0,0.0,862.52,175.0,207.65024000000003,23.08720611136823,191.32512000000003,862.52,862.52,0.0,0.0
75%,1.0,True,862.52,175.0,0.0,862.52,175.0,209.76912,24.585480527888613,192.38456,862.52,862.52,0.0,0.0
max,1.0,True,862.52,175.0,0.0,862.52,603.2611273919999,633.54512,298.1193490742664,567.550003696,862.52,862.52,0.0,0.0
