,per_hour_hood_data_count,occupancy,min_lab_cfm,min_hood_cfm,min_additional_hood_cfm,min_possible_lab_cfm,calc_hood_cfm,stream_hood_cfm,stream_and_calc_hood_cfm_std,stream_and_calc_hood_cfm_mean,calc_total_lab_cfm,stream_total_lab_cfm,calc_excess_cfm,stream_excess_cfm
count,1669.0,1669,1669.0,1669.0,1669.0,1669.0,1669.0,1669.0,1669.0,1669.0,1669.0,1669.0,1669.0,1669.0
mean,1.0,0.67645296584781311,798.8330017974924,175.0,0.0,798.8330017974924,177.06364962613327,218.18788050729145,29.079222527146694,197.6257650667096,798.8330017974924,798.8330017974924,0.0,0.0
std,0.0,0.46796961918815305,92.11513984087367,0.0,0.0,92.11513984087367,12.068225941827485,41.7941470922697,23.69844892846474,25.795118985384565,92.11513984087367,92.11513984087367,0.0,0.0
min,1.0,False,665.6800000000001,175.0,0.0,665.6800000000001,175.0,197.05584,15.595834028765381,186.02792,665.6800000000001,665.6800000000001,0.0,0.0
25%,1.0,False,665.6800000000001,175.0,0.0,665.6800000000001,175.0,207.65024,23.087206111367912,191.32512,665.6800000000001,665.6800000000001,0.0,0.0
50%,1.0,1.0,862.52,175.0,0.0,862.52,175.0,207.65024000000003,23.08720611136823,191.32512000000003,862.52,862.52,0.0,0.0
75%,1.0,True,862.52,175.0,0.0,862.52,175.0,209.76912,24.585480527888613,192.38456,862.52,862.52,0.0,0.0
max,1.0,True,862.52,175.0,0.0,862.52,392.2720714733333,633.54512,318.2472661659168,462.05547573666666,862.52,862.52,0.0,0.0
