,percent_open,datastream_flow,occupancy,evacuation_cfm,datastream_and_calculated_cfm_std,datastream_and_calculated_cfm_mean
count,1276.0,1282.0,4812,1276.0,1276.0,1282.0
mean,1.6100245366161612,599.2566308840334,0.56275976724854526,477.7940685977273,104.44086624667787,538.8100745413593
std,7.732900085635426,1.8188036218267551,0.4960971247233652,95.47429618861547,32.170573349314296,47.76423821135902
min,0.0,597.5241599999999,False,460.0,97.2442661129837,528.76208
25%,0.0,597.5241599999999,0.0,460.0,97.2442661129837,528.76208
50%,0.0,598.5835999999999,1.0,460.0,97.99340332124369,529.2918
75%,0.0,601.7619199999999,1.0,460.0,100.24081494602476,530.88096
max,42.759997999999996,601.7619199999999,True,1037.6426181333331,311.2107462714476,818.6428290666665
