,percent_open,datastream_flow,occupancy,evacuation_cfm,datastream_and_calculated_cfm_std,datastream_and_calculated_cfm_mean
count,1918.0,1922.0,4813,1918.0,1918.0,1922.0
mean,1.4204696986154541,449.09571567811713,0.56035736546852277,178.2559722852555,191.5124616072418,313.95778632061314
std,5.548356150778966,0.4359065195664378,0.49639519016136269,27.095642756339906,19.15931762029485,14.88039515632037
min,0.0,447.08367999999996,False,175.0,0.28210065579911103,311.04184
25%,0.0,449.20255999999995,False,175.0,193.8904895947111,312.10128
50%,0.0,449.20255999999995,1.0,175.0,193.8904895947111,312.10128
75%,0.0,449.20255999999995,True,175.0,193.8904895947111,312.10128
max,49.024998,451.32144,True,448.80360942666664,195.3887640112318,449.20255999999995
