,per_hour_hood_data_count,occupancy,min_lab_cfm,min_hood_cfm,min_additional_hood_cfm,min_possible_lab_cfm,calc_hood_cfm,stream_hood_cfm,stream_and_calc_hood_cfm_std,stream_and_calc_hood_cfm_mean,calc_total_lab_cfm,stream_total_lab_cfm,calc_excess_cfm,stream_excess_cfm
count,939.0,939,939.0,939.0,939.0,939.0,939.0,939.0,939.0,939.0,939.0,939.0,939.0,939.0
mean,2.0,0.7582534611288605,432.9000000000056,350.0,0.0,432.9000000000056,417.80218327281773,463.35434540054297,54.89886945985569,440.5782643366835,473.6327147734572,475.4465937995566,40.732714773451335,42.54659379955031
std,0.0,0.42836966639040114,8.786719687083527e-05,0.0,0.0,8.786719687083527e-05,120.22068771247393,99.0590343036167,29.021563244401126,106.1726214191437,92.21753055068305,93.4573404576813,92.21753055072725,93.45734045772649
min,2.0,False,432.90000000000003,350.0,0.0,432.90000000000003,350.0,408.94384,5.567556048065617,380.53135999999995,432.90000000000003,432.90000000000003,0.0,0.0
25%,2.0,1.0,432.90000000000003,350.0,0.0,432.90000000000003,350.0,417.41936,46.17441222273646,383.70968,432.90000000000003,432.90000000000003,0.0,0.0
50%,2.0,1.0,432.90000000000003,350.0,0.0,432.90000000000003,350.0,417.41936,47.67268663925684,383.70968000000005,432.90000000000003,432.90000000000003,0.0,0.0
75%,2.0,1.0,432.90000000000003,350.0,0.0,432.90000000000003,447.53948254400007,419.53824000000003,49.17096105577723,438.5108077333333,447.53948254400007,432.90000000000003,14.639482544000003,0.0
max,2.0,True,432.90000000000003,350.0,0.0,432.90000000000003,945.0,875.6565888888888,276.0104902409511,888.8599199999999,945.0,875.6565888888888,512.0999999999999,442.75658888888876
