,per_hour_hood_data_count,occupancy,min_lab_cfm,min_hood_cfm,min_additional_hood_cfm,min_possible_lab_cfm,calc_hood_cfm,stream_hood_cfm,stream_and_calc_hood_cfm_std,stream_and_calc_hood_cfm_mean,calc_total_lab_cfm,stream_total_lab_cfm,calc_excess_cfm,stream_excess_cfm
count,939.0,939,939.0,939.0,939.0,939.0,939.0,939.0,939.0,939.0,939.0,939.0,939.0,939.0
mean,2.0,0.76464323748668794,411.41192758253715,350.0,1.9769968051118274,413.38892438765015,417.7661759426323,463.35434540054297,54.89339056594341,440.5602606715907,458.731853356823,472.1883295752021,45.3429289691724,58.79940518755173
std,0.0,0.42444766000252421,38.75207135818151,0.0,3.5653603440211836,35.18671101413515,120.71698412038509,99.0590343036167,29.9941274487606,106.33843622308845,104.08038257843005,95.15203512297364,96.99437160498981,95.15947083524455
min,2.0,False,341.6,350.0,0.0,350.0,350.0,408.94384,8.16883187896719,380.53135999999995,350.0,408.94384,0.0,0.0
25%,2.0,1.0,432.90000000000003,350.0,0.0,432.90000000000003,350.0,417.41936,46.17441222273614,383.70968,432.90000000000003,432.90000000000003,0.0,0.0
50%,2.0,1.0,432.90000000000003,350.0,0.0,432.90000000000003,350.0,417.41936,47.67268663925684,383.70968000000005,432.90000000000003,432.90000000000003,0.0,0.0
75%,2.0,1.0,432.90000000000003,350.0,0.0,432.90000000000003,449.99545942400005,419.53824000000003,48.42182384751722,437.66258195333336,449.99545942400005,432.90000000000003,26.863658629333344,67.41935999999998
max,2.0,True,432.90000000000003,350.0,8.399999999999977,432.90000000000003,945.0,875.6565888888888,265.38943236423586,888.8599199999999,945.0,875.6565888888888,512.0999999999999,442.75658888888876
