,per_hour_hood_data_count,occupancy,min_lab_cfm,min_hood_cfm,min_additional_hood_cfm,min_possible_lab_cfm,calc_hood_cfm,stream_hood_cfm,stream_and_calc_hood_cfm_std,stream_and_calc_hood_cfm_mean,calc_total_lab_cfm,stream_total_lab_cfm,calc_excess_cfm,stream_excess_cfm
count,4792.0,4792,4792.0,4792.0,4792.0,4792.0,939.0,944.0,939.0,944.0,4792.0,4792.0,4792.0,4792.0
mean,0.5840984974958264,0.75667779632721199,410.6846828046565,350.0,2.043906510851374,412.72858931549933,371.7862072606884,463.2008287405823,66.02997192995592,417.56830308734186,414.63004016496683,424.3497330128637,1.9014508494675546,11.621143697365975
std,0.7968457313036211,0.42913277494761098,39.17982235281333,0.0,3.6047153095599165,35.57510704342113,56.87230253459375,98.84931927155975,44.043429161720084,74.0501914836439,39.630734416463895,57.88090824565836,17.589037353572984,48.22008447132113
min,0.0,False,341.6,350.0,0.0,350.0,350.0,408.94384,24.006935187611894,380.53135999999995,350.0,350.0,0.0,0.0
25%,0.0,1.0,432.90000000000003,350.0,0.0,432.90000000000003,350.0,417.41936,46.92354943099683,383.70968,432.90000000000003,432.90000000000003,0.0,0.0
50%,0.0,1.0,432.90000000000003,350.0,0.0,432.90000000000003,350.0,417.41936,47.67268663925684,383.70968000000005,432.90000000000003,432.90000000000003,0.0,0.0
75%,1.0,1.0,432.90000000000003,350.0,0.0,432.90000000000003,350.0,419.53824000000003,49.17096105577723,388.924858215,432.90000000000003,432.90000000000003,0.0,0.0
max,2.0,True,432.90000000000003,350.0,8.399999999999977,432.90000000000003,915.8333333333334,875.6565888888888,320.65264713324297,874.2765866666666,915.8333333333334,875.6565888888888,482.93333333333334,442.75658888888876
