,per_hour_hood_data_count,occupancy,min_lab_cfm,min_hood_cfm,min_additional_hood_cfm,min_possible_lab_cfm,calc_hood_cfm,stream_hood_cfm,stream_and_calc_hood_cfm_std,stream_and_calc_hood_cfm_mean,calc_total_lab_cfm,stream_total_lab_cfm,calc_excess_cfm,stream_excess_cfm
count,939.0,939,939.0,939.0,939.0,939.0,939.0,939.0,939.0,939.0,939.0,939.0,939.0,939.0
mean,2.0,0.78061767838125662,412.8703940362111,350.0,1.842811501597449,414.71320553780987,457.56877771008885,463.35434540054297,65.18944384629408,460.46156155531895,492.536729811896,472.28843612353984,77.8235242740855,57.57523058572946
std,0.0,0.41404865878379543,37.80264254691077,0.0,3.478008733783863,34.32463381310066,162.5196101551352,99.0590343036167,45.70875240717218,126.91888300808365,144.17175869598142,95.09879418072661,137.07258443138082,93.5274163042082
min,2.0,False,341.6,350.0,0.0,350.0,350.0,408.94384,11.098086039415548,380.53135999999995,350.0,411.06271999999996,0.0,0.0
25%,2.0,1.0,432.90000000000003,350.0,0.0,432.90000000000003,350.0,417.41936,43.44620428489678,383.70968,432.90000000000003,432.90000000000003,0.0,0.0
50%,2.0,1.0,432.90000000000003,350.0,0.0,432.90000000000003,369.2374,417.41936,47.67268663925684,393.32838000000004,432.90000000000003,432.90000000000003,0.0,0.0
75%,2.0,1.0,432.90000000000003,350.0,0.0,432.90000000000003,515.73385024,419.53824000000003,82.89513619848796,471.38690199999996,515.73385024,432.90000000000003,95.14685504666664,67.41935999999998
max,2.0,True,432.90000000000003,350.0,8.399999999999977,432.90000000000003,1115.3713165933332,875.6565888888888,346.18938258409815,944.3812582966666,1115.3713165933332,875.6565888888888,682.4713165933331,442.75658888888876
