,per_hour_hood_data_count,occupancy,min_lab_cfm,min_hood_cfm,min_additional_hood_cfm,min_possible_lab_cfm,calc_hood_cfm,stream_hood_cfm,stream_and_calc_hood_cfm_std,stream_and_calc_hood_cfm_mean,calc_total_lab_cfm,stream_total_lab_cfm,calc_excess_cfm,stream_excess_cfm
count,4792.0,4792,4792.0,4792.0,4792.0,4792.0,939.0,944.0,939.0,944.0,4792.0,4792.0,4792.0,4792.0
mean,0.5840984974958264,0.75667779632721199,432.89999999996223,350.0,0.0,432.89999999996223,417.80218327281773,463.2008287405823,54.89886945985569,440.4544267501545,440.881640060952,441.25152882670864,7.9816400609914036,8.351528826748277
std,0.7968457313036211,0.42913277494761098,0.00016178931428931071,0.0,0.0,0.00016178931428931071,120.22068771247393,98.84931927155975,29.021563244401126,105.93297697963698,43.89101546094749,44.67724540477789,43.89101546064183,44.67724540447553
min,0.0,False,432.90000000000003,350.0,0.0,432.90000000000003,350.0,408.94384,5.567556048065617,380.53135999999995,432.90000000000003,432.90000000000003,0.0,0.0
25%,0.0,1.0,432.90000000000003,350.0,0.0,432.90000000000003,350.0,417.41936,46.17441222273646,383.70968,432.90000000000003,432.90000000000003,0.0,0.0
50%,0.0,1.0,432.90000000000003,350.0,0.0,432.90000000000003,350.0,417.41936,47.67268663925684,383.70968000000005,432.90000000000003,432.90000000000003,0.0,0.0
75%,1.0,1.0,432.90000000000003,350.0,0.0,432.90000000000003,447.53948254400007,419.53824000000003,49.17096105577723,438.4709049333333,432.90000000000003,432.90000000000003,0.0,0.0
max,2.0,True,432.90000000000003,350.0,0.0,432.90000000000003,945.0,875.6565888888888,276.0104902409511,888.8599199999999,945.0,875.6565888888888,512.0999999999999,442.75658888888876
