,per_hour_hood_data_count,occupancy,min_lab_cfm,min_hood_cfm,min_additional_hood_cfm,min_possible_lab_cfm,calc_hood_cfm,stream_hood_cfm,stream_and_calc_hood_cfm_std,stream_and_calc_hood_cfm_mean,calc_total_lab_cfm,stream_total_lab_cfm,calc_excess_cfm,stream_excess_cfm
count,1807.0,1807,1807.0,1807.0,1807.0,1807.0,1807.0,1807.0,1807.0,1807.0,1807.0,1807.0,1807.0,1807.0
mean,1.0,0.68179302711676815,542.1947094631907,175.0,0.0,492.1947094631913,336.58069017689536,486.0177579929916,105.66796401339481,411.2992240849433,492.1947094631913,521.7659882789137,0.0,29.571278815716784
std,0.0,0.46590924369688641,64.31411199994423,0.0,0.0,64.31411199993653,38.74037398621057,53.622561491040805,48.69722141067848,31.660514085634954,64.31411199993653,47.46528882047449,0.0,38.40392464863888
min,1.0,False,448.08,175.0,0.0,398.08,175.0,353.85296,7.364363424612857,341.05607999999995,398.08,398.08,0.0,0.0
25%,1.0,0.0,448.08,175.0,0.0,398.08,310.48012281222225,449.20255999999995,64.640040636156,395.25094856666664,398.08,451.32144,0.0,0.0
50%,1.0,1.0,586.1199999999999,175.0,0.0,536.1199999999999,351.21146990222223,451.32144,93.81947260546069,407.22812866666663,536.1199999999999,536.1199999999999,0.0,0.0
75%,1.0,1.0,586.1199999999999,175.0,0.0,536.1199999999999,365.4673120466666,520.18504,136.96784078468943,427.25447737999997,536.1199999999999,536.1199999999999,0.0,51.82885333333331
max,1.0,True,586.1199999999999,175.0,0.0,536.1199999999999,384.16559514666676,610.23744,299.7685483621635,492.1993502933333,536.1199999999999,610.23744,0.0,201.56303999999994
