,per_hour_hood_data_count,occupancy,min_lab_cfm,min_hood_cfm,min_additional_hood_cfm,min_possible_lab_cfm,calc_hood_cfm,stream_hood_cfm,stream_and_calc_hood_cfm_std,stream_and_calc_hood_cfm_mean,calc_total_lab_cfm,stream_total_lab_cfm,calc_excess_cfm,stream_excess_cfm
count,4813.0,4813,4813.0,4813.0,4813.0,4813.0,1807.0,1812.0,1807.0,1812.0,4813.0,4813.0,4813.0,4813.0
mean,0.3754415125701226,0.67837107832952426,541.7223436526637,175.0,0.0,491.72234365265933,538.8351975178588,486.14770404709475,61.17852061806087,512.4835520662535,515.4951590255208,502.9565628746746,23.772815372860915,11.234219222014504
std,0.48428701455425643,0.46714997592983287,64.48538267701197,0.0,0.0,64.48538267702503,62.409547539985724,53.72934327323248,36.734647722414145,39.319797996627265,65.49668329378089,60.54756844062624,50.71664781620265,28.04222968127822
min,0.0,False,448.08,175.0,0.0,398.08,220.22485094400002,353.85296,0.009891162076186526,409.5807988053333,398.08,398.08,0.0,0.0
25%,0.0,False,448.08,175.0,0.0,398.08,494.412785664,449.20255999999995,26.837634859271816,492.0640885600001,536.1199999999999,449.20255999999995,0.0,0.0
50%,0.0,1.0,586.1199999999999,175.0,0.0,536.1199999999999,562.8638178240001,451.32144,64.99173558702235,514.3350061173334,536.1199999999999,536.1199999999999,0.0,0.0
75%,1.0,True,586.1199999999999,175.0,0.0,536.1199999999999,586.3946368000001,520.18504,93.10948017429722,529.5067883639999,536.1199999999999,536.1199999999999,24.151001920000112,0.0
max,1.0,True,586.1199999999999,175.0,0.0,536.1199999999999,615.2473289386667,610.23744,267.7897495815102,607.8425789759999,615.2473289386667,610.23744,217.16732893866669,201.56303999999994
