,per_hour_hood_data_count,occupancy,min_lab_cfm,min_hood_cfm,min_additional_hood_cfm,min_possible_lab_cfm,calc_hood_cfm,stream_hood_cfm,stream_and_calc_hood_cfm_std,stream_and_calc_hood_cfm_mean,calc_total_lab_cfm,stream_total_lab_cfm,calc_excess_cfm,stream_excess_cfm
count,1807.0,1807,1807.0,1807.0,1807.0,1807.0,1807.0,1807.0,1807.0,1807.0,1807.0,1807.0,1807.0,1807.0
mean,1.0,0.68234643054786936,586.1199999999968,175.0,0.0,536.1199999999957,538.3270274584931,486.0177579929916,60.725930880633626,512.1723927257427,563.75655087199,545.214877676932,27.636550871991464,9.094877676935395
std,0.0,0.46569281265177842,5.202212703038241e-05,0.0,0.0,3.810724193923639e-05,62.40533220661239,53.622561491040805,36.7009159834012,39.38308123063595,25.91248957017004,19.71987839856029,25.912489570193387,19.719878398582036
min,1.0,False,586.1199999999999,175.0,0.0,536.1199999999999,233.988904128,353.85296,0.019217148480037263,411.91847999999993,536.1199999999999,536.1199999999999,0.0,0.0
25%,1.0,0.0,586.1199999999999,175.0,0.0,536.1199999999999,494.43182913600003,449.20255999999995,26.453023104391242,491.514539088,536.1199999999999,536.1199999999999,0.0,0.0
50%,1.0,1.0,586.1199999999999,175.0,0.0,536.1199999999999,561.18905248,451.32144,64.68881421734237,513.4629466666668,561.18905248,536.1199999999999,25.069052480000096,0.0
75%,1.0,1.0,586.1199999999999,175.0,0.0,536.1199999999999,585.1983200746668,520.18504,91.28587931187015,530.943419368,585.1983200746668,536.1199999999999,49.07832007466686,0.0
max,1.0,True,586.1199999999999,175.0,0.0,536.1199999999999,614.6649522346668,610.23744,258.0570942384916,605.9309444693333,614.6649522346668,610.23744,78.54495223466688,74.1174400000001
