,per_hour_hood_data_count,occupancy,min_lab_cfm,min_hood_cfm,min_additional_hood_cfm,min_possible_lab_cfm,calc_hood_cfm,stream_hood_cfm,stream_and_calc_hood_cfm_std,stream_and_calc_hood_cfm_mean,calc_total_lab_cfm,stream_total_lab_cfm,calc_excess_cfm,stream_excess_cfm
count,4813.0,4813,4813.0,4813.0,4813.0,4813.0,1807.0,1812.0,1807.0,1812.0,4813.0,4813.0,4813.0,4813.0
mean,0.3754415125701226,0.67899439019322672,586.1200000000686,175.0,0.0,536.1200000000646,673.6351525797945,486.14770404709475,136.44630512110479,579.6975473192664,588.4535078870116,539.5680259219878,52.333507886951146,3.4480259219244256
std,0.48428701455425643,0.46691145154566904,0.00021603926434639908,0.0,0.0,0.00022447486281775722,77.7724354686007,53.72934327323248,62.08890260951029,45.15700458788626,81.20241988316243,12.919566087474038,81.20241988335734,12.91956608940422
min,0.0,False,586.1199999999999,175.0,0.0,536.1199999999999,278.14857476,353.85296,0.0685925390075806,438.5426607133333,536.1199999999999,536.1199999999999,0.0,0.0
25%,0.0,False,586.1199999999999,175.0,0.0,536.1199999999999,621.4207641599999,449.20255999999995,83.687138139685,554.80254838,536.1199999999999,536.1199999999999,0.0,0.0
50%,0.0,1.0,586.1199999999999,175.0,0.0,536.1199999999999,703.1111212222222,451.32144,150.07206893881758,584.3238573266667,536.1199999999999,536.1199999999999,0.0,0.0
75%,1.0,True,586.1199999999999,175.0,0.0,536.1199999999999,732.6925383866667,520.18504,189.2487240170159,604.52021814,661.84625724,536.1199999999999,125.72625724000011,0.0
max,1.0,True,586.1199999999999,175.0,0.0,536.1199999999999,769.0591611733333,610.23744,265.5260859634341,680.6146569599999,769.0591611733333,610.23744,232.93916117333345,74.1174400000001
