,per_hour_hood_data_count,occupancy,min_lab_cfm,min_hood_cfm,min_additional_hood_cfm,min_possible_lab_cfm,calc_hood_cfm,stream_hood_cfm,stream_and_calc_hood_cfm_std,stream_and_calc_hood_cfm_mean,calc_total_lab_cfm,stream_total_lab_cfm,calc_excess_cfm,stream_excess_cfm
count,1807.0,1807,1807.0,1807.0,1807.0,1807.0,1807.0,1807.0,1807.0,1807.0,1807.0,1807.0,1807.0,1807.0
mean,1.0,0.68456004427227446,542.5766685113365,175.0,0.0,492.57666851133735,538.1921104872793,486.0177579929916,60.47923525589972,512.104934240135,555.1009105712277,522.0378383680729,62.524242059884735,29.461169856730084
std,0.0,0.46481948843623139,64.16368218376758,0.0,0.0,64.16368218375703,62.484144353394,53.622561491040805,36.843748222848994,39.523774895770984,43.70725708699428,47.40486647718394,66.23601699932354,39.282173313832594
min,1.0,False,448.08,175.0,0.0,398.08,236.282912992,353.85296,0.04243654413719845,417.5399395733333,398.08,398.08,0.0,0.0
25%,1.0,0.0,448.08,175.0,0.0,398.08,496.7925917546668,449.20255999999995,26.743615871235114,491.7578018346667,536.1199999999999,451.32144,0.818072682666724,0.0
50%,1.0,1.0,586.1199999999999,175.0,0.0,536.1199999999999,561.4727929066668,451.32144,64.62341817641929,513.0837817884445,561.4727929066668,536.1199999999999,42.24203398400027,0.0
75%,1.0,1.0,586.1199999999999,175.0,0.0,536.1199999999999,585.668130432,520.18504,91.45463622455725,530.44966144,585.668130432,536.1199999999999,77.65195443200025,51.62285111111109
max,1.0,True,586.1199999999999,175.0,0.0,536.1199999999999,614.8008300373333,610.23744,256.4349850146551,610.7816455679999,614.8008300373333,610.23744,216.72083003733331,201.56303999999994
