,per_hour_hood_data_count,occupancy,min_lab_cfm,min_hood_cfm,min_additional_hood_cfm,min_possible_lab_cfm,calc_hood_cfm,stream_hood_cfm,stream_and_calc_hood_cfm_std,stream_and_calc_hood_cfm_mean,calc_total_lab_cfm,stream_total_lab_cfm,calc_excess_cfm,stream_excess_cfm
count,4813.0,4813,4813.0,4813.0,4813.0,4813.0,1807.0,1812.0,1807.0,1812.0,4813.0,4813.0,4813.0,4813.0
mean,0.3754415125701226,0.671514647828797,586.1200000000686,175.0,0.0,536.1200000000646,336.2355788176426,486.14770404709475,105.91199459578716,411.4632675763825,536.1200000000646,539.5680259219878,0.0,3.4480259219244256
std,0.48428701455425643,0.46971115136254132,0.00021603926434639908,0.0,0.0,0.00022447486281775722,38.82132450176497,53.72934327323248,48.54122715520533,32.627894212335285,0.00022447486281775722,12.919566087474038,0.0,12.91956608940422
min,0.0,False,586.1199999999999,175.0,0.0,536.1199999999999,175.0,353.85296,12.371527633570171,338.10348,536.1199999999999,536.1199999999999,0.0,0.0
25%,0.0,False,586.1199999999999,175.0,0.0,536.1199999999999,309.0079910399999,449.20255999999995,65.17199385737837,395.2455637125,536.1199999999999,536.1199999999999,0.0,0.0
50%,0.0,1.0,586.1199999999999,175.0,0.0,536.1199999999999,350.41067110000006,451.32144,95.07665041365715,407.176281155,536.1199999999999,536.1199999999999,0.0,0.0
75%,1.0,True,586.1199999999999,175.0,0.0,536.1199999999999,365.16480462000004,520.18504,137.6312606504219,427.6347774999999,536.1199999999999,536.1199999999999,0.0,0.0
max,1.0,True,586.1199999999999,175.0,0.0,536.1199999999999,384.52958058666667,610.23744,299.7685483621635,591.16752,536.1199999999999,610.23744,0.0,74.1174400000001
