,per_hour_hood_data_count,occupancy,min_lab_cfm,min_hood_cfm,min_additional_hood_cfm,min_possible_lab_cfm,calc_hood_cfm,stream_hood_cfm,stream_and_calc_hood_cfm_std,stream_and_calc_hood_cfm_mean,calc_total_lab_cfm,stream_total_lab_cfm,calc_excess_cfm,stream_excess_cfm
count,4796.0,4796.0,4796.0,4796.0,4796.0,4796.0,1694.0,1697.0,1694.0,1697.0,4796.0,4796.0,4796.0,4796.0
mean,0.3532110091743119,0.4343202668890742,529.0158798999689,175.0,0.0,529.0158798999689,185.15167667708238,263.7495927021557,55.60491605908262,224.50048793946098,529.0158798999689,529.0415140765977,0.0,0.02563417662867212
std,0.4780174015398546,0.495719084412422,67.99070583111126,0.0,0.0,67.99070583111126,20.070905358842307,43.15444915306178,20.208938352722136,30.471111524834118,67.99070583111126,68.01817064285629,0.0,0.8984505699155585
min,0.0,0.0,448.08,175.0,0.0,448.08,175.0,224.60127999999997,35.07340144353249,199.80064,448.08,448.08,0.0,0.0
25%,0.0,0.0,448.08,175.0,0.0,448.08,175.0,243.6712,47.193716448316906,209.3356,448.08,448.08,0.0,0.0
50%,0.0,0.0,586.1199999999999,175.0,0.0,586.1199999999999,175.0,245.79008,48.55787119221756,214.4989020933333,586.1199999999999,586.1199999999999,0.0,0.0
75%,1.0,1.0,586.1199999999999,175.0,0.0,586.1199999999999,185.59852272499998,262.74111999999997,60.544066524382046,222.13262,586.1199999999999,586.1199999999999,0.0,0.0
max,1.0,1.0,586.1199999999999,175.0,0.0,586.1199999999999,338.7001380466666,621.5381333333333,259.57829123817953,462.41450846629635,586.1199999999999,621.5381333333333,0.0,35.41813333333346
