,per_hour_hood_data_count,occupancy,min_lab_cfm,min_hood_cfm,min_additional_hood_cfm,min_possible_lab_cfm,calc_hood_cfm,stream_hood_cfm,stream_and_calc_hood_cfm_std,stream_and_calc_hood_cfm_mean,calc_total_lab_cfm,stream_total_lab_cfm,calc_excess_cfm,stream_excess_cfm
count,4813.0,4813,4813.0,4813.0,4813.0,4813.0,1807.0,1812.0,1807.0,1812.0,4813.0,4813.0,4813.0,4813.0
mean,0.3754415125701226,0.67296904217743614,586.1200000000686,175.0,0.0,536.1200000000646,538.4041394744528,486.14770404709475,60.81774406427871,512.268617771432,546.4677808134588,539.5680259219878,10.347780813396533,3.4480259219244256
std,0.48428701455425643,0.46917741469994373,0.00021603926434639908,0.0,0.0,0.00022447486281775722,62.22184542820044,53.72934327323248,36.86672028582644,39.2454538308452,20.747900480278112,12.919566087474038,20.74790048137538,12.91956608940422
min,0.0,False,586.1199999999999,175.0,0.0,536.1199999999999,229.4008864,353.85296,0.007253672679741789,414.1688165333333,536.1199999999999,536.1199999999999,0.0,0.0
25%,0.0,False,586.1199999999999,175.0,0.0,536.1199999999999,496.31230566400006,449.20255999999995,25.843268229827146,491.58571451022226,536.1199999999999,536.1199999999999,0.0,0.0
50%,0.0,1.0,586.1199999999999,175.0,0.0,536.1199999999999,561.18905248,451.32144,64.18048007758156,513.9117259039999,536.1199999999999,536.1199999999999,0.0,0.0
75%,1.0,True,586.1199999999999,175.0,0.0,536.1199999999999,586.0739734826667,520.18504,91.67667702354834,530.1082038826667,536.1199999999999,536.1199999999999,0.0,0.0
max,1.0,True,586.1199999999999,175.0,0.0,536.1199999999999,614.6649522346668,610.23744,261.30131268616447,605.9309444693333,614.6649522346668,610.23744,78.54495223466688,74.1174400000001
