,per_hour_hood_data_count,occupancy,min_lab_cfm,min_hood_cfm,min_additional_hood_cfm,min_possible_lab_cfm,calc_hood_cfm,stream_hood_cfm,stream_and_calc_hood_cfm_std,stream_and_calc_hood_cfm_mean,calc_total_lab_cfm,stream_total_lab_cfm,calc_excess_cfm,stream_excess_cfm
count,4813.0,4813,4813.0,4813.0,4813.0,4813.0,1807.0,1812.0,1807.0,1812.0,4813.0,4813.0,4813.0,4813.0
mean,0.3754415125701226,0.6746312071473094,541.2060918346705,175.0,0.0,491.2060918346659,335.89003598606985,486.14770404709475,106.15926327462161,411.29097290291486,491.2060918346659,502.560468944347,0.0,11.354377109679845
std,0.48428701455425643,0.46856115656146113,64.68018205140174,0.0,0.0,64.68018205141745,38.4708737701493,53.72934327323248,48.67642910667299,32.316016422701125,64.68018205141745,60.938002998832715,0.0,29.26674476965354
min,0.0,False,448.08,175.0,0.0,398.08,175.0,353.85296,2.6499649932955784,335.15088,398.08,398.08,0.0,0.0
25%,0.0,False,448.08,175.0,0.0,398.08,310.87430493,449.20255999999995,65.25051535485241,395.22389038861104,398.08,449.20255999999995,0.0,0.0
50%,0.0,1.0,586.1199999999999,175.0,0.0,536.1199999999999,350.41067110000006,451.32144,93.4305935648644,407.0558658333333,536.1199999999999,536.1199999999999,0.0,0.0
75%,1.0,True,586.1199999999999,175.0,0.0,536.1199999999999,364.6334769,520.18504,137.5914051247082,427.9469907675,536.1199999999999,536.1199999999999,0.0,0.0
max,1.0,True,586.1199999999999,175.0,0.0,536.1199999999999,384.52958058666667,610.23744,299.7685483621635,591.16752,536.1199999999999,610.23744,0.0,203.68191999999993
