,per_hour_hood_data_count,occupancy,min_lab_cfm,min_hood_cfm,min_additional_hood_cfm,min_possible_lab_cfm,calc_hood_cfm,stream_hood_cfm,stream_and_calc_hood_cfm_std,stream_and_calc_hood_cfm_mean,calc_total_lab_cfm,stream_total_lab_cfm,calc_excess_cfm,stream_excess_cfm
count,1807.0,1807,1807.0,1807.0,1807.0,1807.0,1807.0,1807.0,1807.0,1807.0,1807.0,1807.0,1807.0,1807.0
mean,1.0,0.66961815163254013,586.1199999999968,175.0,0.0,536.1199999999957,538.4041394744528,486.0177579929916,60.81774406427871,512.2109487337214,563.6816320170867,545.214877676932,27.56163201708772,9.094877676935395
std,0.0,0.47048079630574102,5.202212703038241e-05,0.0,0.0,3.810724193923639e-05,62.22184542820044,53.622561491040805,36.86672028582644,39.11433429840429,25.928292698698034,19.71987839856029,25.928292698737017,19.719878398582036
min,1.0,False,586.1199999999999,175.0,0.0,536.1199999999999,229.4008864,353.85296,0.007253672679741789,414.1688165333333,536.1199999999999,536.1199999999999,0.0,0.0
25%,1.0,0.0,586.1199999999999,175.0,0.0,536.1199999999999,496.31230566400006,449.20255999999995,25.843268229827146,491.62629770311105,536.1199999999999,536.1199999999999,0.0,0.0
50%,1.0,1.0,586.1199999999999,175.0,0.0,536.1199999999999,561.18905248,451.32144,64.18048007758156,513.8972725333333,561.18905248,536.1199999999999,25.069052480000096,0.0
75%,1.0,1.0,586.1199999999999,175.0,0.0,536.1199999999999,586.0739734826667,520.18504,91.67667702354834,530.0471436453333,586.0739734826667,536.1199999999999,49.95397348266681,0.0
max,1.0,True,586.1199999999999,175.0,0.0,536.1199999999999,614.6649522346668,610.23744,261.30131268616447,605.9309444693333,614.6649522346668,610.23744,78.54495223466688,74.1174400000001
