,per_hour_hood_data_count,occupancy,min_lab_cfm,min_hood_cfm,min_additional_hood_cfm,min_possible_lab_cfm,calc_hood_cfm,stream_hood_cfm,stream_and_calc_hood_cfm_std,stream_and_calc_hood_cfm_mean,calc_total_lab_cfm,stream_total_lab_cfm,calc_excess_cfm,stream_excess_cfm
count,1807.0,1807,1807.0,1807.0,1807.0,1807.0,1807.0,1807.0,1807.0,1807.0,1807.0,1807.0,1807.0,1807.0
mean,1.0,0.68289983397897069,542.3474930824493,175.0,0.0,492.34749308244983,672.9749848449709,486.0177579929916,135.74208580381247,579.4963714189806,673.9426526302551,521.976109137304,181.59515954779576,29.62861605484856
std,0.0,0.46547562266887377,64.25425495323692,0.0,0.0,64.25425495322922,76.54594743873403,53.622561491040805,61.10313126468566,45.006284555669176,74.43683528478901,47.35556028600624,96.05204594030737,39.21494111205091
min,1.0,False,448.08,175.0,0.0,398.08,278.14857476,353.85296,0.12227007637665321,438.5426607133333,398.08,398.08,0.0,0.0
25%,1.0,0.0,448.08,175.0,0.0,398.08,621.54397746,449.20255999999995,85.94802463170461,555.7491196488888,621.54397746,451.32144,125.18567679555571,0.0
50%,1.0,1.0,586.1199999999999,175.0,0.0,536.1199999999999,701.5011081555557,451.32144,147.41931573391707,582.55349752,701.5011081555557,536.1199999999999,182.8994758133333,0.0
75%,1.0,1.0,586.1199999999999,175.0,0.0,536.1199999999999,730.3296092400001,520.18504,188.04774721135092,603.7994551933333,730.3296092400001,536.1199999999999,229.0159047733334,51.82885333333331
max,1.0,True,586.1199999999999,175.0,0.0,536.1199999999999,769.0591611733333,610.23744,233.6466119625765,679.6925090666666,769.0591611733333,610.23744,370.25119029333354,201.56303999999994
