,per_hour_hood_data_count,occupancy,min_lab_cfm,min_hood_cfm,min_additional_hood_cfm,min_possible_lab_cfm,calc_hood_cfm,stream_hood_cfm,stream_and_calc_hood_cfm_std,stream_and_calc_hood_cfm_mean,calc_total_lab_cfm,stream_total_lab_cfm,calc_excess_cfm,stream_excess_cfm
count,1807.0,1807,1807.0,1807.0,1807.0,1807.0,1807.0,1807.0,1807.0,1807.0,1807.0,1807.0,1807.0,1807.0
mean,1.0,0.67791920309905918,586.1199999999968,175.0,0.0,536.1199999999957,336.2355788176426,486.0177579929916,105.91199459578716,411.12666840531557,536.1199999999957,545.214877676932,0.0,9.094877676935395
std,0.0,0.46740309884793624,5.202212703038241e-05,0.0,0.0,3.810724193923639e-05,38.82132450176497,53.622561491040805,48.54122715520533,31.829417236285142,3.810724193923639e-05,19.71987839856029,0.0,19.719878398582036
min,1.0,False,586.1199999999999,175.0,0.0,536.1199999999999,175.0,353.85296,12.371527633570171,338.10348,536.1199999999999,536.1199999999999,0.0,0.0
25%,1.0,0.0,586.1199999999999,175.0,0.0,536.1199999999999,309.0079910399999,449.20255999999995,65.17199385737837,395.2129181083333,536.1199999999999,536.1199999999999,0.0,0.0
50%,1.0,1.0,586.1199999999999,175.0,0.0,536.1199999999999,350.41067110000006,451.32144,95.07665041365715,407.09968,536.1199999999999,536.1199999999999,0.0,0.0
75%,1.0,1.0,586.1199999999999,175.0,0.0,536.1199999999999,365.16480462000004,520.18504,137.6312606504219,427.05021519888885,536.1199999999999,536.1199999999999,0.0,0.0
max,1.0,True,586.1199999999999,175.0,0.0,536.1199999999999,384.52958058666667,610.23744,299.7685483621635,490.10642813999993,536.1199999999999,610.23744,0.0,74.1174400000001
