,per_hour_hood_data_count,occupancy,min_lab_cfm,min_hood_cfm,min_additional_hood_cfm,min_possible_lab_cfm,calc_hood_cfm,stream_hood_cfm,stream_and_calc_hood_cfm_std,stream_and_calc_hood_cfm_mean,calc_total_lab_cfm,stream_total_lab_cfm,calc_excess_cfm,stream_excess_cfm
count,4796.0,4796.0,4796.0,4796.0,4796.0,4796.0,1694.0,1697.0,1694.0,1697.0,4796.0,4796.0,4796.0,4796.0
mean,0.3532110091743119,0.4343202668890742,529.0158798999689,175.0,0.0,529.0158798999689,323.8975431103748,263.7495927021557,56.1260196103409,293.75078191058645,529.2499432205805,529.0415140765977,0.23406332061154378,0.02563417662867212
std,0.4780174015398546,0.495719084412422,67.99070583111126,0.0,0.0,67.99070583111126,83.46265625748411,43.15444915306178,29.5131893871552,57.503640161661814,67.89260520120857,68.01817064285629,2.723052033678574,0.8984505699155585
min,0.0,0.0,448.08,175.0,0.0,448.08,182.25433333333334,224.60127999999997,0.27869224088195166,207.66556666666665,448.08,448.08,0.0,0.0
25%,0.0,0.0,448.08,175.0,0.0,448.08,276.70999048,243.6712,31.722790103015747,272.76779113333333,448.08,448.08,0.0,0.0
50%,0.0,0.0,586.1199999999999,175.0,0.0,586.1199999999999,331.47332399999993,245.79008,60.038198634166825,287.74575070222227,586.1199999999999,586.1199999999999,0.0,0.0
75%,1.0,1.0,586.1199999999999,175.0,0.0,586.1199999999999,371.13720952,262.74111999999997,82.3087699013011,310.58252476,586.1199999999999,586.1199999999999,0.0,0.0
max,1.0,1.0,586.1199999999999,175.0,0.0,586.1199999999999,642.6882,621.5381333333333,108.02984383558614,613.0971772592593,642.6882,621.5381333333333,56.56820000000016,35.41813333333346
