,per_hour_hood_data_count,occupancy,min_lab_cfm,min_hood_cfm,min_additional_hood_cfm,min_possible_lab_cfm,calc_hood_cfm,stream_hood_cfm,stream_and_calc_hood_cfm_std,stream_and_calc_hood_cfm_mean,calc_total_lab_cfm,stream_total_lab_cfm,calc_excess_cfm,stream_excess_cfm
count,4813.0,4813,4813.0,4813.0,4813.0,4813.0,1807.0,1812.0,1807.0,1812.0,4813.0,4813.0,4813.0,4813.0
mean,0.3754415125701226,0.68211094951173901,542.2385954706567,175.0,0.0,492.23859547065217,336.58069017689536,486.14770404709475,105.66796401339481,411.63534710899154,492.23859547065217,503.38493417416464,0.0,11.14633870351137
std,0.48428701455425643,0.46570448086541055,64.28584653831062,0.0,0.0,64.28584653832604,38.74037398621057,53.72934327323248,48.69722141067848,32.46181776545523,64.28584653832604,60.26802557314905,0.0,27.567774246264875
min,0.0,False,448.08,175.0,0.0,398.08,175.0,353.85296,7.364363424612857,341.05607999999995,398.08,398.08,0.0,0.0
25%,0.0,False,448.08,175.0,0.0,398.08,310.48012281222225,449.20255999999995,64.640040636156,395.2940121708333,398.08,449.20255999999995,0.0,0.0
50%,0.0,1.0,586.1199999999999,175.0,0.0,536.1199999999999,351.21146990222223,451.32144,93.81947260546069,407.27817286,536.1199999999999,536.1199999999999,0.0,0.0
75%,1.0,True,586.1199999999999,175.0,0.0,536.1199999999999,365.4673120466666,520.18504,136.96784078468943,427.65825636833335,536.1199999999999,536.1199999999999,0.0,0.0
max,1.0,True,586.1199999999999,175.0,0.0,536.1199999999999,384.16559514666676,610.23744,299.7685483621635,591.16752,536.1199999999999,610.23744,0.0,201.56303999999994
