,per_hour_hood_data_count,occupancy,min_lab_cfm,min_hood_cfm,min_additional_hood_cfm,min_possible_lab_cfm,calc_hood_cfm,stream_hood_cfm,stream_and_calc_hood_cfm_std,stream_and_calc_hood_cfm_mean,calc_total_lab_cfm,stream_total_lab_cfm,calc_excess_cfm,stream_excess_cfm
count,1807.0,1807,1807.0,1807.0,1807.0,1807.0,1807.0,1807.0,1807.0,1807.0,1807.0,1807.0,1807.0,1807.0
mean,1.0,0.70116214720531267,586.1199999999968,175.0,0.0,536.1199999999957,673.6351525797945,486.0177579929916,136.44630512110479,579.8264552863922,675.5119056225241,545.214877676932,139.39190562252122,9.094877676935395
std,0.0,0.45787532304846701,5.202212703038241e-05,0.0,0.0,3.810724193923639e-05,77.7724354686007,53.622561491040805,62.08890260951029,45.004915366861034,73.66814108732883,19.71987839856029,73.66814108735784,19.719878398582036
min,1.0,False,586.1199999999999,175.0,0.0,536.1199999999999,278.14857476,353.85296,0.0685925390075806,438.5426607133333,536.1199999999999,536.1199999999999,0.0,0.0
25%,1.0,0.0,586.1199999999999,175.0,0.0,536.1199999999999,621.4207641599999,449.20255999999995,83.687138139685,554.86928652,621.4207641599999,536.1199999999999,85.30076415999997,0.0
50%,1.0,1.0,586.1199999999999,175.0,0.0,536.1199999999999,703.1111212222222,451.32144,150.07206893881758,584.3015108533333,703.1111212222222,536.1199999999999,166.99112122222232,0.0
75%,1.0,1.0,586.1199999999999,175.0,0.0,536.1199999999999,732.6925383866667,520.18504,189.2487240170159,604.5459907366667,732.6925383866667,536.1199999999999,196.5725383866668,0.0
max,1.0,True,586.1199999999999,175.0,0.0,536.1199999999999,769.0591611733333,610.23744,265.5260859634341,680.6146569599999,769.0591611733333,610.23744,232.93916117333345,74.1174400000001
