,per_hour_hood_data_count,occupancy,min_lab_cfm,min_hood_cfm,min_additional_hood_cfm,min_possible_lab_cfm,calc_hood_cfm,stream_hood_cfm,stream_and_calc_hood_cfm_std,stream_and_calc_hood_cfm_mean,calc_total_lab_cfm,stream_total_lab_cfm,calc_excess_cfm,stream_excess_cfm
count,1807.0,1807,1807.0,1807.0,1807.0,1807.0,1807.0,1807.0,1807.0,1807.0,1807.0,1807.0,1807.0,1807.0
mean,1.0,0.68345323741007191,542.4238848920781,175.0,0.0,492.4238848920786,673.6946124362522,486.0177579929916,136.53346803404202,579.8561852146224,674.8718680911768,521.901170121132,182.44798319908898,29.47728522904766
std,0.0,0.46525767268531831,64.22416913751012,0.0,0.0,64.22416913750293,78.08517558710487,53.622561491040805,61.726262177720706,45.45263957682763,75.47430863512545,47.368424577120265,95.44162961887325,38.561747560372226
min,1.0,False,448.08,175.0,0.0,398.08,289.61861908,353.85296,0.118196198333922,444.27768287333333,472.15000000000003,443.90536,0.0,0.0
25%,1.0,0.0,448.08,175.0,0.0,398.08,620.6708431933334,449.20255999999995,86.55389910067305,555.7822385266666,620.6708431933334,451.32144,129.85999066666665,0.0
50%,1.0,1.0,586.1199999999999,175.0,0.0,536.1199999999999,701.69494304,451.32144,149.61219995063735,583.3651546666666,701.69494304,536.1199999999999,183.95131504000005,0.0
75%,1.0,1.0,586.1199999999999,175.0,0.0,536.1199999999999,731.7713381066667,520.18504,189.26408253186702,604.3124660225,731.7713381066667,536.1199999999999,227.55575256000003,52.18199999999996
max,1.0,True,586.1199999999999,175.0,0.0,536.1199999999999,769.0591611733333,610.23744,260.5189217544793,680.6146569599999,769.0591611733333,610.23744,369.1349430400002,201.56303999999994
