,per_hour_hood_data_count,occupancy,min_lab_cfm,min_hood_cfm,min_additional_hood_cfm,min_possible_lab_cfm,calc_hood_cfm,stream_hood_cfm,stream_and_calc_hood_cfm_std,stream_and_calc_hood_cfm_mean,calc_total_lab_cfm,stream_total_lab_cfm,calc_excess_cfm,stream_excess_cfm
count,1807.0,1807,1807.0,1807.0,1807.0,1807.0,1807.0,1807.0,1807.0,1807.0,1807.0,1807.0,1807.0,1807.0
mean,1.0,0.68179302711676815,542.1947094631909,175.0,0.0,492.19470946319177,538.8351975178588,486.0177579929916,61.17852061806087,512.4264777554241,555.5143333644589,521.9248415249322,63.31962390126153,29.730132061735368
std,0.0,0.46590924369688641,64.31411199994295,0.0,0.0,64.31411199993293,62.409547539985724,53.622561491040805,36.734647722414145,39.18944922629336,43.831734550434554,47.36175528864375,65.93913682495567,39.01447425363642
min,1.0,False,448.08,175.0,0.0,398.08,220.22485094400002,353.85296,0.009891162076186526,409.5807988053333,398.08,398.08,0.0,0.0
25%,1.0,0.0,448.08,175.0,0.0,398.08,494.412785664,449.20255999999995,26.837634859271816,492.0640885600001,536.1199999999999,451.32144,4.315451584000016,0.0
50%,1.0,1.0,586.1199999999999,175.0,0.0,536.1199999999999,562.8638178240001,451.32144,64.99173558702235,514.312016992,562.8638178240001,536.1199999999999,42.34131093333343,0.0
75%,1.0,1.0,586.1199999999999,175.0,0.0,536.1199999999999,586.3946368000001,520.18504,93.10948017429722,529.4420533333333,586.3946368000001,536.1199999999999,78.83614058666683,51.82885333333331
max,1.0,True,586.1199999999999,175.0,0.0,536.1199999999999,615.2473289386667,610.23744,267.7897495815102,607.8425789759999,615.2473289386667,610.23744,217.16732893866669,201.56303999999994
