,per_hour_hood_data_count,occupancy,min_lab_cfm,min_hood_cfm,min_additional_hood_cfm,min_possible_lab_cfm,calc_hood_cfm,stream_hood_cfm,stream_and_calc_hood_cfm_std,stream_and_calc_hood_cfm_mean,calc_total_lab_cfm,stream_total_lab_cfm,calc_excess_cfm,stream_excess_cfm
count,4813.0,4813,4813.0,4813.0,4813.0,4813.0,1807.0,1812.0,1807.0,1812.0,4813.0,4813.0,4813.0,4813.0
mean,0.3754415125701226,0.6746312071473094,586.1200000000686,175.0,0.0,536.1200000000646,538.3270274584931,486.14770404709475,60.725930880633626,512.2301681542037,546.4959084616636,539.5680259219878,10.375908461601616,3.4480259219244256
std,0.48428701455425643,0.46856115656146113,0.00021603926434639908,0.0,0.0,0.00022447486281775722,62.40533220661239,53.72934327323248,36.7009159834012,39.51262815037448,20.76385776900744,12.919566087474038,20.763857770097722,12.91956608940422
min,0.0,False,586.1199999999999,175.0,0.0,536.1199999999999,233.988904128,353.85296,0.019217148480037263,411.91847999999993,536.1199999999999,536.1199999999999,0.0,0.0
25%,0.0,False,586.1199999999999,175.0,0.0,536.1199999999999,494.43182913600003,449.20255999999995,26.453023104391242,491.3351690133333,536.1199999999999,536.1199999999999,0.0,0.0
50%,0.0,1.0,586.1199999999999,175.0,0.0,536.1199999999999,561.18905248,451.32144,64.68881421734237,513.4671303253334,536.1199999999999,536.1199999999999,0.0,0.0
75%,1.0,True,586.1199999999999,175.0,0.0,536.1199999999999,585.1983200746668,520.18504,91.28587931187015,530.9942818133334,536.1199999999999,536.1199999999999,0.0,0.0
max,1.0,True,586.1199999999999,175.0,0.0,536.1199999999999,614.6649522346668,610.23744,258.0570942384916,605.9309444693333,614.6649522346668,610.23744,78.54495223466688,74.1174400000001
