,per_hour_hood_data_count,occupancy,min_lab_cfm,min_hood_cfm,min_additional_hood_cfm,min_possible_lab_cfm,calc_hood_cfm,stream_hood_cfm,stream_and_calc_hood_cfm_std,stream_and_calc_hood_cfm_mean,calc_total_lab_cfm,stream_total_lab_cfm,calc_excess_cfm,stream_excess_cfm,description
0,4.0,0.678921568627451,1000.5600000000186,1052.0,51.44000000000006,1022.0,1320.2054273543583,902.1260171064793,296.61699214930474,1111.1657222304193,1320.2054273543583,1053.8193928962423,298.20542735435805,31.819392896241812,current operation
1,4.0,0.6727941176470589,924.1508823529532,1052.0,127.84911764706034,1022.0,1319.6131707362485,902.1260171064793,296.188354936299,1110.8695939213644,1319.6131707362485,1053.8193928962423,297.61317073624974,31.819392896241812,reduced unoccupied ach
2,4.0,0.6617647058823529,1000.5600000000186,1052.0,51.44000000000006,1022.0,1320.0372244037524,902.1260171064793,296.5322492058018,1111.0816207551172,1320.0372244037524,1053.8193928962423,298.0372244037525,31.819392896241812,reduced unoccupied face velocity
3,4.0,0.6691176470588235,1000.5600000000186,1052.0,51.44000000000006,1022.0,1204.783502216231,902.1260171064793,216.10833222161412,1053.454759661356,1204.783502216231,1053.8193928962423,182.7835022162309,31.819392896241812,sash reduced 20%
4,4.0,0.6654411764705882,1000.5600000000186,1052.0,51.44000000000006,1022.0,1090.3388690722813,902.1260171064793,161.78181990118412,996.2324430893783,1090.3388690722813,1053.8193928962423,68.33886907228144,31.819392896241812,sash reduced 50%
5,4.0,0.6715686274509803,923.8647058823649,1052.0,128.13529411764867,1022.0,1205.4800648815,902.1260171064793,216.61065988746893,1053.8030409939888,1205.4800648815,1053.8193928962423,183.4800648815008,31.819392896241812,"reduced ach, sash reduced 20%"
6,4.0,0.6899509803921569,928.157352941189,1052.0,123.84264705882507,1022.0,1090.1106828324835,902.1260171064793,161.6867182967079,996.1183499694788,1090.1106828324835,1053.8193928962423,68.11068283248338,31.819392896241812,"reduced ach, sash reduced 50%"
7,4.0,0.6654411764705882,922.433823529424,1052.0,129.5661764705899,1022.0,1090.3772887917946,902.1260171064793,161.4807142935903,996.2516529491348,1090.3772887917946,1053.8193928962423,68.37728879179456,31.819392896241812,"all reduced (ach, face vel, sash 50%)"
