,per_hour_hood_data_count,occupancy,min_lab_cfm,min_hood_cfm,min_additional_hood_cfm,min_possible_lab_cfm,calc_hood_cfm,stream_hood_cfm,stream_and_calc_hood_cfm_std,stream_and_calc_hood_cfm_mean,calc_total_lab_cfm,stream_total_lab_cfm,calc_excess_cfm,stream_excess_cfm
count,4812.0,4812,4812.0,4812.0,4812.0,4812.0,1955.0,1961.0,1955.0,1961.0,4812.0,4812.0,4812.0,4812.0
mean,0.40627597672485455,0.68100581878636746,443.05000000002923,175.0,0.0,443.05000000002923,289.5228386713586,298.9803580157542,48.30491746023216,294.26573282799416,445.8004374574941,443.05000000002923,2.750437457463748,0.0
std,0.4911882997933254,0.46613522477200042,0.00013440057773179902,0.0,0.0,0.00013440057773179902,94.16250499461012,0.8371193813430069,46.38807134962721,46.96911573188878,16.827660246486982,0.00013440057773179902,16.827660247064713,0.0
min,0.0,False,443.05000000000007,175.0,0.0,443.05000000000007,175.0,298.76207999999997,0.19523867374126253,236.88103999999998,443.05000000000007,443.05000000000007,0.0,0.0
25%,0.0,0.0,443.05000000000007,175.0,0.0,443.05000000000007,216.60800000000006,298.76207999999997,7.785905627192168,258.03818666666666,443.05000000000007,443.05000000000007,0.0,0.0
50%,0.0,1.0,443.05000000000007,175.0,0.0,443.05000000000007,281.81813333333326,298.76207999999997,51.965107643772015,290.2901066666666,443.05000000000007,443.05000000000007,0.0,0.0
75%,1.0,1.0,443.05000000000007,175.0,0.0,443.05000000000007,302.58367999999996,298.76207999999997,71.36185412366518,300.67287999999996,443.05000000000007,443.05000000000007,0.0,0.0
max,1.0,True,443.05000000000007,175.0,0.0,443.05000000000007,589.8547122346666,302.99984,205.83357420657467,444.3083961173333,589.8547122346666,443.05000000000007,146.80471223466657,0.0
