,per_hour_hood_data_count,occupancy,min_lab_cfm,min_hood_cfm,min_additional_hood_cfm,min_possible_lab_cfm,calc_hood_cfm,stream_hood_cfm,stream_and_calc_hood_cfm_std,stream_and_calc_hood_cfm_mean,calc_total_lab_cfm,stream_total_lab_cfm,calc_excess_cfm,stream_excess_cfm
count,4812.0,4812,4812.0,4812.0,4812.0,4812.0,1955.0,1961.0,1955.0,1961.0,4812.0,4812.0,4812.0,4812.0
mean,0.40627597672485455,0.67601828761429761,404.0588009143918,175.0,0.0,404.0588009143918,358.31395509485543,298.9803580157542,69.16093560414002,328.55605220788647,419.14524556593847,404.0588009143918,15.086444651545111,0.0
std,0.4911882997933254,0.46804175749346799,56.32882551428664,0.0,0.0,56.32882551428664,122.4326507119366,0.8371193813430069,66.97235016520128,61.086532025580034,71.36355403757881,56.32882551428664,53.14634129496435,0.0
min,0.0,False,322.70000000000005,175.0,0.0,322.70000000000005,175.0,298.76207999999997,11.901983628572125,236.88103999999998,322.70000000000005,322.70000000000005,0.0,0.0
25%,0.0,0.0,322.70000000000005,175.0,0.0,322.70000000000005,272.88215964333335,298.76207999999997,26.37275709434892,285.96820086814813,352.10641445000005,322.70000000000005,0.0,0.0
50%,0.0,1.0,443.05000000000007,175.0,0.0,443.05000000000007,353.03145695999996,298.76207999999997,45.70383737390184,325.89676848,443.05000000000007,443.05000000000007,0.0,0.0
75%,1.0,1.0,443.05000000000007,175.0,0.0,443.05000000000007,378.22959999999995,298.76207999999997,80.19794602757825,338.49583999999993,443.05000000000007,443.05000000000007,0.0,0.0
max,1.0,True,443.05000000000007,175.0,0.0,443.05000000000007,737.3183902933333,302.99984,310.1061409405677,518.0402351466666,737.3183902933333,443.05000000000007,414.6183902933333,0.0
