,per_hour_hood_data_count,occupancy,min_lab_cfm,min_hood_cfm,min_additional_hood_cfm,min_possible_lab_cfm,calc_hood_cfm,stream_hood_cfm,stream_and_calc_hood_cfm_std,stream_and_calc_hood_cfm_mean,calc_total_lab_cfm,stream_total_lab_cfm,calc_excess_cfm,stream_excess_cfm
count,4812.0,4812,4812.0,4812.0,4812.0,4812.0,1955.0,1961.0,1955.0,1961.0,4812.0,4812.0,4812.0,4812.0
mean,0.40627597672485455,0.66375727348295932,443.05000000002923,175.0,0.0,443.05000000002923,285.00295792429534,298.9803580157542,67.13305710892539,292.01270711139375,447.5822751268615,443.05000000002923,4.532275126833377,0.0
std,0.4911882997933254,0.47247216388317065,0.00013440057773179902,0.0,0.0,0.00013440057773179902,116.7914061874945,0.8371193813430069,49.152199316694954,58.279532706359305,28.74301231184554,0.00013440057773179902,28.743012312152167,0.0
min,0.0,False,443.05000000000007,175.0,0.0,443.05000000000007,175.0,298.76207999999997,0.23860235037884267,236.88103999999998,443.05000000000007,443.05000000000007,0.0,0.0
25%,0.0,0.0,443.05000000000007,175.0,0.0,443.05000000000007,197.56183456800002,298.76207999999997,40.462514781698914,248.16195728399998,443.05000000000007,443.05000000000007,0.0,0.0
50%,0.0,1.0,443.05000000000007,175.0,0.0,443.05000000000007,231.38751999999994,298.76207999999997,58.653602402744376,265.0748,443.05000000000007,443.05000000000007,0.0,0.0
75%,1.0,1.0,443.05000000000007,175.0,0.0,443.05000000000007,355.98079999999993,298.76207999999997,87.51300602175202,327.37143999999995,443.05000000000007,443.05000000000007,0.0,0.0
max,1.0,True,443.05000000000007,175.0,0.0,443.05000000000007,739.2111902933335,302.99984,311.4445526559979,518.9866351466667,739.2111902933335,443.05000000000007,296.16119029333345,0.0
