,per_hour_hood_data_count,occupancy,min_lab_cfm,min_hood_cfm,min_additional_hood_cfm,min_possible_lab_cfm,calc_hood_cfm,stream_hood_cfm,stream_and_calc_hood_cfm_std,stream_and_calc_hood_cfm_mean,calc_total_lab_cfm,stream_total_lab_cfm,calc_excess_cfm,stream_excess_cfm
count,1955.0,1955,1955.0,1955.0,1955.0,1955.0,1955.0,1955.0,1955.0,1955.0,1955.0,1955.0,1955.0,1955.0
mean,1.0,0.67774936061381075,443.0500000000134,175.0,0.0,443.0500000000134,289.5228386713586,298.981027922708,48.30491746023216,294.2519332970314,449.8198747034961,443.0500000000134,6.7698747034862174,0.0
std,0.0,0.4674579533725895,8.060603783396619e-05,0.0,0.0,8.060603783396619e-05,94.16250499461012,0.8383161138135519,46.38807134962721,47.04051084566376,25.883902619364015,8.060603783396619e-05,25.883902619442903,0.0
min,1.0,False,443.05000000000007,175.0,0.0,443.05000000000007,175.0,298.76207999999997,0.19523867374126253,236.88103999999998,443.05000000000007,443.05000000000007,0.0,0.0
25%,1.0,0.0,443.05000000000007,175.0,0.0,443.05000000000007,216.60800000000006,298.76207999999997,7.785905627192168,257.8680888888889,443.05000000000007,443.05000000000007,0.0,0.0
50%,1.0,1.0,443.05000000000007,175.0,0.0,443.05000000000007,281.81813333333326,298.76207999999997,51.965107643772015,290.2901066666666,443.05000000000007,443.05000000000007,0.0,0.0
75%,1.0,1.0,443.05000000000007,175.0,0.0,443.05000000000007,302.58367999999996,298.76207999999997,71.36185412366518,300.67287999999996,443.05000000000007,443.05000000000007,0.0,0.0
max,1.0,True,443.05000000000007,175.0,0.0,443.05000000000007,589.8547122346666,302.99984,205.83357420657467,444.3083961173333,589.8547122346666,443.05000000000007,146.80471223466657,0.0
