,per_hour_hood_data_count,occupancy,min_lab_cfm,min_hood_cfm,min_additional_hood_cfm,min_possible_lab_cfm,calc_hood_cfm,stream_hood_cfm,stream_and_calc_hood_cfm_std,stream_and_calc_hood_cfm_mean,calc_total_lab_cfm,stream_total_lab_cfm,calc_excess_cfm,stream_excess_cfm
count,1955.0,1955,1955.0,1955.0,1955.0,1955.0,1955.0,1955.0,1955.0,1955.0,1955.0,1955.0,1955.0,1955.0
mean,1.0,0.67877237851662409,404.39025575448034,175.0,0.0,404.39025575448034,289.5869661252784,298.981027922708,48.25702160016883,294.2839970239918,416.71983961459017,404.39025575448034,12.329583860111162,0.0
std,0.0,0.46706747199119047,56.2115702541384,0.0,0.0,56.2115702541384,93.940387158393,0.8383161138135519,46.207517047312315,46.928559252051336,62.30307334034433,56.2115702541384,40.36395202487583,0.0
min,1.0,False,322.70000000000005,175.0,0.0,322.70000000000005,175.0,298.76207999999997,0.061923698129022674,236.88103999999998,322.70000000000005,322.70000000000005,0.0,0.0
25%,1.0,0.0,322.70000000000005,175.0,0.0,322.70000000000005,218.77408000000008,298.76207999999997,7.785905627192168,258.76808000000005,322.70000000000005,322.70000000000005,0.0,0.0
50%,1.0,1.0,443.05000000000007,175.0,0.0,443.05000000000007,281.81813333333326,298.76207999999997,51.965107643772015,290.2901066666666,443.05000000000007,443.05000000000007,0.0,0.0
75%,1.0,1.0,443.05000000000007,175.0,0.0,443.05000000000007,302.58367999999996,298.76207999999997,73.78644855056649,300.67287999999996,443.05000000000007,443.05000000000007,0.0,0.0
max,1.0,True,443.05000000000007,175.0,0.0,443.05000000000007,589.8547122346666,302.99984,205.83357420657467,444.3083961173333,589.8547122346666,443.05000000000007,267.1547122346666,0.0
