,per_hour_hood_data_count,occupancy,min_lab_cfm,min_hood_cfm,min_additional_hood_cfm,min_possible_lab_cfm,calc_hood_cfm,stream_hood_cfm,stream_and_calc_hood_cfm_std,stream_and_calc_hood_cfm_mean,calc_total_lab_cfm,stream_total_lab_cfm,calc_excess_cfm,stream_excess_cfm
count,1955.0,1955,1955.0,1955.0,1955.0,1955.0,1955.0,1955.0,1955.0,1955.0,1955.0,1955.0,1955.0,1955.0
mean,1.0,0.67519181585677746,403.959335038366,175.0,0.0,403.959335038366,358.31395509485543,298.981027922708,69.16093560414002,328.64749150878026,441.0928243801763,403.959335038366,37.13348934180822,0.0
std,0.0,0.46842295309168941,56.37470240459509,0.0,0.0,56.37470240459509,122.4326507119366,0.8383161138135519,66.97235016520128,61.157898327145304,84.22137661592515,56.37470240459509,78.32792157411225,0.0
min,1.0,False,322.70000000000005,175.0,0.0,322.70000000000005,175.0,298.76207999999997,11.901983628572125,236.88103999999998,322.70000000000005,322.70000000000005,0.0,0.0
25%,1.0,0.0,322.70000000000005,175.0,0.0,322.70000000000005,272.88215964333335,298.76207999999997,26.37275709434892,285.9009470068519,381.93773333333326,322.70000000000005,0.0,0.0
50%,1.0,1.0,443.05000000000007,175.0,0.0,443.05000000000007,353.03145695999996,298.76207999999997,45.70383737390184,325.89676848,443.05000000000007,443.05000000000007,0.0,0.0
75%,1.0,1.0,443.05000000000007,175.0,0.0,443.05000000000007,378.22959999999995,298.76207999999997,80.19794602757825,338.49583999999993,443.05000000000007,443.05000000000007,39.09639390222219,0.0
max,1.0,True,443.05000000000007,175.0,0.0,443.05000000000007,737.3183902933333,302.99984,310.1061409405677,518.0402351466666,737.3183902933333,443.05000000000007,414.6183902933333,0.0
