,per_hour_hood_data_count,occupancy,min_lab_cfm,min_hood_cfm,min_additional_hood_cfm,min_possible_lab_cfm,calc_hood_cfm,stream_hood_cfm,stream_and_calc_hood_cfm_std,stream_and_calc_hood_cfm_mean,calc_total_lab_cfm,stream_total_lab_cfm,calc_excess_cfm,stream_excess_cfm
count,4812.0,4812,4812.0,4812.0,4812.0,4812.0,1955.0,1961.0,1955.0,1961.0,4812.0,4812.0,4812.0,4812.0
mean,0.40627597672485455,0.68225270157938489,404.8091126350909,175.0,0.0,404.8091126350909,198.09412331588092,298.9803580157542,74.81177000210418,248.69124569898892,404.9352617277433,404.8091126350909,0.12614909265216542,0.0
std,0.4911882997933254,0.4656490232222863,56.040859944741975,0.0,0.0,56.040859944741975,45.36666821641148,0.8371193813430069,22.81650327773616,22.83101269645841,55.88299501234293,56.040859944741975,1.7468355044126405,0.0
min,0.0,False,322.70000000000005,175.0,0.0,322.70000000000005,175.0,298.76207999999997,0.5885357502523059,236.88103999999998,322.70000000000005,322.70000000000005,0.0,0.0
25%,0.0,0.0,322.70000000000005,175.0,0.0,322.70000000000005,175.0,298.76207999999997,77.53233522666015,236.88103999999998,322.70000000000005,322.70000000000005,0.0,0.0
50%,0.0,1.0,443.05000000000007,175.0,0.0,443.05000000000007,176.1363333333333,298.76207999999997,86.70949701606368,238.37623999999997,443.05000000000007,443.05000000000007,0.0,0.0
75%,1.0,1.0,443.05000000000007,175.0,0.0,443.05000000000007,189.11479999999997,298.76207999999997,87.51300602175202,243.93843999999996,443.05000000000007,443.05000000000007,0.0,0.0
max,1.0,True,443.05000000000007,175.0,0.0,443.05000000000007,369.60559514666676,302.99984,90.5095548547931,334.18383757333334,443.05000000000007,443.05000000000007,39.21795705333329,0.0
