description,base lab cfm,equipment inc cfm,sash driven cfm,lab total cfm,savings cfm,lab total cad,savings cad
current operation,19063.90000000008,1204.5799999999986,6859.826304993754,24835.306304993836,0.0,124176.5315249692,0.0
reduced unoccupied ach,17681.172298984537,1475.3374194446774,7364.51856062364,24228.028279052873,613.6100487266629,121140.14139526432,3068.050243633314
reduced unoccupied face velocity,19063.90000000008,1204.5799999999986,4589.8366182230075,22565.316618223085,2270.0017994340237,112826.58309111545,11350.008997170122
sash reduced 20%,19063.90000000008,1204.5799999999986,4604.908913717655,22580.388913717747,2254.91739127609,112901.94456858875,11274.586956380448
sash reduced 50%,19063.90000000008,1204.5799999999986,2187.829084507184,20163.309084507262,4671.997220486572,100816.54542253632,23359.986102432857
"reduced ach, sash reduced 20%",17676.933802443207,1476.7308848255252,5007.242373444376,21867.90706071313,2967.3992442807107,109339.5353035656,14836.996221403551
"reduced ach, sash reduced 50%",17694.544258488,1473.35034767925,2392.794898741713,19267.689504908965,5567.6168000848675,96338.44752454483,27838.084000424344
"all reduced (ach, face vel, sash 50%)",17700.354284268487,1477.0797998048,2398.168129300763,19282.602213374055,5552.704091619781,96413.01106687027,27763.520458098898
