,percent_open,datastream_flow,occupancy,evacuation_cfm,datastream_and_calculated_cfm_std,datastream_and_calculated_cfm_mean
count,1357.0,1361.0,4812,1357.0,1357.0,1361.0
mean,44.62586747197662,599.5576291909521,0.40544472152950956,211.588643513852,274.33532263857927,406.14338528184663
std,10.493303043395994,0.527209950138359,0.49102892498792017,44.131164093414725,31.28367593526495,24.36407679163062
min,28.305,595.40528,False,175.0,78.03224859581314,386.26207999999997
25%,40.759997999999996,599.6430399999999,0.0,186.02266223333336,264.36151834991955,392.83285111666663
50%,41.959998999999996,599.6430399999999,0.0,198.42246181333334,283.6117474414278,399.21031523999994
75%,48.744999,599.6430399999999,1.0,225.77939537999998,292.4737739557515,412.71121768999996
max,100.814995,601.7619199999999,True,489.28877573333335,300.2679731676703,599.6430399999999
