,percent_open,datastream_flow,occupancy,evacuation_cfm,datastream_and_calculated_cfm_std,datastream_and_calculated_cfm_mean
count,1357.0,1361.0,4812,1357.0,1357.0,1361.0
mean,44.62586747197662,599.5576291909521,0.40544472152950956,412.4961742999407,138.91879030933237,506.30191550841516
std,10.493303043395994,0.527209950138359,0.49102892498792017,87.72958987422653,45.27063545936857,44.065936615410195
min,28.305,595.40528,False,257.4436666666666,3.448129850951772,428.54335333333324
25%,40.759997999999996,599.6430399999999,0.0,372.17785752,106.37746835602076,485.91044875999995
50%,41.959998999999996,599.6430399999999,0.0,399.30659999999995,141.6592552427722,499.4748199999999
75%,48.744999,599.6430399999999,1.0,451.2979333333334,160.84217301544342,525.60091538
max,100.814995,601.7619199999999,True,770.0,241.97149740178716,684.82152
