,percent_open,datastream_flow,occupancy,evacuation_cfm,datastream_and_calculated_cfm_std,datastream_and_calculated_cfm_mean
count,1451.0,1455.0,4794,1451.0,1451.0,1455.0
mean,19.893542647259324,227.43388640320518,0.44889445139758033,262.51660423266145,24.80238176036434,244.89691508531124
std,10.11883730178385,70.80917266173417,0.49743324917648307,107.44658604420364,32.55092668360021,87.96491929546073
min,16.514999,205.53135999999998,False,230.0,0.29169367798369433,205.53135999999998
25%,16.629998999999998,205.53135999999998,0.0,230.0,15.803666853891304,217.76567999999997
50%,16.744999,207.65024,0.0,230.0,15.803666853891766,218.82512
75%,16.859999,209.76912,1.0,230.0,17.30194127041276,219.88456
max,73.68624650000001,627.1884799999999,True,863.6005117833333,188.1443926593729,730.5623358916666
