,percent_open,datastream_flow,occupancy,evacuation_cfm,datastream_and_calculated_cfm_std,datastream_and_calculated_cfm_mean
count,1451.0,1455.0,4794,1451.0,1451.0,1455.0
mean,19.893542647259324,227.43388640320518,0.44889445139758033,236.2752904742684,22.983806907781258,231.81232874049078
std,10.11883730178385,70.80917266173417,0.49743324917648307,24.113179509625958,27.641515794554333,46.61345761073397
min,16.514999,205.53135999999998,False,230.0,3.6739005608743236,205.53135999999998
25%,16.629998999999998,205.53135999999998,0.0,230.0,15.803666853891304,217.76567999999997
50%,16.744999,207.65024,0.0,230.0,15.803666853891766,218.82512
75%,16.859999,209.76912,1.0,230.0,17.30194127041276,219.88456
max,73.68624650000001,627.1884799999999,True,447.02989543333337,227.58883767991628,526.16164105
