,per_hour_hood_data_count,occupancy,min_lab_cfm,min_hood_cfm,min_additional_hood_cfm,min_possible_lab_cfm,calc_hood_cfm,stream_hood_cfm,stream_and_calc_hood_cfm_std,stream_and_calc_hood_cfm_mean,calc_total_lab_cfm,stream_total_lab_cfm,calc_excess_cfm,stream_excess_cfm
count,4795.0,4795,4795.0,4795.0,4795.0,4795.0,668.0,678.0,668.0,678.0,4795.0,4795.0,4795.0,4795.0
mean,1.3307612095933263,0.66527632950990612,202.3149530761231,700.0,497.6850469238633,170.0,747.8017088764648,1331.7691431514263,412.66266849157034,1041.0838344059048,250.4945863460851,334.2710071025376,80.49458634608517,164.2710071025374
std,1.5786575044614213,0.47194298957780845,12.273664015619989,0.0,12.273664015832718,0.0,80.82532679872467,181.74834276902067,106.02115863081525,120.83789033048954,202.3556155427322,410.5593596894091,202.35561554273218,410.55935968941094
min,0.0,False,185.01333333333332,700.0,488.98,170.0,700.0,1220.4748799999998,262.8108933441363,960.2374399999999,170.0,170.0,0.0,0.0
25%,0.0,0.0,185.01333333333332,700.0,488.98,170.0,700.0,1224.71264,369.62323365280747,963.41576,170.0,170.0,0.0,0.0
50%,0.0,1.0,211.02,700.0,488.98,170.0,700.0,1243.2528399999999,372.79666210446544,995.405062501389,170.0,170.0,0.0,0.0
75%,3.0,1.0,211.02,700.0,514.9866666666667,170.0,812.2799778333333,1368.79648,457.23494746864753,1057.7059199999999,170.0,170.0,0.0,0.0
max,4.0,True,211.02,700.0,514.9866666666667,170.0,1232.3303530533335,2190.2156266666666,927.1492191036455,1676.8443708483333,1232.3303530533335,2190.2156266666666,1062.3303530533335,2020.2156266666666
