,per_hour_hood_data_count,occupancy,min_lab_cfm,min_hood_cfm,min_additional_hood_cfm,min_possible_lab_cfm,calc_hood_cfm,stream_hood_cfm,stream_and_calc_hood_cfm_std,stream_and_calc_hood_cfm_mean,calc_total_lab_cfm,stream_total_lab_cfm,calc_excess_cfm,stream_excess_cfm
count,4795.0,4795,4795.0,4795.0,4795.0,4795.0,668.0,678.0,668.0,678.0,4795.0,4795.0,4795.0,4795.0
mean,1.3307612095933263,0.67507820646506778,202.56986722280385,700.0,497.43013277718364,170.0,905.9065106779279,1331.7691431514263,328.89219212943544,1119.8797008998474,272.52044820288967,334.2710071025376,102.52044820288951,164.2710071025374
std,1.5786575044614213,0.46839446648675748,12.18137875843054,0.0,12.181378758658916,0.0,274.5536772977692,181.74834276902067,126.55648614554072,211.2103466910263,274.6567280375295,410.5593596894091,274.65672803752943,410.55935968941094
min,0.0,False,185.01333333333332,700.0,488.98,170.0,700.0,1220.4748799999998,64.54700206679185,960.2374399999999,170.0,170.0,0.0,0.0
25%,0.0,0.0,185.01333333333332,700.0,488.98,170.0,700.0,1224.71264,286.9814215061064,963.41576,170.0,170.0,0.0,0.0
50%,0.0,1.0,211.02,700.0,488.98,170.0,733.6611333333333,1243.2528399999999,371.77700312655577,1039.0289950033334,170.0,170.0,0.0,0.0
75%,3.0,1.0,211.02,700.0,514.9866666666667,170.0,1107.470799775926,1368.79648,393.50198216610374,1188.5737605,170.0,170.0,0.0,0.0
max,4.0,True,211.02,700.0,514.9866666666667,170.0,2280.932960537778,2190.2156266666666,671.1809415785056,2200.965920268889,2280.932960537778,2190.2156266666666,2110.932960537778,2020.2156266666666
