,per_hour_hood_data_count,occupancy,min_lab_cfm,min_hood_cfm,min_additional_hood_cfm,min_possible_lab_cfm,calc_hood_cfm,stream_hood_cfm,stream_and_calc_hood_cfm_std,stream_and_calc_hood_cfm_mean,calc_total_lab_cfm,stream_total_lab_cfm,calc_excess_cfm,stream_excess_cfm
count,668.0,668,668.0,668.0,668.0,668.0,668.0,668.0,668.0,668.0,668.0,668.0,668.0,668.0
mean,4.0,0.66766467065868262,211.0200000000005,700.0,488.98,170.0,905.7992079131348,1331.3948513423163,329.42733897973807,1118.597029627728,905.7992079131348,1331.3948513423163,735.7992079131352,1161.3948513423156
std,0.0,0.47140346277576578,1.5497133401986124e-05,0.0,4.433926355321737e-05,0.0,275.0265406003913,180.66771985088408,126.69909130382482,209.65744742516102,275.0265406003913,180.66771985088408,275.0265406003918,180.66771985091623
min,4.0,False,211.02,700.0,488.98,170.0,700.0,1220.4748799999998,71.16708250037581,960.2374399999999,700.0,1220.4748799999998,530.0,1050.4748799999998
25%,4.0,0.0,211.02,700.0,488.98,170.0,700.0,1224.71264,303.2902286998187,963.41576,700.0,1224.71264,530.0,1054.71264
50%,4.0,1.0,211.02,700.0,488.98,170.0,734.54382848,1243.7825599999999,371.77700312655577,1036.6679697866666,734.54382848,1243.7825599999999,564.54382848,1073.7825599999999
75%,4.0,1.0,211.02,700.0,488.98,170.0,1115.1102458066666,1368.79648,393.50198216610374,1187.3877359666667,1115.1102458066666,1368.79648,945.1102458066665,1198.79648
max,4.0,True,211.02,700.0,488.98,170.0,2277.1804935911114,2190.2156266666666,660.9508041049808,2199.0896867955557,2277.1804935911114,2190.2156266666666,2107.1804935911114,2020.2156266666666
