,per_hour_hood_data_count,occupancy,min_lab_cfm,min_hood_cfm,min_additional_hood_cfm,min_possible_lab_cfm,calc_hood_cfm,stream_hood_cfm,stream_and_calc_hood_cfm_std,stream_and_calc_hood_cfm_mean,calc_total_lab_cfm,stream_total_lab_cfm,calc_excess_cfm,stream_excess_cfm
count,668.0,668,668.0,668.0,668.0,668.0,668.0,668.0,668.0,668.0,668.0,668.0,668.0,668.0
mean,4.0,0.65718562874251496,202.1045409181649,700.0,497.89545908183743,170.0,838.7011031610781,1331.3948513423163,353.2393231979067,1085.0479772516996,838.7011031610781,1331.3948513423163,668.7011031610785,1161.3948513423156
std,0.0,0.47500573496425219,12.353315813968594,0.0,12.353315814035735,0.0,195.66200004721688,180.66771985088408,109.87478485172942,171.08016523719317,195.66200004721688,180.66771985088408,195.6620000472153,180.66771985091623
min,4.0,False,185.01333333333332,700.0,488.98,170.0,700.0,1220.4748799999998,124.34625243888057,960.2374399999999,700.0,1220.4748799999998,530.0,1050.4748799999998
25%,4.0,0.0,185.01333333333332,700.0,488.98,170.0,700.0,1224.71264,360.28853036948664,963.41576,700.0,1224.71264,530.0,1054.71264
50%,4.0,1.0,211.02,700.0,488.98,170.0,700.0,1243.7825599999999,371.77700312655577,1016.619393096,700.0,1243.7825599999999,530.0,1073.7825599999999
75%,4.0,1.0,211.02,700.0,514.9866666666667,170.0,991.9055738106667,1368.79648,415.32259903452103,1124.0339007733332,991.9055738106667,1368.79648,821.9055738106667,1198.79648
max,4.0,True,211.02,700.0,514.9866666666667,170.0,1850.8449122240004,2190.2156266666666,800.5249126166477,1977.384229296,1850.8449122240004,2190.2156266666666,1680.8449122240004,2020.2156266666666
