,per_hour_hood_data_count,occupancy,min_lab_cfm,min_hood_cfm,min_additional_hood_cfm,min_possible_lab_cfm,calc_hood_cfm,stream_hood_cfm,stream_and_calc_hood_cfm_std,stream_and_calc_hood_cfm_mean,calc_total_lab_cfm,stream_total_lab_cfm,calc_excess_cfm,stream_excess_cfm
count,4795.0,4795,4795.0,4795.0,4795.0,4795.0,668.0,678.0,668.0,678.0,4795.0,4795.0,4795.0,4795.0
mean,1.3307612095933263,0.67841501564129303,211.0200000000126,700.0,488.979999999984,170.0,839.1352768954085,1331.7691431514263,352.7951144324825,1086.6099956251703,263.21842856436564,334.2710071025376,93.21842856436561,164.2710071025374
std,1.5786575044614213,0.46713337577529124,5.224061722118972e-05,0.0,0.00010993201024092626,0.0,196.64637502670837,181.74834276902067,109.32780340522768,173.8945317024945,243.05858957241594,410.5593596894091,243.05858957241597,410.55935968941094
min,0.0,False,211.02,700.0,488.98,170.0,700.0,1220.4748799999998,123.82231986545116,960.2374399999999,170.0,170.0,0.0,0.0
25%,0.0,0.0,211.02,700.0,488.98,170.0,700.0,1224.71264,361.90404780437393,963.41576,170.0,170.0,0.0,0.0
50%,0.0,1.0,211.02,700.0,488.98,170.0,700.0,1243.2528399999999,371.901859327932,1014.7829665039999,170.0,170.0,0.0,0.0
75%,3.0,1.0,211.02,700.0,488.98,170.0,989.8447731200001,1368.79648,414.8523926015218,1123.716133845,170.0,170.0,0.0,0.0
max,4.0,True,211.02,700.0,488.98,170.0,1905.2305542791114,2190.2156266666666,784.8017428779222,2013.1147171395555,1905.2305542791114,2190.2156266666666,1735.2305542791114,2020.2156266666666
