,per_hour_hood_data_count,occupancy,min_lab_cfm,min_hood_cfm,min_additional_hood_cfm,min_possible_lab_cfm,calc_hood_cfm,stream_hood_cfm,stream_and_calc_hood_cfm_std,stream_and_calc_hood_cfm_mean,calc_total_lab_cfm,stream_total_lab_cfm,calc_excess_cfm,stream_excess_cfm
count,4796.0,4796,4796.0,4796.0,4796.0,4796.0,1703.0,1708.0,1703.0,1708.0,4796.0,4796.0,4796.0,4796.0
mean,0.3550875729774812,0.53607172643869894,211.0200000000126,175.0,0.0,-318.97999999998535,311.322486630362,234.05525025045435,57.62822417010587,272.6003920138414,-95.16741978075369,-122.02749636618033,223.8125802192457,196.95250363381354
std,0.4785897477556311,0.49874913216513517,5.223516953180412e-05,0.0,0.0,0.00011532876333183885,72.18913346658256,51.872835229394816,25.740010908955405,58.73785520850403,304.70688354026026,266.65319194279664,304.7068835402526,266.6531919427932
min,0.0,False,211.02,175.0,0.0,-318.98,175.0,194.93696,0.703045654787013,190.26567999999997,-318.98,-318.98,0.0,0.0
25%,0.0,0.0,211.02,175.0,0.0,-318.98,262.77999066666666,207.65024,36.79742828422346,235.35511533333332,-318.98,-318.98,0.0,0.0
50%,0.0,1.0,211.02,175.0,0.0,-318.98,293.6994605688889,209.76912,56.55108794115383,251.71131076,-318.98,-318.98,0.0,0.0
75%,1.0,1.0,211.02,175.0,0.0,-318.98,359.566648,243.6712,80.79011758894256,300.07115708999993,266.6999906666667,207.65024,585.6799906666668,526.63024
max,1.0,True,211.02,175.0,0.0,-318.98,706.3876948799999,625.0695999999999,105.29701068400674,645.7569522466665,706.3876948799999,625.0695999999999,1025.3676948799998,944.0495999999999
