,per_hour_hood_data_count,occupancy,min_lab_cfm,min_hood_cfm,min_additional_hood_cfm,min_possible_lab_cfm,calc_hood_cfm,stream_hood_cfm,stream_and_calc_hood_cfm_std,stream_and_calc_hood_cfm_mean,calc_total_lab_cfm,stream_total_lab_cfm,calc_excess_cfm,stream_excess_cfm
count,4795.0,4795,4795.0,4795.0,4795.0,4795.0,668.0,678.0,668.0,678.0,4795.0,4795.0,4795.0,4795.0
mean,1.3307612095933263,0.68529718456725752,202.83562877998176,700.0,497.16437122000565,170.0,838.7011031610781,1331.7691431514263,353.2393231979067,1086.391276705927,263.1579430472576,334.2710071025376,93.15794304725766,164.2710071025374
std,1.5786575044614213,0.46444584164691416,12.078688188425776,0.0,12.078688188663042,0.0,195.66200004721688,181.74834276902067,109.87478485172942,173.17450413488254,242.80462700113148,410.5593596894091,242.80462700113134,410.55935968941094
min,0.0,False,185.01333333333332,700.0,488.98,170.0,700.0,1220.4748799999998,124.34625243888057,960.2374399999999,170.0,170.0,0.0,0.0
25%,0.0,0.0,185.01333333333332,700.0,488.98,170.0,700.0,1224.71264,360.28853036948664,963.41576,170.0,170.0,0.0,0.0
50%,0.0,1.0,211.02,700.0,488.98,170.0,700.0,1243.2528399999999,371.77700312655577,1016.619393096,170.0,170.0,0.0,0.0
75%,3.0,1.0,211.02,700.0,514.9866666666667,170.0,991.9055738106667,1368.79648,415.32259903452103,1125.0050541066666,170.0,170.0,0.0,0.0
max,4.0,True,211.02,700.0,514.9866666666667,170.0,1850.8449122240004,2190.2156266666666,800.5249126166477,1977.384229296,1850.8449122240004,2190.2156266666666,1680.8449122240004,2020.2156266666666
