,per_hour_hood_data_count,occupancy,min_lab_cfm,min_hood_cfm,min_additional_hood_cfm,min_possible_lab_cfm,calc_hood_cfm,stream_hood_cfm,stream_and_calc_hood_cfm_std,stream_and_calc_hood_cfm_mean,calc_total_lab_cfm,stream_total_lab_cfm,calc_excess_cfm,stream_excess_cfm
count,668.0,668,668.0,668.0,668.0,668.0,668.0,668.0,668.0,668.0,668.0,668.0,668.0,668.0
mean,4.0,0.69011976047904189,202.9610479041928,700.0,497.03895209580895,170.0,906.006468807891,1331.3948513423163,328.7104395374936,1118.7006600751056,906.006468807891,1331.3948513423163,736.0064688078912,1161.3948513423156
std,0.0,0.46279055530520791,12.035639708303005,0.0,12.035639708392335,0.0,274.2706456709171,180.66771985088408,126.51984172420231,209.10901275505552,274.2706456709171,180.66771985088408,274.2706456709145,180.66771985091623
min,4.0,False,185.01333333333332,700.0,488.98,170.0,700.0,1220.4748799999998,71.38612541945209,960.2374399999999,700.0,1220.4748799999998,530.0,1050.4748799999998
25%,4.0,0.0,185.01333333333332,700.0,488.98,170.0,700.0,1224.71264,301.3901467216994,963.41576,700.0,1224.71264,530.0,1054.71264
50%,4.0,1.0,211.02,700.0,488.98,170.0,737.2266999999999,1243.7825599999999,371.77700312655577,1038.26983524,737.2266999999999,1243.7825599999999,567.2266999999999,1073.7825599999999
75%,4.0,1.0,211.02,700.0,514.9866666666667,170.0,1110.1814696875,1368.79648,393.50198216610374,1189.1349580822223,1110.1814696875,1368.79648,940.1814696875001,1198.79648
max,4.0,True,211.02,700.0,514.9866666666667,170.0,2290.5273149733334,2190.2156266666666,685.6922805629539,2205.763097486667,2290.5273149733334,2190.2156266666666,2120.5273149733334,2020.2156266666666
