,per_hour_hood_data_count,occupancy,min_lab_cfm,min_hood_cfm,min_additional_hood_cfm,min_possible_lab_cfm,calc_hood_cfm,stream_hood_cfm,stream_and_calc_hood_cfm_std,stream_and_calc_hood_cfm_mean,calc_total_lab_cfm,stream_total_lab_cfm,calc_excess_cfm,stream_excess_cfm
count,4795.0,4795,4795.0,4795.0,4795.0,4795.0,668.0,678.0,668.0,678.0,4795.0,4795.0,4795.0,4795.0
mean,1.3307612095933263,0.68237747653806047,211.0200000000126,700.0,488.979999999984,170.0,840.1370203619574,1331.7691431514263,362.13009126356195,1087.398987267874,263.35798323290663,334.2710071025376,93.35798323290666,164.2710071025374
std,1.5786575044614213,0.46560032904795867,5.224061722118972e-05,0.0,0.00010993201024092626,0.0,225.66311234746692,181.74834276902067,108.53598454818815,188.61612083222457,246.86698490173018,410.5593596894091,246.86698490173012,410.55935968941094
min,0.0,False,211.02,700.0,488.98,170.0,700.0,1220.4748799999998,73.75991715484729,960.2374399999999,170.0,170.0,0.0,0.0
25%,0.0,0.0,211.02,700.0,488.98,170.0,700.0,1224.71264,356.72107237005133,963.41576,170.0,170.0,0.0,0.0
50%,0.0,1.0,211.02,700.0,488.98,170.0,704.545794484,1243.2528399999999,372.2139998313738,1013.18804,170.0,170.0,0.0,0.0
75%,3.0,1.0,211.02,700.0,488.98,170.0,898.7663711600001,1368.79648,403.0194878018255,1132.4587111166668,170.0,170.0,0.0,0.0
max,4.0,True,211.02,700.0,488.98,170.0,2193.4347687466666,2190.2156266666666,760.6997256186119,2071.4021843733335,2193.4347687466666,2190.2156266666666,2023.4347687466666,2020.2156266666666
