,per_hour_hood_data_count,occupancy,min_lab_cfm,min_hood_cfm,min_additional_hood_cfm,min_possible_lab_cfm,calc_hood_cfm,stream_hood_cfm,stream_and_calc_hood_cfm_std,stream_and_calc_hood_cfm_mean,calc_total_lab_cfm,stream_total_lab_cfm,calc_excess_cfm,stream_excess_cfm
count,4795.0,4795,4795.0,4795.0,4795.0,4795.0,668.0,678.0,668.0,678.0,4795.0,4795.0,4795.0,4795.0
mean,1.3307612095933263,0.66819603753910328,211.0200000000126,700.0,488.979999999984,170.0,905.7992079131348,1331.7691431514263,329.42733897973807,1119.8518598991286,272.50549966339406,334.2710071025376,102.50549966339402,164.2710071025374
std,1.5786575044614213,0.47091011920334519,5.224061722118972e-05,0.0,0.00010993201024092626,0.0,275.0265406003913,181.74834276902067,126.69909130382482,211.61182524752337,274.68807121953324,410.5593596894091,274.6880712195334,410.55935968941094
min,0.0,False,211.02,700.0,488.98,170.0,700.0,1220.4748799999998,71.16708250037581,960.2374399999999,170.0,170.0,0.0,0.0
25%,0.0,0.0,211.02,700.0,488.98,170.0,700.0,1224.71264,303.2902286998187,963.41576,170.0,170.0,0.0,0.0
50%,0.0,1.0,211.02,700.0,488.98,170.0,734.54382848,1243.2528399999999,371.77700312655577,1036.6679697866666,170.0,170.0,0.0,0.0
75%,3.0,1.0,211.02,700.0,488.98,170.0,1115.1102458066666,1368.79648,393.50198216610374,1187.406395146667,170.0,170.0,0.0,0.0
max,4.0,True,211.02,700.0,488.98,170.0,2277.1804935911114,2190.2156266666666,660.9508041049808,2199.0896867955557,2277.1804935911114,2190.2156266666666,2107.1804935911114,2020.2156266666666
