,per_hour_hood_data_count,occupancy,min_lab_cfm,min_hood_cfm,min_additional_hood_cfm,min_possible_lab_cfm,calc_hood_cfm,stream_hood_cfm,stream_and_calc_hood_cfm_std,stream_and_calc_hood_cfm_mean,calc_total_lab_cfm,stream_total_lab_cfm,calc_excess_cfm,stream_excess_cfm
count,4795.0,4795,4795.0,4795.0,4795.0,4795.0,668.0,678.0,668.0,678.0,4795.0,4795.0,4795.0,4795.0
mean,1.3307612095933263,0.6805005213764338,211.0200000000126,700.0,488.979999999984,170.0,747.9176982005613,1331.7691431514263,412.5806516539564,1041.1174449229552,250.51074502564651,334.2710071025376,80.51074502564651,164.2710071025374
std,1.5786575044614213,0.46633133522787673,5.224061722118972e-05,0.0,0.00010993201024092626,0.0,81.04667843639092,181.74834276902067,105.89763238668229,120.85271497477328,202.40765044106635,410.5593596894091,202.40765044106638,410.55935968941094
min,0.0,False,211.02,700.0,488.98,170.0,700.0,1220.4748799999998,263.10733392743106,960.2374399999999,170.0,170.0,0.0,0.0
25%,0.0,0.0,211.02,700.0,488.98,170.0,700.0,1224.71264,369.62323365280747,963.41576,170.0,170.0,0.0,0.0
50%,0.0,1.0,211.02,700.0,488.98,170.0,700.0,1243.2528399999999,372.79666210446544,995.2284105583333,170.0,170.0,0.0,0.0
75%,3.0,1.0,211.02,700.0,488.98,170.0,812.2799778333333,1368.79648,457.58615604365696,1057.7059199999999,170.0,170.0,0.0,0.0
max,4.0,True,211.02,700.0,488.98,170.0,1234.4025871333333,2190.2156266666666,937.7827615898068,1677.7007335666667,1234.4025871333333,2190.2156266666666,1064.4025871333333,2020.2156266666666
