,per_hour_hood_data_count,occupancy,min_lab_cfm,min_hood_cfm,min_additional_hood_cfm,min_possible_lab_cfm,calc_hood_cfm,stream_hood_cfm,stream_and_calc_hood_cfm_std,stream_and_calc_hood_cfm_mean,calc_total_lab_cfm,stream_total_lab_cfm,calc_excess_cfm,stream_excess_cfm
count,4795.0,4795,4795.0,4795.0,4795.0,4795.0,668.0,678.0,668.0,678.0,4795.0,4795.0,4795.0,4795.0
mean,1.3307612095933263,0.68779979144942649,202.90071324296412,700.0,497.09928675702287,170.0,906.006468807891,1331.7691431514263,328.7104395374936,1119.9230213171809,272.5343735482109,334.2710071025376,102.53437354821091,164.2710071025374
std,1.5786575044614213,0.46343934877800846,12.052512663881016,0.0,12.052512664121632,0.0,274.2706456709171,181.74834276902067,126.51984172420231,210.89969768366853,274.6495063086908,410.5593596894091,274.6495063086905,410.55935968941094
min,0.0,False,185.01333333333332,700.0,488.98,170.0,700.0,1220.4748799999998,71.38612541945209,960.2374399999999,170.0,170.0,0.0,0.0
25%,0.0,0.0,185.01333333333332,700.0,488.98,170.0,700.0,1224.71264,301.3901467216994,963.41576,170.0,170.0,0.0,0.0
50%,0.0,1.0,211.02,700.0,488.98,170.0,737.2266999999999,1243.2528399999999,371.77700312655577,1038.26983524,170.0,170.0,0.0,0.0
75%,3.0,1.0,211.02,700.0,514.9866666666667,170.0,1110.1814696875,1368.79648,393.50198216610374,1189.5018803822222,170.0,170.0,0.0,0.0
max,4.0,True,211.02,700.0,514.9866666666667,170.0,2290.5273149733334,2190.2156266666666,685.6922805629539,2205.763097486667,2290.5273149733334,2190.2156266666666,2120.5273149733334,2020.2156266666666
