,per_hour_hood_data_count,occupancy,min_lab_cfm,min_hood_cfm,min_additional_hood_cfm,min_possible_lab_cfm,calc_hood_cfm,stream_hood_cfm,stream_and_calc_hood_cfm_std,stream_and_calc_hood_cfm_mean,calc_total_lab_cfm,stream_total_lab_cfm,calc_excess_cfm,stream_excess_cfm
count,668.0,668,668.0,668.0,668.0,668.0,668.0,668.0,668.0,668.0,668.0,668.0,668.0,668.0
mean,4.0,0.67365269461077848,211.0200000000005,700.0,488.98,170.0,839.1352768954085,1331.3948513423163,352.7951144324825,1085.2650641188632,839.1352768954085,1331.3948513423163,669.1352768954088,1161.3948513423156
std,0.0,0.46922739046835454,1.5497133401986124e-05,0.0,4.433926355321737e-05,0.0,196.64637502670837,180.66771985088408,109.32780340522768,171.79689632288753,196.64637502670837,180.66771985088408,196.64637502670703,180.66771985091623
min,4.0,False,211.02,700.0,488.98,170.0,700.0,1220.4748799999998,123.82231986545116,960.2374399999999,700.0,1220.4748799999998,530.0,1050.4748799999998
25%,4.0,0.0,211.02,700.0,488.98,170.0,700.0,1224.71264,361.90404780437393,963.41576,700.0,1224.71264,530.0,1054.71264
50%,4.0,1.0,211.02,700.0,488.98,170.0,700.0,1243.7825599999999,371.901859327932,1014.7829665039999,700.0,1243.7825599999999,530.0,1073.7825599999999
75%,4.0,1.0,211.02,700.0,488.98,170.0,989.8447731200001,1368.79648,414.8523926015218,1123.4357599999998,989.8447731200001,1368.79648,819.8447731200001,1198.79648
max,4.0,True,211.02,700.0,488.98,170.0,1905.2305542791114,2190.2156266666666,784.8017428779222,2013.1147171395555,1905.2305542791114,2190.2156266666666,1735.2305542791114,2020.2156266666666
