,per_hour_hood_data_count,occupancy,min_lab_cfm,min_hood_cfm,min_additional_hood_cfm,min_possible_lab_cfm,calc_hood_cfm,stream_hood_cfm,stream_and_calc_hood_cfm_std,stream_and_calc_hood_cfm_mean,calc_total_lab_cfm,stream_total_lab_cfm,calc_excess_cfm,stream_excess_cfm
count,4796.0,4796,4796.0,4796.0,4796.0,4796.0,1703.0,1708.0,1703.0,1708.0,4796.0,4796.0,4796.0,4796.0
mean,0.3550875729774812,0.53794829024186819,199.7030872949669,175.0,0.0,-330.2969127050158,182.21404980243008,234.05525025045435,36.62234472136889,208.2351496490966,-148.14290655820068,-129.13649136201454,182.15400614683253,201.1604213430171
std,0.4785897477556311,0.49860983201607972,12.894856852472605,0.0,0.0,12.894856852785905,18.089214701690576,51.872835229394816,26.31774408219241,34.203452183817504,245.61194244827138,272.1013578929181,245.83440897129316,272.2528824276423
min,0.0,False,185.01333333333332,175.0,0.0,-344.9866666666667,175.0,194.93696,14.09755961224449,184.96848,-344.9866666666667,-344.9866666666667,0.0,0.0
25%,0.0,0.0,185.01333333333332,175.0,0.0,-344.9866666666667,175.0,207.65024,23.087206111367912,191.32512,-344.9866666666667,-344.9866666666667,0.0,0.0
50%,0.0,1.0,211.02,175.0,0.0,-318.98,175.0,209.76912,24.585480527888613,192.38456,-318.98,-318.98,0.0,0.0
75%,1.0,1.0,211.02,175.0,0.0,-318.98,180.09646195333335,243.6712,42.723472093762034,211.24569185999997,175.0,207.65024,493.98,536.82735
max,1.0,True,211.02,175.0,0.0,-318.98,356.3751380466666,625.0695999999999,271.37117457423494,473.7713290233333,356.3751380466666,625.0695999999999,675.3551380466666,944.0495999999999
