,per_hour_hood_data_count,occupancy,min_lab_cfm,min_hood_cfm,min_additional_hood_cfm,min_possible_lab_cfm,calc_hood_cfm,stream_hood_cfm,stream_and_calc_hood_cfm_std,stream_and_calc_hood_cfm_mean,calc_total_lab_cfm,stream_total_lab_cfm,calc_excess_cfm,stream_excess_cfm
count,4796.0,4796,4796.0,4796.0,4796.0,4796.0,1703.0,1708.0,1703.0,1708.0,4796.0,4796.0,4796.0,4796.0
mean,0.3550875729774812,0.53982485404503755,199.7952710592149,175.0,0.0,-330.20472894076795,250.989737980216,234.05525025045435,20.633359959731266,242.52232674709785,-123.74862723513168,-129.1636042338521,206.45610170565226,201.0411247069315
std,0.4785897477556311,0.49846342682136469,12.882462791760739,0.0,0.0,12.882462792074099,55.19430690012436,51.872835229394816,16.115714608169856,50.948483809892636,280.2214209812974,272.12157218185274,280.23687992742623,272.1005139106625
min,0.0,False,185.01333333333332,175.0,0.0,-344.9866666666667,175.0,194.93696,0.007702749466108672,190.26567999999997,-344.9866666666667,-344.9866666666667,0.0,0.0
25%,0.0,0.0,185.01333333333332,175.0,0.0,-344.9866666666667,209.58933333333334,207.65024,6.072333845809229,208.89462634133335,-344.9866666666667,-344.9866666666667,0.0,0.0
50%,0.0,1.0,211.02,175.0,0.0,-318.98,236.61790521600005,209.76912,21.58893169484791,222.7033527111111,-318.98,-318.98,0.0,0.0
75%,1.0,1.0,211.02,175.0,0.0,-318.98,288.37610666666666,243.6712,30.593905629121913,264.983752972,212.45484581066668,207.65024,546.0375858133334,530.0292766666666
max,1.0,True,211.02,175.0,0.0,-318.98,553.2635806506667,625.0695999999999,163.39013708150716,581.7006550186666,553.2635806506667,625.0695999999999,872.2435806506667,944.0495999999999
