,per_hour_hood_data_count,occupancy,min_lab_cfm,min_hood_cfm,min_additional_hood_cfm,min_possible_lab_cfm,calc_hood_cfm,stream_hood_cfm,stream_and_calc_hood_cfm_std,stream_and_calc_hood_cfm_mean,calc_total_lab_cfm,stream_total_lab_cfm,calc_excess_cfm,stream_excess_cfm
count,4795.0,4795,4795.0,4795.0,4795.0,4795.0,668.0,678.0,668.0,678.0,4795.0,4795.0,4795.0,4795.0
mean,1.3307612095933263,0.67924921793534931,202.67834132777475,700.0,497.321658672213,170.0,747.8351560769954,1331.7691431514263,412.6390177492635,1041.0944149326758,250.49924593523107,334.2710071025376,80.49924593523102,164.2710071025374
std,1.5786575044614213,0.46681384319880381,12.14027201545076,0.0,12.140272015678116,0.0,81.02816311249424,181.74834276902067,105.89345818502184,120.96983236720538,202.37835461179307,410.5593596894091,202.37835461179318,410.55935968941094
min,0.0,False,185.01333333333332,700.0,488.98,170.0,700.0,1220.4748799999998,262.22567634767,960.2374399999999,170.0,170.0,0.0,0.0
25%,0.0,0.0,185.01333333333332,700.0,488.98,170.0,700.0,1224.71264,369.52959150177526,963.41576,170.0,170.0,0.0,0.0
50%,0.0,1.0,211.02,700.0,488.98,170.0,700.0,1243.2528399999999,372.6718059030886,995.4481333333333,170.0,170.0,0.0,0.0
75%,3.0,1.0,211.02,700.0,514.9866666666667,170.0,812.2799778333333,1368.79648,456.1455288625973,1057.7059199999999,170.0,170.0,0.0,0.0
max,4.0,True,211.02,700.0,514.9866666666667,170.0,1259.631751886667,2190.2156266666666,937.7827615898068,1690.3153159433332,1259.631751886667,2190.2156266666666,1089.631751886667,2020.2156266666666
