,per_hour_hood_data_count,occupancy,min_lab_cfm,min_hood_cfm,min_additional_hood_cfm,min_possible_lab_cfm,calc_hood_cfm,stream_hood_cfm,stream_and_calc_hood_cfm_std,stream_and_calc_hood_cfm_mean,calc_total_lab_cfm,stream_total_lab_cfm,calc_excess_cfm,stream_excess_cfm
count,668.0,668,668.0,668.0,668.0,668.0,668.0,668.0,668.0,668.0,668.0,668.0,668.0,668.0
mean,4.0,0.65718562874251496,202.1045409181649,700.0,497.8954590818368,170.0,747.8017088764648,1331.3948513423163,412.66266849157034,1039.5982801093924,747.8017088764648,1331.3948513423163,577.8017088764647,1161.3948513423156
std,0.0,0.47500573496425219,12.353315813968594,0.0,12.353315814059245,0.0,80.82532679872467,180.66771985088408,106.02115863081525,118.18010063208187,80.82532679872467,180.66771985088408,80.82532679872716,180.66771985091623
min,4.0,False,185.01333333333332,700.0,488.98,170.0,700.0,1220.4748799999998,262.8108933441363,960.2374399999999,700.0,1220.4748799999998,530.0,1050.4748799999998
25%,4.0,0.0,185.01333333333332,700.0,488.98,170.0,700.0,1224.71264,369.62323365280747,963.41576,700.0,1224.71264,530.0,1054.71264
50%,4.0,1.0,211.02,700.0,488.98,170.0,700.0,1243.7825599999999,372.79666210446544,995.405062501389,700.0,1243.7825599999999,530.0,1073.7825599999999
75%,4.0,1.0,211.02,700.0,514.9866666666667,170.0,812.2799778333333,1368.79648,457.23494746864753,1053.269515,812.2799778333333,1368.79648,642.2799778333333,1198.79648
max,4.0,True,211.02,700.0,514.9866666666667,170.0,1232.3303530533335,2190.2156266666666,927.1492191036455,1662.929178081111,1232.3303530533335,2190.2156266666666,1062.3303530533335,2020.2156266666666
