count,17.0
mean,0.12633294102246606
std,0.06286157513055693
min,-0.058822655355516396
25%,0.09999949950961573
50%,0.12021786191537165
75%,0.17869220132226354
max,0.19253497868052977
