count,159.0
mean,0.05419118149439149
std,0.04743987960836287
min,-0.0655150785969121
25%,0.01706950939926768
50%,0.05205180657651111
75%,0.09168644104792453
max,0.15486324658970552
