count,16.0
mean,0.08502946441209913
std,0.08617068318074814
min,-0.06460736927051464
25%,0.05330441706295365
50%,0.08862603284800696
75%,0.15812226727947196
max,0.19431464121400893
