count,17.0
mean,0.1263329410224661
std,0.0628615751305569
min,-0.058822655355516396
25%,0.0999994995096157
50%,0.12021786191537168
75%,0.17869220132226354
max,0.19253497868052977
