count,17.0
mean,0.1263329410224661
std,0.06286157513055687
min,-0.058822655355516396
25%,0.09999949950961572
50%,0.12021786191537168
75%,0.17869220132226354
max,0.19253497868052974
