count,16.0
mean,0.08502946441209915
std,0.08617068318074811
min,-0.06460736927051464
25%,0.053304417062953635
50%,0.08862603284800696
75%,0.15812226727947198
max,0.1943146412140089
