,occupancy,min_lab_evacuation_cfm,min_summed_hood_evacuation_cfm,min_additional_hood_evacuation_cfm,min_possible_laboratory_evac,real_fumehood_evacuation_cfm,total_lab_evacuation_cfm,excess_evacuation
count,215.0,215.0,215.0,215.0,215.0,211.0,215.0,215.0
mean,3.1209302325581394,4308.641860465116,3000.0,1424.2790697674418,4424.279069767442,3092.377773928714,4425.387499627906,1.1084298604651193
std,2.852164134849028,1383.7082971170412,0.0,1226.3645980554138,1226.364598055414,158.33180291017848,1225.0839059658686,5.71231349046952
min,0.0,2198.0,3000.0,0.0,3000.0,3000.0,3000.0,0.0
25%,1.0,3836.0,3000.0,836.0,3836.0,3000.0,3836.0,0.0
50%,2.0,3836.0,3000.0,836.0,3836.0,3014.309366875,3836.0,0.0
75%,5.0,6294.0,3000.0,3294.0,6294.0,3132.20624375,6294.0,0.0
max,13.0,6294.0,3000.0,3294.0,6294.0,3813.956186041666,6294.0,70.30622374999984
