,percent_open,datastream_flow,occupancy,evacuation_cfm,datastream_and_calculated_cfm_std,datastream_and_calculated_cfm_mean
count,1599.0,1603.0,4795,1599.0,1599.0,1603.0
mean,14.367517855599962,228.87375617522684,0.55140771637121999,206.8831084641499,25.18203632481809,217.87740670713114
std,16.55961360323181,53.19345291740512,0.49740209484258829,72.90829487383097,10.738660004013202,61.74911444426705
min,0.0,205.53135999999998,False,175.0,2.4099746566788007,190.26567999999997
25%,2.88,205.53135999999998,0.0,175.0,21.58893169484791,190.26567999999997
50%,10.035,207.65024,1.0,175.0,23.08720611136823,191.32512
75%,14.105,209.76912,1.0,175.0,23.754785163395127,192.38456
max,63.354997499999996,595.40528,True,473.050648,135.4577873504097,508.09284945066656
