,percent_open,datastream_flow,occupancy,evacuation_cfm,datastream_and_calculated_cfm_std,datastream_and_calculated_cfm_mean
count,1599.0,1603.0,4795,1599.0,1599.0,1603.0
mean,14.367517855599962,228.87375617522684,0.55140771637121999,222.6536822704175,33.84890547144192,225.7430172861143
std,16.55961360323181,53.19345291740512,0.49740209484258829,106.36542729592338,27.115900214438938,78.28845060137091
min,0.0,205.53135999999998,False,175.0,0.07379622824890358,190.26567999999997
25%,2.88,205.53135999999998,0.0,175.0,21.58893169484791,190.26567999999997
50%,10.035,207.65024,1.0,175.0,23.08720611136823,191.32512
75%,14.105,209.76912,1.0,175.0,24.585480527888613,192.38456
max,63.354997499999996,595.40528,True,579.4870438,136.31720749670444,559.22383524
