,percent_open,datastream_flow,occupancy,evacuation_cfm,datastream_and_calculated_cfm_std,datastream_and_calculated_cfm_mean
count,1599.0,1603.0,4795,1599.0,1599.0,1603.0
mean,14.367517855599962,228.87375617522684,0.56517205422314909,183.65149315608755,32.01732155693391,206.29058422503684
std,16.55961360323181,53.19345291740512,0.49578610900824693,22.53010188400869,24.620074835612645,36.94554494108499
min,0.0,205.53135999999998,False,175.0,21.58893169484791,190.26567999999997
25%,2.88,205.53135999999998,0.0,175.0,21.58893169484791,190.26567999999997
50%,10.035,207.65024,1.0,175.0,23.08720611136823,191.32512
75%,14.105,209.76912,1.0,175.0,24.585480527888613,192.38456
max,63.354997499999996,595.40528,True,289.7435219,238.63341599343258,426.66597333333334
