,percent_open,datastream_flow,occupancy,evacuation_cfm,datastream_and_calculated_cfm_std,datastream_and_calculated_cfm_mean
count,1599.0,1603.0,4795,1599.0,1599.0,1603.0
mean,14.367517855599962,228.87375617522684,0.55140771637121999,183.68489203016244,31.993704986591638,206.30724199161384
std,16.55961360323181,53.19345291740512,0.49740209484258829,22.42431065607312,24.569245012572836,36.93031786540553
min,0.0,205.53135999999998,False,175.0,21.58893169484791,190.26567999999997
25%,2.88,205.53135999999998,0.0,175.0,21.58893169484791,190.26567999999997
50%,10.035,207.65024,1.0,175.0,23.08720611136823,191.32512
75%,14.105,209.76912,1.0,175.0,24.585480527888613,192.38456
max,63.354997499999996,595.40528,True,307.4829212,234.98578209245602,429.24523999999997
