,per_hour_hood_data_count,occupancy,min_lab_cfm,min_hood_cfm,min_additional_hood_cfm,min_possible_lab_cfm,calc_hood_cfm,stream_hood_cfm,stream_and_calc_hood_cfm_std,stream_and_calc_hood_cfm_mean,calc_total_lab_cfm,stream_total_lab_cfm,calc_excess_cfm,stream_excess_cfm
count,1156.0,1156,1156.0,1156.0,1156.0,1156.0,1156.0,1156.0,1156.0,1156.0,1156.0,1156.0,1156.0,1156.0
mean,1.0,0.98183391003460208,269.32000000000545,175.0,0.0,269.32000000000545,190.35678765673197,598.1094028431331,288.46982447951916,394.23309524993726,279.0065444734268,598.1094028431331,9.686544473421758,328.7894028431401
std,0.0,0.13360960158982882,4.399108704568159e-05,0.0,0.0,4.399108704568159e-05,65.18588778265044,0.8515243010231321,45.222602783503724,32.56552405242354,45.174877316144865,0.8515243010231321,45.17487731616577,0.8515242922204054
min,1.0,False,269.32000000000005,175.0,0.0,269.32000000000005,175.0,597.5241599999999,8.556834659653108,386.26207999999997,269.32000000000005,597.5241599999999,0.0,328.2041599999999
25%,1.0,1.0,269.32000000000005,175.0,0.0,269.32000000000005,175.0,597.5241599999999,298.76969875114975,386.26207999999997,269.32000000000005,597.5241599999999,0.0,328.2041599999999
50%,1.0,1.0,269.32000000000005,175.0,0.0,269.32000000000005,175.0,597.5241599999999,298.76969875114975,386.26207999999997,269.32000000000005,597.5241599999999,0.0,328.2041599999999
75%,1.0,1.0,269.32000000000005,175.0,0.0,269.32000000000005,175.0,598.5835999999999,299.51883595941007,387.11183916666664,269.32000000000005,598.5835999999999,0.0,329.2635999999999
max,1.0,True,269.32000000000005,175.0,0.0,269.32000000000005,669.56582784,599.6430399999999,300.2679731676703,633.54499392,669.56582784,599.6430399999999,400.24582783999995,330.3230399999999
