,per_hour_hood_data_count,occupancy,min_lab_cfm,min_hood_cfm,min_additional_hood_cfm,min_possible_lab_cfm,calc_hood_cfm,stream_hood_cfm,stream_and_calc_hood_cfm_std,stream_and_calc_hood_cfm_mean,calc_total_lab_cfm,stream_total_lab_cfm,calc_excess_cfm,stream_excess_cfm
count,1156.0,1156,1156.0,1156.0,1156.0,1156.0,1156.0,1156.0,1156.0,1156.0,1156.0,1156.0,1156.0,1156.0
mean,1.0,0.98183391003460208,268.18570934256593,175.0,0.0,268.18570934256593,185.04804156425686,598.1094028431331,292.07848960644617,391.5787222036996,273.1747835969032,598.1094028431331,4.989074254337561,329.9236935005797
std,0.0,0.13360960158982882,8.342583523152422,0.0,0.0,8.342583523152422,44.32389276464706,0.8515243010231321,31.390681929170693,22.13546533789805,26.903301715490272,0.8515243010231321,25.354704168718754,8.38637976624146
min,1.0,False,206.88,175.0,0.0,206.88,175.0,597.5241599999999,74.13826879164088,386.26207999999997,206.88,597.5241599999999,0.0,328.2041599999999
25%,1.0,1.0,269.32000000000005,175.0,0.0,269.32000000000005,175.0,597.5241599999999,298.76969875114975,386.26207999999997,269.32000000000005,597.5241599999999,0.0,328.2041599999999
50%,1.0,1.0,269.32000000000005,175.0,0.0,269.32000000000005,175.0,597.5241599999999,298.76969875114975,386.26207999999997,269.32000000000005,597.5241599999999,0.0,328.2041599999999
75%,1.0,1.0,269.32000000000005,175.0,0.0,269.32000000000005,175.0,598.5835999999999,299.51883595941007,387.0676958333333,269.32000000000005,598.5835999999999,0.0,329.50638833333323
max,1.0,True,269.32000000000005,175.0,0.0,269.32000000000005,492.6768147840001,599.6430399999999,300.2679731676703,545.100487392,492.6768147840001,599.6430399999999,223.35681478400005,392.76303999999993
