,per_hour_hood_data_count,occupancy,min_lab_cfm,min_hood_cfm,min_additional_hood_cfm,min_possible_lab_cfm,calc_hood_cfm,stream_hood_cfm,stream_and_calc_hood_cfm_std,stream_and_calc_hood_cfm_mean,calc_total_lab_cfm,stream_total_lab_cfm,calc_excess_cfm,stream_excess_cfm
count,4811.0,4811,4811.0,4811.0,4811.0,4811.0,1156.0,1159.0,1156.0,1159.0,4811.0,4811.0,4811.0,4811.0
mean,0.24028268551236748,0.97609644564539599,267.82746206609187,175.0,0.0,267.82746206609187,190.4237307377182,598.1097161748593,288.45288356378023,394.7945147279871,270.1876901382384,347.3464479415362,2.3602280721462385,79.5189858754251
std,0.4272995063152257,0.15276460718287532,9.538622072405914,0.0,0.0,9.538622072405914,65.82322642179942,0.8519611107216444,45.489495263871504,34.43960471659158,24.92885256992718,141.53645556989272,22.910653018539502,141.2367263842887
min,0.0,False,206.88,175.0,0.0,206.88,175.0,597.5241599999999,12.959414264550928,386.26207999999997,206.88,206.88,0.0,0.0
25%,0.0,1.0,269.32000000000005,175.0,0.0,269.32000000000005,175.0,597.5241599999999,298.76969875114975,386.26207999999997,269.32000000000005,269.32000000000005,0.0,0.0
50%,0.0,1.0,269.32000000000005,175.0,0.0,269.32000000000005,175.0,597.5241599999999,298.76969875114975,386.26207999999997,269.32000000000005,269.32000000000005,0.0,0.0
75%,0.0,1.0,269.32000000000005,175.0,0.0,269.32000000000005,175.0,598.5835999999999,299.51883595941007,387.1449466666666,269.32000000000005,269.32000000000005,0.0,0.0
max,1.0,True,269.32000000000005,175.0,0.0,269.32000000000005,669.56582784,599.6430399999999,300.2679731676703,633.54499392,669.56582784,599.6430399999999,400.24582783999995,392.76303999999993
