,per_hour_hood_data_count,occupancy,min_lab_cfm,min_hood_cfm,min_additional_hood_cfm,min_possible_lab_cfm,calc_hood_cfm,stream_hood_cfm,stream_and_calc_hood_cfm_std,stream_and_calc_hood_cfm_mean,calc_total_lab_cfm,stream_total_lab_cfm,calc_excess_cfm,stream_excess_cfm
count,4811.0,4811,4811.0,4811.0,4811.0,4811.0,1156.0,1159.0,1156.0,1159.0,4811.0,4811.0,4811.0,4811.0
mean,0.24028268551236748,0.97755144460611099,267.91831220119917,175.0,0.0,267.91831220119917,185.0449164316478,598.1097161748593,292.08069940890596,392.1120689394553,269.1219496253324,347.48921243956175,1.2036374241330283,79.57090023834343
std,0.4272995063152257,0.14815255666106486,9.25064563781163,0.0,0.0,9.25064563781163,44.43449065610332,0.8519611107216444,31.469692905975943,24.52509981019924,15.80211910208094,141.42612331429012,12.679021023337139,141.34008821624988
min,0.0,False,206.88,175.0,0.0,206.88,175.0,597.5241599999999,56.543565929661376,386.26207999999997,206.88,206.88,0.0,0.0
25%,0.0,1.0,269.32000000000005,175.0,0.0,269.32000000000005,175.0,597.5241599999999,298.76969875114975,386.26207999999997,269.32000000000005,269.32000000000005,0.0,0.0
50%,0.0,1.0,269.32000000000005,175.0,0.0,269.32000000000005,175.0,597.5241599999999,298.76969875114975,386.26207999999997,269.32000000000005,269.32000000000005,0.0,0.0
75%,0.0,1.0,269.32000000000005,175.0,0.0,269.32000000000005,175.0,598.5835999999999,299.51883595941007,387.12287499999996,269.32000000000005,269.32000000000005,0.0,0.0
max,1.0,True,269.32000000000005,175.0,0.0,269.32000000000005,517.5594821973335,599.6430399999999,300.2679731676703,599.6430399999999,517.5594821973335,599.6430399999999,248.23948219733347,392.76303999999993
