,per_hour_hood_data_count,occupancy,min_lab_cfm,min_hood_cfm,min_additional_hood_cfm,min_possible_lab_cfm,calc_hood_cfm,stream_hood_cfm,stream_and_calc_hood_cfm_std,stream_and_calc_hood_cfm_mean,calc_total_lab_cfm,stream_total_lab_cfm,calc_excess_cfm,stream_excess_cfm
count,4811.0,4811,4811.0,4811.0,4811.0,4811.0,1156.0,1159.0,1156.0,1159.0,4811.0,4811.0,4811.0,4811.0
mean,0.24028268551236748,0.97630430263978385,269.31999999999414,175.0,0.0,269.31999999999414,177.92462417816412,598.1097161748593,297.1155063453744,388.5611380313329,269.36141047850106,348.52749969792956,0.04141047850689378,79.20749969791521
std,0.4272995063152257,0.1521151566878377,5.015514990752411e-05,0.0,0.0,5.015514990752411e-05,15.326354569237244,0.8519611107216444,10.900487145054482,13.131520552538282,1.1279487009464058,140.61674158738623,1.1279487020699652,140.61674158743608
min,0.0,False,269.32000000000005,175.0,0.0,269.32000000000005,175.0,597.5241599999999,198.1809239685821,386.26207999999997,269.32000000000005,269.32000000000005,0.0,0.0
25%,0.0,1.0,269.32000000000005,175.0,0.0,269.32000000000005,175.0,597.5241599999999,298.76969875114975,386.26207999999997,269.32000000000005,269.32000000000005,0.0,0.0
50%,0.0,1.0,269.32000000000005,175.0,0.0,269.32000000000005,175.0,597.5241599999999,298.76969875114975,386.26207999999997,269.32000000000005,269.32000000000005,0.0,0.0
75%,0.0,1.0,269.32000000000005,175.0,0.0,269.32000000000005,175.0,598.5835999999999,299.51883595941007,386.9683733333333,269.32000000000005,269.32000000000005,0.0,0.0
max,1.0,True,269.32000000000005,175.0,0.0,269.32000000000005,317.25400952000007,599.6430399999999,300.2679731676703,599.6430399999999,317.25400952000007,599.6430399999999,47.93400952000002,330.3230399999999
