,per_hour_hood_data_count,occupancy,min_lab_cfm,min_hood_cfm,min_additional_hood_cfm,min_possible_lab_cfm,calc_hood_cfm,stream_hood_cfm,stream_and_calc_hood_cfm_std,stream_and_calc_hood_cfm_mean,calc_total_lab_cfm,stream_total_lab_cfm,calc_excess_cfm,stream_excess_cfm
count,1156.0,1156,1156.0,1156.0,1156.0,1156.0,1156.0,1156.0,1156.0,1156.0,1156.0,1156.0,1156.0,1156.0
mean,1.0,0.97664359861591699,267.8616262975832,175.0,0.0,267.8616262975832,190.29606796962702,598.1094028431331,288.48941825462396,394.2027354063846,277.49243759716376,598.1094028431331,9.630811299580929,330.2477765455624
std,0.0,0.15109807933271144,9.43456407343036,0.0,0.0,9.43456407343036,65.19290209922417,0.8515243010231321,45.377198302872,32.568406495670075,46.57236103570578,0.8515243010231321,45.29744858616254,9.500594411822956
min,1.0,False,206.88,175.0,0.0,206.88,175.0,597.5241599999999,0.24051677138154415,386.26207999999997,206.88,597.5241599999999,0.0,328.2041599999999
25%,1.0,1.0,269.32000000000005,175.0,0.0,269.32000000000005,175.0,597.5241599999999,298.76969875114975,386.26207999999997,269.32000000000005,597.5241599999999,0.0,328.2041599999999
50%,1.0,1.0,269.32000000000005,175.0,0.0,269.32000000000005,175.0,597.5241599999999,298.76969875114975,386.26207999999997,269.32000000000005,597.5241599999999,0.0,328.2041599999999
75%,1.0,1.0,269.32000000000005,175.0,0.0,269.32000000000005,175.0,598.5835999999999,299.51883595941007,387.11183916666664,269.32000000000005,598.5835999999999,0.0,329.55053166666653
max,1.0,True,269.32000000000005,175.0,0.0,269.32000000000005,650.8319514666667,599.6430399999999,300.2679731676703,624.1780557333334,650.8319514666667,599.6430399999999,381.5119514666667,392.76303999999993
