,per_hour_hood_data_count,occupancy,min_lab_cfm,min_hood_cfm,min_additional_hood_cfm,min_possible_lab_cfm,calc_hood_cfm,stream_hood_cfm,stream_and_calc_hood_cfm_std,stream_and_calc_hood_cfm_mean,calc_total_lab_cfm,stream_total_lab_cfm,calc_excess_cfm,stream_excess_cfm
count,1156.0,1156,1156.0,1156.0,1156.0,1156.0,1156.0,1156.0,1156.0,1156.0,1156.0,1156.0,1156.0,1156.0
mean,1.0,0.97491349480968859,269.32000000000545,175.0,0.0,269.32000000000545,177.92462417816412,598.1094028431331,297.1155063453744,388.01701351065304,269.49234066790905,598.1094028431331,0.17234066790369026,328.7894028431401
std,0.0,0.15645557672620095,4.399108704568159e-05,0.0,0.0,4.399108704568159e-05,15.326354569237244,0.8515243010231321,10.900487145054482,7.642042200867029,2.2969065824110566,0.8515243010231321,2.2969065828308675,0.8515242922204054
min,1.0,False,269.32000000000005,175.0,0.0,269.32000000000005,175.0,597.5241599999999,198.1809239685821,386.26207999999997,269.32000000000005,597.5241599999999,0.0,328.2041599999999
25%,1.0,1.0,269.32000000000005,175.0,0.0,269.32000000000005,175.0,597.5241599999999,298.76969875114975,386.26207999999997,269.32000000000005,597.5241599999999,0.0,328.2041599999999
50%,1.0,1.0,269.32000000000005,175.0,0.0,269.32000000000005,175.0,597.5241599999999,298.76969875114975,386.26207999999997,269.32000000000005,597.5241599999999,0.0,328.2041599999999
75%,1.0,1.0,269.32000000000005,175.0,0.0,269.32000000000005,175.0,598.5835999999999,299.51883595941007,386.9683733333333,269.32000000000005,598.5835999999999,0.0,329.2635999999999
max,1.0,True,269.32000000000005,175.0,0.0,269.32000000000005,317.25400952000007,599.6430399999999,300.2679731676703,457.38908476,317.25400952000007,599.6430399999999,47.93400952000002,330.3230399999999
