,per_hour_hood_data_count,occupancy,min_lab_cfm,min_hood_cfm,min_additional_hood_cfm,min_possible_lab_cfm,calc_hood_cfm,stream_hood_cfm,stream_and_calc_hood_cfm_std,stream_and_calc_hood_cfm_mean,calc_total_lab_cfm,stream_total_lab_cfm,calc_excess_cfm,stream_excess_cfm
count,1156.0,1156,1156.0,1156.0,1156.0,1156.0,1156.0,1156.0,1156.0,1156.0,1156.0,1156.0,1156.0,1156.0
mean,1.0,0.97318339100346019,269.32000000000545,175.0,0.0,269.32000000000545,184.9927739806244,598.1094028431331,292.1175696896124,391.5510884118832,274.26774472854487,598.1094028431331,4.947744728539791,328.7894028431401
std,0.0,0.1616170588085564,4.399108704568159e-05,0.0,0.0,4.399108704568159e-05,44.23456615830026,0.8515243010231321,31.32679463939572,22.09133172141748,25.381171413541125,0.8515243010231321,25.381171413577448,0.8515242922204054
min,1.0,False,269.32000000000005,175.0,0.0,269.32000000000005,175.0,597.5241599999999,61.42735467352457,386.26207999999997,269.32000000000005,597.5241599999999,0.0,328.2041599999999
25%,1.0,1.0,269.32000000000005,175.0,0.0,269.32000000000005,175.0,597.5241599999999,298.76969875114975,386.26207999999997,269.32000000000005,597.5241599999999,0.0,328.2041599999999
50%,1.0,1.0,269.32000000000005,175.0,0.0,269.32000000000005,175.0,597.5241599999999,298.76969875114975,386.26207999999997,269.32000000000005,597.5241599999999,0.0,328.2041599999999
75%,1.0,1.0,269.32000000000005,175.0,0.0,269.32000000000005,175.0,598.5835999999999,299.51883595941007,387.0676958333333,269.32000000000005,598.5835999999999,0.0,329.2635999999999
max,1.0,True,269.32000000000005,175.0,0.0,269.32000000000005,510.6527619200001,599.6430399999999,300.2679731676703,554.08846096,510.6527619200001,599.6430399999999,241.33276192000005,330.3230399999999
