,per_hour_hood_data_count,occupancy,min_lab_cfm,min_hood_cfm,min_additional_hood_cfm,min_possible_lab_cfm,calc_hood_cfm,stream_hood_cfm,stream_and_calc_hood_cfm_std,stream_and_calc_hood_cfm_mean,calc_total_lab_cfm,stream_total_lab_cfm,calc_excess_cfm,stream_excess_cfm
count,4811.0,4811,4811.0,4811.0,4811.0,4811.0,1156.0,1159.0,1156.0,1159.0,4811.0,4811.0,4811.0,4811.0
mean,0.24028268551236748,0.97526501766784457,269.31999999999414,175.0,0.0,269.31999999999414,184.9927739806244,598.1097161748593,292.1175696896124,392.0860651977022,270.5088573905976,348.52749969792956,1.1888573906032007,79.20749969791521
std,0.4272995063152257,0.15533247629450309,5.015514990752411e-05,0.0,0.0,5.015514990752411e-05,44.23456615830026,0.8519611107216444,31.32679463939572,24.43650754339195,12.615823202553937,140.61674158738623,12.615823202664535,140.61674158743608
min,0.0,False,269.32000000000005,175.0,0.0,269.32000000000005,175.0,597.5241599999999,61.42735467352457,386.26207999999997,269.32000000000005,269.32000000000005,0.0,0.0
25%,0.0,1.0,269.32000000000005,175.0,0.0,269.32000000000005,175.0,597.5241599999999,298.76969875114975,386.26207999999997,269.32000000000005,269.32000000000005,0.0,0.0
50%,0.0,1.0,269.32000000000005,175.0,0.0,269.32000000000005,175.0,597.5241599999999,298.76969875114975,386.26207999999997,269.32000000000005,269.32000000000005,0.0,0.0
75%,0.0,1.0,269.32000000000005,175.0,0.0,269.32000000000005,175.0,598.5835999999999,299.51883595941007,387.12287499999996,269.32000000000005,269.32000000000005,0.0,0.0
max,1.0,True,269.32000000000005,175.0,0.0,269.32000000000005,510.6527619200001,599.6430399999999,300.2679731676703,599.6430399999999,510.6527619200001,599.6430399999999,241.33276192000005,330.3230399999999
