,per_hour_hood_data_count,occupancy,min_lab_cfm,min_hood_cfm,min_additional_hood_cfm,min_possible_lab_cfm,calc_hood_cfm,stream_hood_cfm,stream_and_calc_hood_cfm_std,stream_and_calc_hood_cfm_mean,calc_total_lab_cfm,stream_total_lab_cfm,calc_excess_cfm,stream_excess_cfm
count,4811.0,4811,4811.0,4811.0,4811.0,4811.0,1156.0,1159.0,1156.0,1159.0,4811.0,4811.0,4811.0,4811.0
mean,0.24028268551236748,0.97277073373519019,267.61980461441846,175.0,0.0,267.61980461441846,190.29606796962702,598.1097161748593,288.48941825462396,394.73084856754144,269.9339218171447,347.17772626205135,2.31411720272616,79.55792164761385
std,0.4272995063152257,0.1627677491075693,10.163218254196929,0.0,0.0,10.163218254196929,65.19290209922417,0.8519611107216444,45.377198302872,34.13970390771264,24.91583481512524,141.66655192687054,22.575147408744744,141.31493382720575
min,0.0,False,206.88,175.0,0.0,206.88,175.0,597.5241599999999,0.24051677138154415,386.26207999999997,206.88,206.88,0.0,0.0
25%,0.0,1.0,269.32000000000005,175.0,0.0,269.32000000000005,175.0,597.5241599999999,298.76969875114975,386.26207999999997,269.32000000000005,269.32000000000005,0.0,0.0
50%,0.0,1.0,269.32000000000005,175.0,0.0,269.32000000000005,175.0,597.5241599999999,298.76969875114975,386.26207999999997,269.32000000000005,269.32000000000005,0.0,0.0
75%,0.0,1.0,269.32000000000005,175.0,0.0,269.32000000000005,175.0,598.5835999999999,299.51883595941007,387.1449466666666,269.32000000000005,269.32000000000005,0.0,0.0
max,1.0,True,269.32000000000005,175.0,0.0,269.32000000000005,650.8319514666667,599.6430399999999,300.2679731676703,624.1780557333334,650.8319514666667,599.6430399999999,381.5119514666667,392.76303999999993
