,per_hour_hood_data_count,occupancy,min_lab_cfm,min_hood_cfm,min_additional_hood_cfm,min_possible_lab_cfm,calc_hood_cfm,stream_hood_cfm,stream_and_calc_hood_cfm_std,stream_and_calc_hood_cfm_mean,calc_total_lab_cfm,stream_total_lab_cfm,calc_excess_cfm,stream_excess_cfm
count,4811.0,4811,4811.0,4811.0,4811.0,4811.0,1156.0,1159.0,1156.0,1159.0,4811.0,4811.0,4811.0,4811.0
mean,0.24028268551236748,0.97692787362294742,269.31999999999414,175.0,0.0,269.31999999999414,189.92908547277506,598.1097161748593,288.74756280959497,394.5478322748922,271.57913074785023,348.52749969792956,2.2591307478558864,79.20749969791521
std,0.4272995063152257,0.15014822473575473,5.015514990752411e-05,0.0,0.0,5.015514990752411e-05,64.38614258407698,0.8519611107216444,44.805590799692816,33.75862164040108,22.27432647684306,140.61674158738623,22.274326476910186,140.61674158743608
min,0.0,False,269.32000000000005,175.0,0.0,269.32000000000005,175.0,597.5241599999999,12.959414264550928,386.26207999999997,269.32000000000005,269.32000000000005,0.0,0.0
25%,0.0,1.0,269.32000000000005,175.0,0.0,269.32000000000005,175.0,597.5241599999999,298.76969875114975,386.26207999999997,269.32000000000005,269.32000000000005,0.0,0.0
50%,0.0,1.0,269.32000000000005,175.0,0.0,269.32000000000005,175.0,597.5241599999999,298.76969875114975,386.26207999999997,269.32000000000005,269.32000000000005,0.0,0.0
75%,0.0,1.0,269.32000000000005,175.0,0.0,269.32000000000005,175.0,598.5835999999999,299.51883595941007,387.1449466666666,269.32000000000005,269.32000000000005,0.0,0.0
max,1.0,True,269.32000000000005,175.0,0.0,269.32000000000005,634.5080190400001,599.6430399999999,300.2679731676703,616.01608952,634.5080190400001,599.6430399999999,365.1880190400001,330.3230399999999
