,per_hour_hood_data_count,occupancy,min_lab_cfm,min_hood_cfm,min_additional_hood_cfm,min_possible_lab_cfm,calc_hood_cfm,stream_hood_cfm,stream_and_calc_hood_cfm_std,stream_and_calc_hood_cfm_mean,calc_total_lab_cfm,stream_total_lab_cfm,calc_excess_cfm,stream_excess_cfm
count,1156.0,1156,1156.0,1156.0,1156.0,1156.0,1156.0,1156.0,1156.0,1156.0,1156.0,1156.0,1156.0,1156.0
mean,1.0,0.97404844290657444,267.69958477509186,175.0,0.0,267.69958477509186,177.83594613083915,598.1094028431331,297.17821119398036,387.9726744869904,267.84445026132016,598.1094028431331,0.1448654862283731,330.40981806805377
std,0.0,0.15905961007123984,9.931682052749009,0.0,0.0,9.931682052749009,14.771321136745788,0.8515243010231321,10.505994195513189,7.3668550856564865,10.161023454189014,0.8515243010231321,2.034256198386648,9.968661862775006
min,1.0,False,206.88,175.0,0.0,206.88,175.0,597.5241599999999,201.71968296025946,386.26207999999997,206.88,597.5241599999999,0.0,328.2041599999999
25%,1.0,1.0,269.32000000000005,175.0,0.0,269.32000000000005,175.0,597.5241599999999,298.76969875114975,386.26207999999997,269.32000000000005,597.5241599999999,0.0,328.2041599999999
50%,1.0,1.0,269.32000000000005,175.0,0.0,269.32000000000005,175.0,597.5241599999999,298.76969875114975,386.26207999999997,269.32000000000005,597.5241599999999,0.0,328.2041599999999
75%,1.0,1.0,269.32000000000005,175.0,0.0,269.32000000000005,175.0,598.5835999999999,299.51883595941007,386.9683733333333,269.32000000000005,598.5835999999999,0.0,329.6167466666665
max,1.0,True,269.32000000000005,175.0,0.0,269.32000000000005,312.24944855999996,599.6430399999999,300.2679731676703,454.88680428,312.24944855999996,599.6430399999999,42.92944855999991,392.76303999999993
