,per_hour_hood_data_count,occupancy,min_lab_cfm,min_hood_cfm,min_additional_hood_cfm,min_possible_lab_cfm,calc_hood_cfm,stream_hood_cfm,stream_and_calc_hood_cfm_std,stream_and_calc_hood_cfm_mean,calc_total_lab_cfm,stream_total_lab_cfm,calc_excess_cfm,stream_excess_cfm
count,1156.0,1156,1156.0,1156.0,1156.0,1156.0,1156.0,1156.0,1156.0,1156.0,1156.0,1156.0,1156.0,1156.0
mean,1.0,0.97837370242214527,269.32000000000545,175.0,0.0,269.32000000000545,185.06179075851443,598.1094028431331,292.0687674579507,391.58559680082845,274.3421348651832,598.1094028431331,5.022134865178007,328.7894028431401
std,0.0,0.14552291903974165,4.399108704568159e-05,0.0,0.0,4.399108704568159e-05,44.68241479066794,0.8515243010231321,31.64517156648248,22.31396873787923,25.899523591292223,0.8515243010231321,25.89952359132905,0.8515242922204054
min,1.0,False,269.32000000000005,175.0,0.0,269.32000000000005,175.0,597.5241599999999,43.74975560563874,386.26207999999997,269.32000000000005,597.5241599999999,0.0,328.2041599999999
25%,1.0,1.0,269.32000000000005,175.0,0.0,269.32000000000005,175.0,597.5241599999999,298.76969875114975,386.26207999999997,269.32000000000005,597.5241599999999,0.0,328.2041599999999
50%,1.0,1.0,269.32000000000005,175.0,0.0,269.32000000000005,175.0,597.5241599999999,298.76969875114975,386.26207999999997,269.32000000000005,597.5241599999999,0.0,328.2041599999999
75%,1.0,1.0,269.32000000000005,175.0,0.0,269.32000000000005,175.0,598.5835999999999,299.51883595941007,387.0676958333333,269.32000000000005,598.5835999999999,0.0,329.2635999999999
max,1.0,True,269.32000000000005,175.0,0.0,269.32000000000005,535.6526622719999,599.6430399999999,300.2679731676703,566.5884111359999,535.6526622719999,599.6430399999999,266.3326622719999,330.3230399999999
