,per_hour_hood_data_count,occupancy,min_lab_cfm,min_hood_cfm,min_additional_hood_cfm,min_possible_lab_cfm,calc_hood_cfm,stream_hood_cfm,stream_and_calc_hood_cfm_std,stream_and_calc_hood_cfm_mean,calc_total_lab_cfm,stream_total_lab_cfm,calc_excess_cfm,stream_excess_cfm
count,1156.0,1156,1156.0,1156.0,1156.0,1156.0,1156.0,1156.0,1156.0,1156.0,1156.0,1156.0,1156.0,1156.0
mean,1.0,0.97058823529411764,269.32000000000545,175.0,0.0,269.32000000000545,177.8779081231737,598.1094028431331,297.1485395846484,387.9936554831579,269.4569281203918,598.1094028431331,0.1369281203863892,328.7894028431401
std,0.0,0.1690308509457033,4.399108704568159e-05,0.0,0.0,4.399108704568159e-05,14.902926176738024,0.8515243010231321,10.600110807704443,7.431687328957168,1.9416369212708047,0.8515243010231321,1.9416369217689198,0.8515242922204054
min,1.0,False,269.32000000000005,175.0,0.0,269.32000000000005,175.0,597.5241599999999,203.99590669735778,386.26207999999997,269.32000000000005,597.5241599999999,0.0,328.2041599999999
25%,1.0,1.0,269.32000000000005,175.0,0.0,269.32000000000005,175.0,597.5241599999999,298.76969875114975,386.26207999999997,269.32000000000005,597.5241599999999,0.0,328.2041599999999
50%,1.0,1.0,269.32000000000005,175.0,0.0,269.32000000000005,175.0,597.5241599999999,298.76969875114975,386.26207999999997,269.32000000000005,597.5241599999999,0.0,328.2041599999999
75%,1.0,1.0,269.32000000000005,175.0,0.0,269.32000000000005,175.0,598.5835999999999,299.51883595941007,386.9683733333333,269.32000000000005,598.5835999999999,0.0,329.2635999999999
max,1.0,True,269.32000000000005,175.0,0.0,269.32000000000005,309.0303820799999,599.6430399999999,300.2679731676703,453.27727103999996,309.0303820799999,599.6430399999999,39.710382079999874,330.3230399999999
