,per_hour_hood_data_count,occupancy,min_lab_cfm,min_hood_cfm,min_additional_hood_cfm,min_possible_lab_cfm,calc_hood_cfm,stream_hood_cfm,stream_and_calc_hood_cfm_std,stream_and_calc_hood_cfm_mean,calc_total_lab_cfm,stream_total_lab_cfm,calc_excess_cfm,stream_excess_cfm
count,4811.0,4811,4811.0,4811.0,4811.0,4811.0,1156.0,1159.0,1156.0,1159.0,4811.0,4811.0,4811.0,4811.0
mean,0.24028268551236748,0.97692787362294742,267.8793764290104,175.0,0.0,267.8793764290104,177.8391562595002,598.1097161748593,297.17594129023547,388.5185146862183,267.9105976594725,347.4372980766433,0.03122123046213526,79.55792164761385
std,0.4272995063152257,0.15014822473575473,9.375255152398525,0.0,0.0,9.375255152398525,14.69297104725528,0.8519611107216444,10.453426597068106,12.952293155640808,9.436718199300476,141.46627076399676,1.0326017710031337,141.31417958820396
min,0.0,False,206.88,175.0,0.0,206.88,175.0,597.5241599999999,201.71968296025946,386.26207999999997,206.88,206.88,0.0,0.0
25%,0.0,1.0,269.32000000000005,175.0,0.0,269.32000000000005,175.0,597.5241599999999,298.76969875114975,386.26207999999997,269.32000000000005,269.32000000000005,0.0,0.0
50%,0.0,1.0,269.32000000000005,175.0,0.0,269.32000000000005,175.0,597.5241599999999,298.76969875114975,386.26207999999997,269.32000000000005,269.32000000000005,0.0,0.0
75%,0.0,1.0,269.32000000000005,175.0,0.0,269.32000000000005,175.0,598.5835999999999,299.51883595941007,386.9683733333333,269.32000000000005,269.32000000000005,0.0,0.0
max,1.0,True,269.32000000000005,175.0,0.0,269.32000000000005,312.24944855999996,599.6430399999999,300.2679731676703,599.6430399999999,312.24944855999996,599.6430399999999,42.92944855999991,392.76303999999993
