,per_hour_hood_data_count,occupancy,min_lab_cfm,min_hood_cfm,min_additional_hood_cfm,min_possible_lab_cfm,calc_hood_cfm,stream_hood_cfm,stream_and_calc_hood_cfm_std,stream_and_calc_hood_cfm_mean,calc_total_lab_cfm,stream_total_lab_cfm,calc_excess_cfm,stream_excess_cfm
count,4811.0,4811,4811.0,4811.0,4811.0,4811.0,1156.0,1159.0,1156.0,1159.0,4811.0,4811.0,4811.0,4811.0
mean,0.24028268551236748,0.97006859280814794,269.31999999999414,175.0,0.0,269.31999999999414,177.8779081231737,598.1097161748593,297.1485395846484,388.537840464651,269.3529014564828,348.52749969792956,0.032901456488602356,79.20749969791521
std,0.4272995063152257,0.1704158283306095,5.015514990752411e-05,0.0,0.0,5.015514990752411e-05,14.902926176738024,0.8519611107216444,10.600110807704443,13.011517629690763,0.953248418274452,140.61674158738623,0.9532484196051229,140.61674158743608
min,0.0,False,269.32000000000005,175.0,0.0,269.32000000000005,175.0,597.5241599999999,203.99590669735778,386.26207999999997,269.32000000000005,269.32000000000005,0.0,0.0
25%,0.0,1.0,269.32000000000005,175.0,0.0,269.32000000000005,175.0,597.5241599999999,298.76969875114975,386.26207999999997,269.32000000000005,269.32000000000005,0.0,0.0
50%,0.0,1.0,269.32000000000005,175.0,0.0,269.32000000000005,175.0,597.5241599999999,298.76969875114975,386.26207999999997,269.32000000000005,269.32000000000005,0.0,0.0
75%,0.0,1.0,269.32000000000005,175.0,0.0,269.32000000000005,175.0,598.5835999999999,299.51883595941007,386.9683733333333,269.32000000000005,269.32000000000005,0.0,0.0
max,1.0,True,269.32000000000005,175.0,0.0,269.32000000000005,309.0303820799999,599.6430399999999,300.2679731676703,599.6430399999999,309.0303820799999,599.6430399999999,39.710382079999874,330.3230399999999
