,per_hour_hood_data_count,occupancy,min_lab_cfm,min_hood_cfm,min_additional_hood_cfm,min_possible_lab_cfm,calc_hood_cfm,stream_hood_cfm,stream_and_calc_hood_cfm_std,stream_and_calc_hood_cfm_mean,calc_total_lab_cfm,stream_total_lab_cfm,calc_excess_cfm,stream_excess_cfm
count,1156.0,1156,1156.0,1156.0,1156.0,1156.0,1156.0,1156.0,1156.0,1156.0,1156.0,1156.0,1156.0,1156.0
mean,1.0,0.97577854671280273,267.8076124567528,175.0,0.0,267.8076124567528,185.0449164316478,598.1094028431331,292.08069940890596,391.5771596373951,272.8168682071885,598.1094028431331,5.009255750435986,330.3017903863929
std,0.0,0.15380259261816057,9.603433882976395,0.0,0.0,9.603433882976395,44.43449065610332,0.8515243010231321,31.469692905975943,22.190172170221036,27.527919966219052,0.8515243010231321,25.502851699802125,9.631399437525078
min,1.0,False,206.88,175.0,0.0,206.88,175.0,597.5241599999999,56.543565929661376,386.26207999999997,206.88,597.5241599999999,0.0,328.2041599999999
25%,1.0,1.0,269.32000000000005,175.0,0.0,269.32000000000005,175.0,597.5241599999999,298.76969875114975,386.26207999999997,269.32000000000005,597.5241599999999,0.0,328.2041599999999
50%,1.0,1.0,269.32000000000005,175.0,0.0,269.32000000000005,175.0,597.5241599999999,298.76969875114975,386.26207999999997,269.32000000000005,597.5241599999999,0.0,328.2041599999999
75%,1.0,1.0,269.32000000000005,175.0,0.0,269.32000000000005,175.0,598.5835999999999,299.51883595941007,387.0676958333333,269.32000000000005,598.5835999999999,0.0,329.6167466666665
max,1.0,True,269.32000000000005,175.0,0.0,269.32000000000005,517.5594821973335,599.6430399999999,300.2679731676703,557.5418210986668,517.5594821973335,599.6430399999999,248.23948219733347,392.76303999999993
