,per_hour_hood_data_count,occupancy,min_lab_cfm,min_hood_cfm,min_additional_hood_cfm,min_possible_lab_cfm,calc_hood_cfm,stream_hood_cfm,stream_and_calc_hood_cfm_std,stream_and_calc_hood_cfm_mean,calc_total_lab_cfm,stream_total_lab_cfm,calc_excess_cfm,stream_excess_cfm
count,4811.0,4811,4811.0,4811.0,4811.0,4811.0,1156.0,1159.0,1156.0,1159.0,4811.0,4811.0,4811.0,4811.0
mean,0.24028268551236748,0.97713573061733527,267.8923550197399,175.0,0.0,267.8923550197399,177.83594613083915,598.1097161748593,297.17821119398036,388.5169137764978,267.92716368780884,347.48921243956175,0.034808668069008376,79.59685741980257
std,0.4272995063152257,0.14948625144014802,9.333921539822548,0.0,0.0,9.333921539822548,14.771321136745788,0.8519611107216444,10.505994195513189,12.975571303844767,9.39249787487207,141.4261233142902,0.9987569846739767,141.3917579645048
min,0.0,False,206.88,175.0,0.0,206.88,175.0,597.5241599999999,201.71968296025946,386.26207999999997,206.88,206.88,0.0,0.0
25%,0.0,1.0,269.32000000000005,175.0,0.0,269.32000000000005,175.0,597.5241599999999,298.76969875114975,386.26207999999997,269.32000000000005,269.32000000000005,0.0,0.0
50%,0.0,1.0,269.32000000000005,175.0,0.0,269.32000000000005,175.0,597.5241599999999,298.76969875114975,386.26207999999997,269.32000000000005,269.32000000000005,0.0,0.0
75%,0.0,1.0,269.32000000000005,175.0,0.0,269.32000000000005,175.0,598.5835999999999,299.51883595941007,386.9683733333333,269.32000000000005,269.32000000000005,0.0,0.0
max,1.0,True,269.32000000000005,175.0,0.0,269.32000000000005,312.24944855999996,599.6430399999999,300.2679731676703,599.6430399999999,312.24944855999996,599.6430399999999,42.92944855999991,392.76303999999993
