,percent_open,datastream_flow,occupancy,evacuation_cfm,datastream_and_calculated_cfm_std,datastream_and_calculated_cfm_mean
count,287.0,288.0,337,287.0,287.0,288.0
mean,24.93870167790447,226.3601017379556,0.24332344213649851,210.24481846275216,14.206177543064767,218.29795562385596
std,7.737410474301772,56.738478020320805,0.42972678801272735,2.0512860197229683,38.75809296344587,28.767599698325288
min,17.138333,205.53135999999998,False,210.0,0.16325681359845842,207.65023999999997
25%,21.525,207.65023999999997,False,210.0,1.6615312301629959,208.82511999999997
50%,21.83,207.65023999999997,0.0,210.0,1.6615312301629959,208.82511999999997
75%,26.620207541666666,208.57724999999996,False,210.0,1.7239593308520624,209.28862499999997
max,56.869999,595.40528,True,235.27515201059992,272.5226869931,402.70264
