,percent_open,datastream_flow,occupancy,evacuation_cfm,datastream_and_calculated_cfm_std,datastream_and_calculated_cfm_mean
count,286.0,286.0,337,286.0,286.0,286.0
mean,25.433019125488727,219.83851781624523,0.24332344213649851,222.29337788179544,7.642219723386183,221.06594784902035
std,8.476496591671141,49.01617408414737,0.42972678801272735,44.098663420330304,19.275158168631364,44.272796441124946
min,18.785,205.53135999999998,False,210.0,0.16325681359845842,207.76567999999997
25%,20.164998999999998,207.65023999999997,False,210.0,1.6615312301629959,208.82511999999997
50%,21.555000000000003,207.65023999999997,0.0,210.0,1.6615312301629959,208.82511999999997
75%,26.144999,207.65024,False,210.0,3.1598056466815234,208.82512000000003
max,73.22000100000001,542.4332800000001,True,620.9300151470001,179.28132773847017,581.6816475735001
