,percent_open,datastream_flow,occupancy,evacuation_cfm,datastream_and_calculated_cfm_std,datastream_and_calculated_cfm_mean
count,288.0,289.0,337,288.0,288.0,289.0
mean,21.441381327857435,221.86490962498866,0.18694362017804153,210.18850056678474,10.08376573550259,216.02597952397196
std,6.624057500983991,48.10846505738877,0.39044599014027181,2.346267530498303,33.40003290279228,24.238015525812614
min,17.11625,205.53135999999998,False,210.0,0.16325681359845842,207.76567999999997
25%,18.859998999999995,207.65023999999997,False,210.0,0.16325681368759354,208.82511999999997
50%,18.974999999999998,209.76911999999996,0.0,210.0,1.6615312301629959,209.88455999999996
75%,20.135,209.76912,False,210.0,1.6615312301629959,209.88456
max,50.889998999999996,626.6587599999999,True,247.68220896119993,294.62223463677816,418.32937999999996
