,percent_open,datastream_flow,occupancy,evacuation_cfm,datastream_and_calculated_cfm_std,datastream_and_calculated_cfm_mean
count,286.0,286.0,337,286.0,286.0,286.0
mean,25.433019125488727,219.83851781624523,0.19881305637982197,220.14344388324736,7.849264051399623,219.99098084974625
std,8.476496591671141,49.01617408414737,0.39970050254382405,40.95435419121543,20.013616427245314,42.52951407398735
min,18.785,205.53135999999998,False,210.0,0.16325681359845842,207.76567999999997
25%,20.164998999999998,207.65023999999997,False,210.0,1.6615312301629959,208.82511999999997
50%,21.555000000000003,207.65023999999997,0.0,210.0,1.6615312301629959,208.82511999999997
75%,26.144999,207.65024,False,210.0,2.7540229922075277,208.82512000000003
max,73.22000100000001,542.4332800000001,True,543.940113912,163.04936349387134,529.3256902893334
