,percent_open,datastream_flow,occupancy,evacuation_cfm,datastream_and_calculated_cfm_std,datastream_and_calculated_cfm_mean
count,286.0,288.0,337,286.0,286.0,288.0
mean,23.44885899192491,285.0890445220457,0.228486646884273,212.0237324998428,53.17778596341856,248.54488138420857
std,10.350978949935953,148.62969510140127,0.42048203697941022,19.558037417022486,102.82318423678824,76.92212057260859
min,16.584999,205.53135999999998,False,210.0,0.16325681359845842,207.65023999999997
25%,17.974999999999998,209.76911999999996,False,210.0,0.16325681368759354,209.88455999999996
50%,20.599999999999998,209.76911999999996,0.0,210.0,0.16325681368759354,209.88455999999996
75%,23.174999,222.37645599999996,False,210.0,14.594746189086838,216.18822799999998
max,105.25999499999999,633.54512,True,519.9843752999998,299.4916264904701,574.6458676499999
