,percent_open,datastream_flow,occupancy,evacuation_cfm,datastream_and_calculated_cfm_std,datastream_and_calculated_cfm_mean
count,44.0,44.0,45,44.0,44.0,44.0
mean,37.980134501791454,323.73532566483016,0.22222222222222221,271.623886860599,41.190234016733996,297.6796062627146
std,18.44321590364735,162.6585104089889,0.42043748259126085,110.2927862101126,60.575419925193415,131.54123684131199
min,22.25,205.53135999999998,False,210.0,0.4129692163834174,207.76567999999997
25%,22.978559647727266,205.7741483333333,False,210.0,2.841422333171975,207.9312175
50%,26.79999900000001,207.65024,0.0,210.0,3.1598056466815234,209.08997999999997
75%,53.69803404464285,462.31312999999994,False,312.74101095380956,58.40239080201901,369.1199931875
max,68.85124891666665,625.0695999999999,True,581.1996435866112,212.67684083587727,592.3636484599722
