,percent_open,datastream_flow,occupancy,evacuation_cfm,datastream_and_calculated_cfm_std,datastream_and_calculated_cfm_mean
count,286.0,286.0,337,286.0,286.0,286.0
mean,25.433019125488727,219.83851781624523,0.21958456973293769,212.22619674549142,8.61309539949748,216.03235728086824
std,8.476496591671141,49.01617408414737,0.41458076156092477,14.44719465946272,26.9516700155012,30.32774229069696
min,18.785,205.53135999999998,False,210.0,0.16325681359845842,207.76567999999997
25%,20.164998999999998,207.65023999999997,False,210.0,1.6615312301629959,208.82511999999997
50%,21.555000000000003,207.65023999999997,0.0,210.0,1.6615312301629959,208.82511999999997
75%,26.144999,207.65024,False,210.0,2.0922851249098424,208.82512
max,73.22000100000001,542.4332800000001,True,368.9409410388,215.46340296394254,455.68711051940005
