,percent_open,datastream_flow,occupancy,evacuation_cfm,datastream_and_calculated_cfm_std,datastream_and_calculated_cfm_mean
count,287.0,288.0,337,287.0,287.0,288.0
mean,24.93870167790447,226.3601017379556,0.18397626112759644,218.70916622345476,10.81065436523109,222.5154344560117
std,7.737410474301772,56.738478020320805,0.38804098876097909,32.43202376143667,29.863084385967436,40.57061735083356
min,17.138333,205.53135999999998,False,210.0,0.16325681359845842,207.65023999999997
25%,21.525,207.65023999999997,False,210.0,1.6615312301629959,208.82511999999997
50%,21.83,207.65023999999997,0.0,210.0,1.6615312301629959,208.82511999999997
75%,26.620207541666666,208.57724999999996,False,210.0,1.911243632917777,209.50051299999998
max,56.869999,595.40528,True,472.9119550176666,217.26842388481583,466.3544575088333
