,percent_open,datastream_flow,occupancy,evacuation_cfm,datastream_and_calculated_cfm_std,datastream_and_calculated_cfm_mean
count,281.0,281.0,335,281.0,281.0,281.0
mean,21.816346688348357,217.14641458236557,0.2298507462686567,216.5213798779057,5.725116503678258,216.83389723013556
std,7.291048599354167,29.95832742616325,0.42136608650226209,24.858486730589387,17.250476292447853,24.34305675810429
min,15.659999999999998,206.6871127272727,False,210.0,0.16325681359845842,208.82511999999997
25%,16.514998999999996,209.76911999999996,0.0,210.0,0.16325681368759354,209.88455999999996
50%,16.599999,209.76911999999996,0.0,210.0,0.16325681368759354,209.88455999999996
75%,28.609998999999995,209.76912,0.0,210.0,0.9956314894768314,209.88456
max,47.620831666666675,402.5872,True,407.7613079511112,132.80859765255857,389.4592273088889
