,percent_open,datastream_flow,occupancy,evacuation_cfm,datastream_and_calculated_cfm_std,datastream_and_calculated_cfm_mean
count,287.0,287.0,337,287.0,287.0,287.0
mean,20.624011756893744,225.8598201030711,0.22551928783382788,214.7469041119364,10.05710512234168,220.30336210750335
std,7.476781734004755,69.16398726211274,0.41854529155780212,24.983485737800798,38.22842497864959,44.197763253844414
min,17.279999,197.05584,False,210.0,0.16325681359845842,203.52792
25%,17.490623999999997,208.53310666666664,False,210.0,0.16325681368759354,209.26655333333332
50%,17.66,209.76911999999996,0.0,210.0,0.16325681368759354,209.88455999999996
75%,19.209999,209.76912,False,210.0,1.6615312301629959,209.88456
max,52.223569714285716,607.8158628571429,True,428.85739447585195,246.7626794742434,510.9995533333333
