,percent_open,datastream_flow,occupancy,evacuation_cfm,datastream_and_calculated_cfm_std,datastream_and_calculated_cfm_mean
count,284.0,286.0,337,284.0,284.0,286.0
mean,22.278997397867883,230.79820085940426,0.22255192878338279,211.02143528216965,17.491412419148507,220.89432633903087
std,8.596911549764648,69.70255934861655,0.416578343047939,5.484779857722255,46.27122537795324,36.431081436749366
min,16.974999999999998,205.53135999999998,False,210.0,1.6615312301542378,205.53135999999998
25%,17.286561875,207.65023999999997,False,210.0,1.6615312301629959,208.82511999999997
50%,18.01,207.65023999999997,0.0,210.0,1.6615312301629959,208.82511999999997
75%,22.799999,207.65024,False,210.0,3.1598056466815234,208.82512
max,52.860001000000004,622.9507199999999,True,259.26897629359996,280.0140590757029,433.7937096288
