,percent_open,datastream_flow,occupancy,evacuation_cfm,datastream_and_calculated_cfm_std,datastream_and_calculated_cfm_mean
count,279.0,279.0,335,279.0,279.0,279.0
mean,25.93395719566789,228.99494859029676,0.23582089552238805,211.50137719391515,13.766734658277699,220.24816289210577
std,8.43751872698385,60.975876799555785,0.42514579835801164,7.331110617055026,39.633842800055376,32.896196160063134
min,17.049999000000003,205.31947199999996,False,210.0,0.16325681359845842,207.65973599999998
25%,22.191499,207.65024,0.0,210.0,0.16325681368759354,208.82512
50%,22.914998999999998,209.76911999999996,0.0,210.0,0.6626816191492269,209.88455999999996
75%,26.229582333333333,209.76912,0.0,210.0,1.6615312301629959,209.88456
max,57.715,595.40528,True,270.8564950000001,241.334551641048,424.75598199999996
