,percent_open,datastream_flow,occupancy,evacuation_cfm,datastream_and_calculated_cfm_std,datastream_and_calculated_cfm_mean
count,284.0,286.0,337,284.0,284.0,286.0
mean,22.278997397867883,230.79820085940426,0.22255192878338279,220.3234137020975,12.650543521143035,225.5127911489252
std,8.596911549764648,69.70255934861655,0.416578343047939,38.91131567778029,32.69459454754874,50.98230732600049
min,16.974999999999998,205.53135999999998,False,210.0,1.6615312301542378,205.53135999999998
25%,17.286561875,207.65023999999997,False,210.0,1.6615312301629959,208.82511999999997
50%,18.01,207.65023999999997,0.0,210.0,1.6615312301629959,208.82511999999997
75%,22.799999,207.65024,False,210.0,3.1598056466815234,208.82512
max,52.860001000000004,622.9507199999999,True,429.06953194444463,198.57618241530636,519.5864409656666
