,percent_open,datastream_flow,occupancy,evacuation_cfm,datastream_and_calculated_cfm_std,datastream_and_calculated_cfm_mean
count,288.0,289.0,337,288.0,288.0,289.0
mean,21.441381327857435,221.86490962498866,0.22551928783382788,214.85534576866286,8.07184695321442,218.35132799826414
std,6.624057500983991,48.10846505738877,0.41854529155780212,26.191863768777598,24.277196229998502,34.426961810763586
min,17.11625,205.53135999999998,False,210.0,0.16325681359845842,207.76567999999997
25%,18.859998999999995,207.65023999999997,False,210.0,0.16325681368759354,208.82511999999997
50%,18.974999999999998,209.76911999999996,0.0,210.0,1.6615312301629959,209.88455999999996
75%,20.135,209.76912,False,210.0,1.6615312301629959,209.88456
max,50.889998999999996,626.6587599999999,True,431.564154853,161.64549261833773,529.1114574265
