,description,base lab cfm,hood inc cfm,sash driven cfm,lab total cfm,savings cad
0,current operation,451.599999999985,0.0,0.05567161755116194,451.6556716175362,0.0
1,reduced unoccupied ach,411.9221644120656,0.0,0.12585069458434503,412.0480151066499,198.03828255443136
2,reduced unoccupied face velocity,451.599999999985,0.0,0.016518041891548096,451.6165180418766,0.19576787829805653
3,sash reduced 20%,451.599999999985,0.0,0.0,451.599999999985,0.27835808775591886
4,sash reduced 50%,451.599999999985,0.0,0.0,451.599999999985,0.27835808775591886
5,"reduced ach, sash reduced 20%",412.62726326742467,0.0,0.0021057986042317474,412.62936906602886,195.1315127575367
6,"reduced ach, sash reduced 50%",412.49906347554133,0.0,0.0,412.49906347554133,195.78304070997433
7,"all reduced (ach, face vel, sash 50%)",413.9092611862588,0.0,0.0,413.9092611862588,188.73205215638706
