,per_hour_hood_data_count,occupancy,min_lab_cfm,min_hood_cfm,min_additional_hood_cfm,min_possible_lab_cfm,calc_hood_cfm,stream_hood_cfm,stream_and_calc_hood_cfm_std,stream_and_calc_hood_cfm_mean,calc_total_lab_cfm,stream_total_lab_cfm,calc_excess_cfm,stream_excess_cfm,description
0,1.0,0.6716961498439126,451.599999999985,175.0,0.0,451.599999999985,181.46343377394564,599.8271466389106,295.82781836919116,390.64529020642794,451.66908318914216,599.8271466389106,0.06908318915712797,148.22714663891253,current operation
1,1.0,0.690426638917794,413.460561914667,175.0,0.0,413.460561914667,181.4414772014399,599.8271466389106,295.84334401050154,390.63431192017515,413.598772573897,599.8271466389106,0.13821065922996878,186.3665847242432,reduced unoccupied ach
2,1.0,0.6914672216441207,451.599999999985,175.0,0.0,451.599999999985,181.41582246774848,599.8271466389106,295.8614846466642,390.62148455332954,451.6768980411875,599.8271466389106,0.07689804120245107,148.22714663891253,reduced unoccupied face velocity
3,1.0,0.6784599375650364,451.599999999985,175.0,0.0,451.599999999985,178.8180998141988,599.8271466389106,297.6983519506306,389.3226232265548,451.599999999985,599.8271466389106,0.0,148.22714663891253,sash reduced 20%
4,1.0,0.686264308012487,451.599999999985,175.0,0.0,451.599999999985,175.50164160530662,599.8271466389106,300.0434420396598,387.6643941221086,451.599999999985,599.8271466389106,0.0,148.22714663891253,sash reduced 50%
5,1.0,0.690426638917794,413.46056191466676,175.0,0.0,413.46056191466676,178.83013044249788,599.8271466389106,297.68984501177846,389.3286385407041,413.46056191466676,599.8271466389106,0.0,186.36658472424318,"reduced ach, sash reduced 20%"
6,1.0,0.6847034339229969,412.75546305930806,175.0,0.0,412.75546305930806,175.5305364521054,599.8271466389106,300.023010297547,387.678841545508,412.75546305930806,599.8271466389106,0.0,187.0716835796023,"reduced ach, sash reduced 50%"
7,1.0,0.6831425598335068,412.5631633714825,175.0,0.0,412.5631633714825,175.47674318905035,599.8271466389106,300.0610478786354,387.65194491398057,412.5631633714825,599.8271466389106,0.0,187.2639832674274,"all reduced (ach, face vel, sash 50%)"
