,percent_open,datastream_flow,occupancy,evacuation_cfm,datastream_and_calculated_cfm_std,datastream_and_calculated_cfm_mean
count,1669.0,1673.0,4796,1669.0,1669.0,1673.0
mean,10.630895422649976,218.16395242478745,0.44286905754795663,186.46232502846422,24.871976294728743,202.3391012310719
std,10.709766037149,41.747075665758736,0.49677712543997493,41.596371590503345,13.28904713554053,39.85937767403256
min,1.965,197.05584,False,175.0,0.11034637018031451,186.55764
25%,4.455,207.65024,0.0,175.0,22.491431448746127,191.32512
50%,7.235,207.65024000000003,0.0,175.0,23.08720611136823,191.32512000000003
75%,12.759999,209.76912,1.0,175.0,24.585480527888613,192.38456
max,81.610001,633.54512,True,591.0740339093334,306.66617702273936,561.4564569546667
