,percent_open,datastream_flow,occupancy,evacuation_cfm,datastream_and_calculated_cfm_std,datastream_and_calculated_cfm_mean
count,1680.0,1686.0,4796,1680.0,1680.0,1686.0
mean,36.12773611412022,235.14570674443146,0.44453711426188491,268.5260795920042,29.03117089783026,251.7401406659781
std,6.324997208675508,48.26712843271764,0.49696616023623802,47.46032002125567,16.28505934042455,44.89484276058124
min,22.754998999999998,203.41248,False,175.0,0.11087434323408327,191.32512
25%,32.934998,207.65024000000003,0.0,240.99635869866665,20.068314529320048,224.27718483733338
50%,36.664998374999996,214.00688,0.0,268.02160000000003,31.20198674799499,241.36538198133337
75%,38.599998,243.6712,1.0,288.64024401333336,38.64868637351796,264.831213784
max,54.514998999999996,629.30736,True,415.10371795199995,171.41298937143588,514.145272608
