,percent_open,datastream_flow,occupancy,evacuation_cfm,datastream_and_calculated_cfm_std,datastream_and_calculated_cfm_mean
count,1669.0,1673.0,4796,1669.0,1669.0,1673.0
mean,10.630895422649976,218.16395242478745,0.44557964970809005,186.2873455227772,24.732236509112994,202.2518206587493
std,10.709766037149,41.747075665758736,0.49708142741347566,41.09712822523889,13.351232130819067,39.66851846222226
min,1.965,197.05584,False,175.0,0.11034637018031451,186.55764
25%,4.455,207.65024,0.0,175.0,22.088356500354017,191.32512
50%,7.235,207.65024000000003,0.0,175.0,23.08720611136823,191.32512000000003
75%,12.759999,209.76912,1.0,175.0,24.585480527888613,192.38456
max,81.610001,633.54512,True,578.8869404266666,303.8172343732483,555.3629102133333
