,occupancy,min_lab_cfm,min_hood_cfm,min_additional_hood_cfm,min_possible_lab_cfm,calc_hood_cfm,stream_hood_cfm,stream_and_calc_hood_cfm_std,stream_and_calc_hood_cfm_mean,calc_total_lab_cfm,stream_total_lab_cfm,calc_excess_cfm,stream_excess_cfm
count,335.0,335.0,335.0,335.0,335.0,40.0,40.0,40.0,40.0,335.0,335.0,335.0,335.0
mean,3.2059701492537314,6998.2835820895525,3150.0,0.0,6998.2835820895525,3311.769709102843,3733.3761349614715,371.39692621791767,3522.572922032157,6998.2835820895525,6998.2835820895525,0.0,0.0
std,3.0674981807535966,1679.9091418078676,0.0,0.0,1679.9091418078676,271.48255584471536,405.984724097441,187.8022879173641,326.9703353555428,1679.9091418078676,1679.9091418078676,0.0,0.0
min,0.0,3660.0,3150.0,0.0,3660.0,3150.0,3149.008826666666,21.59990599234414,3149.5044133333326,3660.0,3660.0,0.0,0.0
25%,1.0,5985.0,3150.0,0.0,5985.0,3150.0,3545.6984773333324,307.52684995516483,3356.006001789,5985.0,5985.0,0.0,0.0
50%,2.0,8310.0,3150.0,0.0,8310.0,3177.6053468370374,3608.0994933333322,347.0992629817507,3381.036196666666,8310.0,8310.0,0.0,0.0
75%,5.0,8310.0,3150.0,0.0,8310.0,3316.0980038832536,3797.094760666666,419.3092717526462,3513.388212153156,8310.0,8310.0,0.0,0.0
max,12.0,8310.0,3150.0,0.0,8310.0,4281.2965783492555,5183.07262860606,895.1523965249681,4576.572287380016,8310.0,8310.0,0.0,0.0
