,percent_open,datastream_flow,occupancy,evacuation_cfm,datastream_and_calculated_cfm_std,datastream_and_calculated_cfm_mean
count,1489.0,1491.0,4812,1489.0,1489.0,1491.0
mean,74.95616409034828,600.0662751874141,0.38175394846217786,696.3934048927724,88.03115201933433,648.1649504593453
std,8.852594392611216,0.978117161046675,0.48586719302816078,84.57040638929351,21.143734019266663,42.39922303807445
min,48.924999,597.5241599999999,False,456.7663244666667,0.9963354693385463,527.8515355666666
25%,78.610001,599.6430399999999,0.0,699.0479645333332,77.23037907847858,650.0724555666667
50%,78.650002,599.6430399999999,0.0,724.9703907599999,89.86123585659136,662.3067153799999
75%,78.764999,599.6430399999999,1.0,743.5754383866666,101.77557493165648,672.1266552866666
max,79.0,603.8807999999999,True,766.8266666666667,118.2166761193594,684.2131951466667
