,percent_open,datastream_flow,occupancy,evacuation_cfm,datastream_and_calculated_cfm_std,datastream_and_calculated_cfm_mean
count,1489.0,1491.0,4812,1489.0,1489.0,1491.0
mean,74.95616409034828,600.0662751874141,0.38175394846217786,556.5967620823694,32.480868074444494,578.360389377966
std,8.852594392611216,0.978117161046675,0.48586719302816078,67.3202104586594,46.28248833623725,33.75499422154044
min,48.924999,597.5241599999999,False,365.4130595733333,0.0519406938379923,481.46860978666666
25%,78.610001,599.6430399999999,0.0,562.401272832,6.106601209627835,581.5877967351112
50%,78.650002,599.6430399999999,0.0,576.3497526826668,16.470841418214352,588.8561866666666
75%,78.764999,599.6430399999999,1.0,593.9931124586669,27.832180524386004,597.4439008746667
max,79.0,603.8807999999999,True,613.4613333333334,165.6256075168883,607.3121410986666
