,percent_open,datastream_flow,occupancy,evacuation_cfm,datastream_and_calculated_cfm_std,datastream_and_calculated_cfm_mean
count,1618.0,1620.0,4813,1618.0,1618.0,1620.0
mean,73.86798691299244,598.2126506721619,0.37544151257012259,683.443357014983,69.52615702696836,640.7756212775095
std,7.938661773009265,1.0833181008840815,0.48428701455425643,72.61805035988941,37.685394504311326,36.42143743206658
min,38.014998999999996,595.40528,False,337.0663244666667,0.0029415842739504185,467.2952422333333
25%,70.25,597.5241599999999,False,642.5533333333334,37.555723416252164,620.3341965083333
50%,74.779999,597.5241599999999,0.0,696.7445236266668,71.00942884808906,647.206030015
75%,78.18,599.6430399999999,True,739.3133903866668,101.2476155296734,668.4187751933334
max,87.235001,599.6430399999999,True,770.0,184.17150171879072,684.82152
