,percent_open,datastream_flow,occupancy,evacuation_cfm,datastream_and_calculated_cfm_std,datastream_and_calculated_cfm_mean
count,1618.0,1620.0,4813,1618.0,1618.0,1620.0
mean,73.86798691299244,598.2126506721619,0.37544151257012259,548.4806926579262,41.92768004226358,573.3775993856225
std,7.938661773009265,1.0833181008840815,0.48428701455425643,61.20714813914246,36.60320996985624,30.702575413315202
min,38.014998999999996,595.40528,False,269.65305957333334,0.05311496474170787,432.70574311999997
25%,70.25,597.5241599999999,False,513.599617839,14.91714556364275,556.021596416
50%,74.779999,597.5241599999999,0.0,557.3422324586669,31.213045475674097,577.4598894506667
75%,78.18,599.6430399999999,True,592.9888225706667,60.48492022128736,595.543422952
max,87.235001,599.6430399999999,True,677.4088610986666,231.09074125853115,637.4665105493333
