,percent_open,datastream_flow,occupancy,evacuation_cfm,datastream_and_calculated_cfm_std,datastream_and_calculated_cfm_mean
count,1618.0,1620.0,4813,1618.0,1618.0,1620.0
mean,73.86798691299244,598.2126506721619,0.37544151257012259,342.93882165425185,180.50553132960295,470.73354158193206
std,7.938661773009265,1.0833181008840815,0.48428701455425643,38.12283056501749,26.82797151391957,19.676294679740636
min,38.014998999999996,595.40528,False,175.0,122.13749323934425,385.20264
25%,70.25,597.5241599999999,False,321.2766666666667,161.38202217282182,460.12325066277776
50%,74.779999,597.5241599999999,0.0,348.33784764333336,176.9234935682631,472.939869275
75%,78.18,599.6430399999999,True,370.7647775999999,196.2703453365973,484.3544704799999
max,87.235001,599.6430399999999,True,422.6767805866666,298.76969875114975,599.6430399999999
