,percent_open,datastream_flow,occupancy,evacuation_cfm,datastream_and_calculated_cfm_std,datastream_and_calculated_cfm_mean
count,1618.0,1620.0,4813,1618.0,1618.0,1620.0
mean,73.86798691299244,598.2126506721619,0.381259089964679,343.00848470827964,180.45627211170122,470.7683301070616
std,7.938661773009265,1.0833181008840815,0.48574645617137063,38.106397453805876,26.80764527798624,19.673953217521074
min,38.014998999999996,595.40528,False,175.0,122.32624360946944,385.20264
25%,70.25,597.5241599999999,False,321.3532134814815,161.38202217282182,460.4598533333333
50%,74.779999,597.5241599999999,0.0,348.33889528666674,176.8251669667983,473.1088
75%,78.18,599.6430399999999,True,370.61801410666664,195.71830247161657,484.3544704799999
max,87.235001,599.6430399999999,True,423.3805381866666,298.76969875114975,599.6430399999999
