,percent_open,datastream_flow,occupancy,evacuation_cfm,datastream_and_calculated_cfm_std,datastream_and_calculated_cfm_mean
count,1489.0,1491.0,4812,1489.0,1489.0,1491.0
mean,74.95616409034828,600.0662751874141,0.38175394846217786,347.821068412938,178.36469820983842,474.11256648266465
std,8.852594392611216,0.978117161046675,0.48586719302816078,42.210008931421854,29.709409589509743,21.692688355803188
min,48.924999,597.5241599999999,False,228.31666199999998,152.6003493167833,413.8953855611111
25%,78.610001,599.6430399999999,0.0,349.70132003333333,161.50131125179962,475.61997970999994
50%,78.650002,599.6430399999999,0.0,360.7445196133333,169.07762420179515,481.06411768999993
75%,78.764999,599.6430399999999,1.0,371.2456952866667,176.86088182722955,486.23279804666663
max,79.0,603.8807999999999,True,382.83091877333334,262.56739991723924,599.6430399999999
