,percent_open,datastream_flow,occupancy,evacuation_cfm,datastream_and_calculated_cfm_std,datastream_and_calculated_cfm_mean
count,1618.0,1620.0,4813,1618.0,1618.0,1620.0
mean,73.86798691299244,598.2126506721619,0.37544151257012259,549.117192857597,41.36497174736025,573.6954565840991
std,7.938661773009265,1.0833181008840815,0.48428701455425643,61.16354003109285,36.77611482242055,30.681130646619646
min,38.014998999999996,595.40528,False,269.65305957333334,0.05311496474170787,432.52916978666667
25%,70.25,597.5241599999999,False,519.2880000000001,14.438723519054822,558.7103283733334
50%,74.779999,597.5241599999999,0.0,555.5487611520001,31.905976949443946,577.0999199999999
75%,78.18,599.6430399999999,True,593.895649536,56.140108034867296,595.896102832
max,87.235001,599.6430399999999,True,677.4088610986666,231.83987846679148,637.4665105493333
