,percent_open,datastream_flow,occupancy,evacuation_cfm,datastream_and_calculated_cfm_std,datastream_and_calculated_cfm_mean
count,1618.0,1620.0,4813,1618.0,1618.0,1620.0
mean,73.86798691299244,598.2126506721619,0.37544151257012259,342.8694824168726,180.55456157455595,470.698914765241
std,7.938661773009265,1.0833181008840815,0.48428701455425643,38.06494969431056,26.784535906191405,19.650146281168748
min,38.014998999999996,595.40528,False,175.0,122.9508515825283,385.20264
25%,70.25,597.5241599999999,False,321.87118628,161.38202217282182,460.4598533333333
50%,74.779999,597.5241599999999,0.0,348.33889528666674,176.8633514400892,472.9315276433333
75%,78.18,599.6430399999999,True,371.18478095999996,195.08314551779267,484.52597055333325
max,87.235001,599.6430399999999,True,423.3805381866666,298.76969875114975,599.6430399999999
