,percent_open,datastream_flow,occupancy,evacuation_cfm,datastream_and_calculated_cfm_std,datastream_and_calculated_cfm_mean
count,1489.0,1491.0,4812,1489.0,1489.0,1491.0
mean,74.95616409034828,600.0662751874141,0.38175394846217786,696.6197177182935,88.4630057511836,648.277955086172
std,8.852594392611216,0.978117161046675,0.48586719302816078,85.2361808962613,21.17913644865494,42.73444137690434
min,48.924999,597.5241599999999,False,456.7663244666667,0.9963354693385463,527.1452422333333
25%,78.610001,599.6430399999999,0.0,699.4026400666667,75.74650390160778,650.0724555666667
50%,78.650002,599.6430399999999,0.0,726.7260184800001,90.61258792128046,663.1845292400001
75%,78.764999,599.6430399999999,1.0,748.7480190400001,104.65896089387981,674.19552952
max,79.0,603.8807999999999,True,765.6618375466667,117.39301754968491,684.5771805866666
