,percent_open,datastream_flow,occupancy,evacuation_cfm,datastream_and_calculated_cfm_std,datastream_and_calculated_cfm_mean
count,1489.0,1491.0,4812,1489.0,1489.0,1491.0
mean,74.95616409034828,600.0662751874141,0.38175394846217786,348.146995839024,178.13423271667847,474.2753115991781
std,8.852594392611216,0.978117161046675,0.48586719302816078,42.15342295649699,29.665632443637147,21.666380561621256
min,48.924999,597.5241599999999,False,228.38316223333334,153.30932116281582,413.65995445
25%,78.610001,599.6430399999999,0.0,349.5239822666666,161.28424701093746,475.4767077833333
50%,78.650002,599.6430399999999,0.0,363.36300924000005,168.5734864258823,481.50302462
75%,78.764999,599.6430399999999,1.0,373.46959523999993,177.09598542745377,486.6805505733333
max,79.0,603.8807999999999,True,382.83091877333334,262.52037715129876,599.6430399999999
