,percent_open,datastream_flow,occupancy,evacuation_cfm,datastream_and_calculated_cfm_std,datastream_and_calculated_cfm_mean
count,1489.0,1491.0,4812,1489.0,1489.0,1491.0
mean,74.95616409034828,600.0662751874141,0.38175394846217786,556.60146823194,32.62119928104187,578.3627392963806
std,8.852594392611216,0.978117161046675,0.48586719302816078,67.80645229819747,46.53837373942865,33.99530315587794
min,48.924999,597.5241599999999,False,365.4130595733333,0.01635369215619072,481.91004311999995
25%,78.610001,599.6430399999999,0.0,559.11425248,6.106601209627835,580.2341564533333
50%,78.650002,599.6430399999999,0.0,576.8985307306666,16.470841418214352,589.3302253653333
75%,78.764999,599.6430399999999,1.0,594.5586898346667,28.94658075873962,597.8775162293334
max,79.0,603.8807999999999,True,613.4613333333334,165.6256075168883,608.2051350186666
