,percent_open,datastream_flow,occupancy,evacuation_cfm,datastream_and_calculated_cfm_std,datastream_and_calculated_cfm_mean
count,1807.0,1812.0,4813,1807.0,1807.0,1812.0
mean,72.46424664639785,486.14770404709475,0.44379804695616037,672.9749848449709,135.74208580381247,579.3683742793035
std,8.094808898661025,53.72934327323248,0.49688292133130496,76.54594743873403,61.10313126468566,45.15742854156773
min,30.723332999999997,353.85296,False,278.14857476,0.12227007637665321,438.5426607133333
25%,66.775002,449.20255999999995,False,621.54397746,85.94802463170461,555.7210523416666
50%,76.86999499999999,451.32144,0.0,701.5011081555557,147.41931573391707,582.6062325099999
75%,78.839996,520.18504,True,730.3296092400001,188.04774721135092,603.6187022466665
max,79.229996,610.23744,True,769.0591611733333,233.6466119625765,679.6925090666666
