,percent_open,datastream_flow,occupancy,evacuation_cfm,datastream_and_calculated_cfm_std,datastream_and_calculated_cfm_mean
count,1807.0,1812.0,4813,1807.0,1807.0,1812.0
mean,72.46424664639785,486.14770404709475,0.44379804695616037,336.58069017689536,105.66796401339481,411.63534710899154
std,8.094808898661025,53.72934327323248,0.49688292133130496,38.74037398621057,48.69722141067848,32.46181776545523
min,30.723332999999997,353.85296,False,175.0,7.364363424612857,341.05607999999995
25%,66.775002,449.20255999999995,False,310.48012281222225,64.640040636156,395.2940121708333
50%,76.86999499999999,451.32144,0.0,351.21146990222223,93.81947260546069,407.27817286
75%,78.839996,520.18504,True,365.4673120466666,136.96784078468943,427.65825636833335
max,79.229996,610.23744,True,384.16559514666676,299.7685483621635,591.16752
