,percent_open,datastream_flow,occupancy,evacuation_cfm,datastream_and_calculated_cfm_std,datastream_and_calculated_cfm_mean
count,1694.0,1697.0,4796,1694.0,1694.0,1697.0
mean,34.858078002435114,263.7495927021557,0.43432026688907421,323.8975431103748,56.1260196103409,293.75078191058645
std,8.917828788919241,43.15444915306178,0.49571908441242202,83.46265625748411,29.5131893871552,57.503640161661814
min,20.48,224.60127999999997,False,182.25433333333334,0.27869224088195166,207.66556666666665
25%,30.715311500000002,243.6712,0.0,276.70999048,31.722790103015747,272.76779113333333
50%,35.469997,245.79008,0.0,331.47332399999993,60.038198634166825,287.74575070222227
75%,40.074998666666666,262.74111999999997,1.0,371.13720952,82.3087699013011,310.58252476
max,71.860001,621.5381333333333,True,642.6882,108.02984383558614,613.0971772592593
