,percent_open,datastream_flow,occupancy,evacuation_cfm,datastream_and_calculated_cfm_std,datastream_and_calculated_cfm_mean
count,1807.0,1812.0,4813,1807.0,1807.0,1812.0
mean,72.46424664639785,486.14770404709475,0.44379804695616037,538.4041394744528,60.81774406427871,512.268617771432
std,8.094808898661025,53.72934327323248,0.49688292133130496,62.22184542820044,36.86672028582644,39.2454538308452
min,30.723332999999997,353.85296,False,229.4008864,0.007253672679741789,414.1688165333333
25%,66.775002,449.20255999999995,False,496.31230566400006,25.843268229827146,491.58571451022226
50%,76.86999499999999,451.32144,0.0,561.18905248,64.18048007758156,513.9117259039999
75%,78.839996,520.18504,True,586.0739734826667,91.67667702354834,530.1082038826667
max,79.229996,610.23744,True,614.6649522346668,261.30131268616447,605.9309444693333
