,percent_open,datastream_flow,occupancy,evacuation_cfm,datastream_and_calculated_cfm_std,datastream_and_calculated_cfm_mean
count,1807.0,1812.0,4813,1807.0,1807.0,1812.0
mean,72.46424664639785,486.14770404709475,0.44379804695616037,538.8351975178588,61.17852061806087,512.4835520662535
std,8.094808898661025,53.72934327323248,0.49688292133130496,62.409547539985724,36.734647722414145,39.319797996627265
min,30.723332999999997,353.85296,False,220.22485094400002,0.009891162076186526,409.5807988053333
25%,66.775002,449.20255999999995,False,494.412785664,26.837634859271816,492.0640885600001
50%,76.86999499999999,451.32144,0.0,562.8638178240001,64.99173558702235,514.3350061173334
75%,78.839996,520.18504,True,586.3946368000001,93.10948017429722,529.5067883639999
max,79.229996,610.23744,True,615.2473289386667,267.7897495815102,607.8425789759999
