,percent_open,datastream_flow,occupancy,evacuation_cfm,datastream_and_calculated_cfm_std,datastream_and_calculated_cfm_mean
count,1807.0,1812.0,4813,1807.0,1807.0,1812.0
mean,72.46424664639785,486.14770404709475,0.44379804695616037,336.2355788176426,105.91199459578716,411.4632675763825
std,8.094808898661025,53.72934327323248,0.49688292133130496,38.82132450176497,48.54122715520533,32.627894212335285
min,30.723332999999997,353.85296,False,175.0,12.371527633570171,338.10348
25%,66.775002,449.20255999999995,False,309.0079910399999,65.17199385737837,395.2455637125
50%,76.86999499999999,451.32144,0.0,350.41067110000006,95.07665041365715,407.176281155
75%,78.839996,520.18504,True,365.16480462000004,137.6312606504219,427.6347774999999
max,79.229996,610.23744,True,384.52958058666667,299.7685483621635,591.16752
