,hood_adjusted_sum,hood_adjusted_sum,hood_adjusted_sum,hood_adjusted_sum,hood_adjusted_sum,hood_adjusted_sum,hood_adjusted_sum,hood_adjusted_sum,hood_adjusted_sum,hood_adjusted_sum,hood_adjusted_sum,hood_adjusted_sum,hood_adjusted_sum,hood_adjusted_sum,hood_adjusted_sum,hood_adjusted_sum
count,337.0,337.0,337.0,337.0,337.0,337.0,337.0,337.0,337.0,337.0,337.0,337.0,337.0,337.0,337.0,337.0
mean,5163.19584569733,4626.931986800816,4170.041779085683,4150.593707869066,5148.611275964392,5177.780415430267,5134.026706231454,4169.225519287834,4110.881305637982,4901.839762611276,4419.970326409495,4056.6172106824924,4075.0148367952524,4874.243323442137,4915.637982195845,4929.436201780415
std,2185.3810996748425,2570.3428272237575,1835.2649611644915,1821.2437301599314,2177.7532191602777,2192.8851617427426,2170.0002144774717,1835.7658474349967,1792.7237202257897,2060.336209378492,2336.2279450048577,1685.4034980533684,1697.8842093822798,2045.5465796860046,2067.55282064863,2074.652289339522
min,3836.0,3017.0,3017.0,3017.0,3836.0,3836.0,3836.0,3017.0,3017.0,3660.0,3000.0,3000.0,3000.0,3660.0,3660.0,3660.0
25%,3836.0,3017.0,3017.0,3017.0,3836.0,3836.0,3836.0,3017.0,3017.0,3660.0,3000.0,3000.0,3000.0,3660.0,3660.0,3660.0
50%,3836.0,3017.0,3017.0,3017.0,3836.0,3836.0,3836.0,3017.0,3017.0,3660.0,3000.0,3000.0,3000.0,3660.0,3660.0,3660.0
75%,8751.0,8751.0,7113.0,7113.0,8751.0,8751.0,8751.0,7113.0,7113.0,8310.0,8310.0,6760.0,6760.0,8310.0,8310.0,8310.0
max,8751.0,8751.0,7113.0,7113.0,8751.0,8751.0,8751.0,7113.0,7113.0,8310.0,8310.0,6760.0,6760.0,8310.0,8310.0,8310.0
