,per_hour_hood_data_count,occupancy,min_lab_cfm,min_hood_cfm,min_additional_hood_cfm,min_possible_lab_cfm,calc_hood_cfm,stream_hood_cfm,stream_and_calc_hood_cfm_std,stream_and_calc_hood_cfm_mean,calc_total_lab_cfm,stream_total_lab_cfm,calc_excess_cfm,stream_excess_cfm
count,4796.0,4796,4796.0,4796.0,4796.0,4796.0,1420.0,1420.0,1420.0,1420.0,4796.0,4796.0,4796.0,4796.0
mean,0.29608006672226855,0.55170975813177647,270.76447039199365,175.0,0.0,240.76447039199408,192.74235115537516,231.30688030359866,27.844925043461313,212.02461572948616,243.8233197504664,247.39023482253756,3.0588493584720307,6.625764430543956
std,0.4565743381160923,0.49737076805351538,36.20859191436289,0.0,0.0,36.20859191435156,59.16017320280426,81.13507014959471,23.092186822464015,68.98487462179581,42.96566769202563,53.43499741781554,22.94118634804638,39.173079490282994
min,0.0,False,230.6,175.0,0.0,200.6,175.0,205.53135999999998,0.7466996923843127,190.26567999999997,200.6,200.6,0.0,0.0
25%,0.0,0.0,230.6,175.0,0.0,200.6,175.0,207.65024,23.087206111367912,191.32512,200.6,200.6,0.0,0.0
50%,0.0,1.0,303.4,175.0,0.0,273.4,175.0,207.65024000000003,23.08720611136823,191.32512000000003,273.4,273.4,0.0,0.0
75%,1.0,1.0,303.4,175.0,0.0,273.4,175.0,209.76912,24.585480527888613,192.38456,273.4,273.4,0.0,0.0
max,1.0,True,303.4,175.0,0.0,273.4,770.0,629.30736,199.85090067471958,698.5942399999999,770.0,629.30736,496.6,428.70736
