,per_hour_hood_data_count,occupancy,min_lab_cfm,min_hood_cfm,min_additional_hood_cfm,min_possible_lab_cfm,calc_hood_cfm,stream_hood_cfm,stream_and_calc_hood_cfm_std,stream_and_calc_hood_cfm_mean,calc_total_lab_cfm,stream_total_lab_cfm,calc_excess_cfm,stream_excess_cfm
count,1420.0,1420,1420.0,1420.0,1420.0,1420.0,1420.0,1420.0,1420.0,1420.0,1420.0,1420.0,1420.0,1420.0
mean,1.0,0.57253521126760565,272.2805633802821,175.0,0.0,242.28056338028205,202.8241855517919,231.30688030359866,25.810839406711274,217.06553292769465,260.0395171082526,263.7753505649473,17.758953727970397,21.49478718466348
std,0.0,0.49488495202732152,36.0276245075941,0.0,0.0,36.027624507593075,84.05330502514082,81.13507014959471,13.283356295720361,81.27317832806592,74.70234627009455,78.44041985663043,62.350756675904606,67.37131229391517
min,1.0,False,230.6,175.0,0.0,200.6,175.0,205.53135999999998,1.958068057759382,190.26567999999997,200.6,205.53135999999998,0.0,0.0
25%,1.0,0.0,230.6,175.0,0.0,200.6,175.0,207.65024,23.087206111367912,191.32512,200.6,207.65024000000003,0.0,0.0
50%,1.0,1.0,303.4,175.0,0.0,273.4,175.0,207.65024000000003,23.08720611136823,191.32512000000003,273.4,273.4,0.0,0.0
75%,1.0,1.0,303.4,175.0,0.0,273.4,175.0,209.76912,24.585480527888613,192.38456000000002,273.4,273.4,0.0,7.050240000000031
max,1.0,True,303.4,175.0,0.0,273.4,770.0,629.30736,152.7580650342675,698.5942399999999,770.0,629.30736,496.6,426.5884799999999
