,per_hour_hood_data_count,occupancy,min_lab_cfm,min_hood_cfm,min_additional_hood_cfm,min_possible_lab_cfm,calc_hood_cfm,stream_hood_cfm,stream_and_calc_hood_cfm_std,stream_and_calc_hood_cfm_mean,calc_total_lab_cfm,stream_total_lab_cfm,calc_excess_cfm,stream_excess_cfm
count,4796.0,4796,4796.0,4796.0,4796.0,4796.0,1420.0,1420.0,1420.0,1420.0,4796.0,4796.0,4796.0,4796.0
mean,0.29608006672226855,0.55796497080900753,271.219849874895,175.0,0.0,241.2198498748961,179.89293733768847,231.30688030359866,36.35514771873406,205.59990882064244,241.48660434440882,247.66823680474445,0.26675446951278853,6.448386929848932
std,0.4565743381160923,0.49668047987164315,36.158338934733,0.0,0.0,36.158338934715474,21.14313333808733,81.13507014959471,45.366943756622376,49.858660780831286,36.390590358105165,53.39762857305131,5.033727783431182,38.57122173915959
min,0.0,False,230.6,175.0,0.0,200.6,175.0,205.53135999999998,21.58893169484791,190.26567999999997,200.6,200.6,0.0,0.0
25%,0.0,0.0,230.6,175.0,0.0,200.6,175.0,207.65024,23.08720611136823,191.32512,200.6,200.6,0.0,0.0
50%,0.0,1.0,303.4,175.0,0.0,273.4,175.0,207.65024000000003,23.08720611136823,191.32512000000003,273.4,273.4,0.0,0.0
75%,1.0,1.0,303.4,175.0,0.0,273.4,175.0,209.76912,24.585480527888613,192.38456,273.4,273.4,0.0,0.0
max,1.0,True,303.4,175.0,0.0,273.4,510.8618424,629.30736,289.4303745597937,569.0251612,510.8618424,629.30736,237.46184240000002,428.70736
