,per_hour_hood_data_count,occupancy,min_lab_cfm,min_hood_cfm,min_additional_hood_cfm,min_possible_lab_cfm,calc_hood_cfm,stream_hood_cfm,stream_and_calc_hood_cfm_std,stream_and_calc_hood_cfm_mean,calc_total_lab_cfm,stream_total_lab_cfm,calc_excess_cfm,stream_excess_cfm
count,1420.0,1420,1420.0,1420.0,1420.0,1420.0,1420.0,1420.0,1420.0,1420.0,1420.0,1420.0,1420.0,1420.0
mean,1.0,0.55563380281690145,303.4000000000066,175.0,0.0,273.4000000000048,179.87264992984717,231.30688030359866,36.3694930823913,205.5897651167218,273.7037838011519,290.47024135368395,0.3037838011471051,17.07024135367762
std,0.0,0.49707029602947583,4.893124681497192e-05,0.0,0.0,3.42947680568824e-05,20.963831540200616,81.13507014959471,45.32757631707278,49.838703164540014,6.877714086424473,64.91041473513886,6.8777140865100534,64.91041473515473
min,1.0,False,303.4,175.0,0.0,273.4,175.0,205.53135999999998,21.58893169484791,190.26567999999997,273.4,273.4,0.0,0.0
25%,1.0,0.0,303.4,175.0,0.0,273.4,175.0,207.65024,23.08720611136823,191.32512,273.4,273.4,0.0,0.0
50%,1.0,1.0,303.4,175.0,0.0,273.4,175.0,207.65024000000003,23.08720611136823,191.32512000000003,273.4,273.4,0.0,0.0
75%,1.0,1.0,303.4,175.0,0.0,273.4,175.0,209.76912,24.585480527888613,192.38456,273.4,273.4,0.0,0.0
max,1.0,True,303.4,175.0,0.0,273.4,466.6526445,629.30736,291.5438657426948,546.92056225,466.6526445,629.30736,193.25264450000003,355.90736000000004
