,description,base lab cfm,hood inc cfm,sash driven cfm,lab total cfm,savings cad
0,current operation,269.32000000000545,0.0,9.70606152048827,279.0260615204933,
1,reduced unoccupied ach,267.8616262975832,0.0,9.630811299580929,277.49243759716376,00:00
2,reduced unoccupied face velocity,269.32000000000545,0.0,9.686544473421758,279.0065444734268,
3,sash reduced 20%,269.32000000000545,0.0,5.022134865178007,274.3421348651832,00:0000:0000:0000:00
4,sash reduced 50%,269.32000000000545,0.0,0.17234066790369026,269.49234066790905,00:0000:0000:0000:0000:0000:0000:0000:0000:00
5,"reduced ach, sash reduced 20%",268.18570934256593,0.0,4.989074254337561,273.1747835969032,00:0000:0000:0000:0000:00
6,"reduced ach, sash reduced 50%",267.91564013841366,0.0,0.188299106095732,268.1039392445093,00:0000:0000:0000:0000:0000:0000:0000:0000:0000:00
7,"all reduced (ach, face vel, sash 50%)",267.69958477509186,0.0,0.1448654862283731,267.84445026132016,00:0000:0000:0000:0000:0000:0000:0000:0000:0000:0000:00
