,per_hour_hood_data_count,occupancy,min_lab_cfm,min_hood_cfm,min_additional_hood_cfm,min_possible_lab_cfm,calc_hood_cfm,stream_hood_cfm,stream_and_calc_hood_cfm_std,stream_and_calc_hood_cfm_mean,calc_total_lab_cfm,stream_total_lab_cfm,calc_excess_cfm,stream_excess_cfm,description
0,1.0,0.9783737024221453,269.32000000000545,175.0,0.0,269.32000000000545,190.35431606126104,598.1094028431331,288.48665547779933,394.2318594522016,279.0260615204933,598.1094028431331,9.70606152048827,328.7894028431401,current operation
1,1.0,0.976643598615917,267.8616262975832,175.0,0.0,267.8616262975832,190.29606796962702,598.1094028431331,288.48941825462396,394.2027354063846,277.49243759716376,598.1094028431331,9.630811299580929,330.2477765455624,reduced unoccupied ach
2,1.0,0.9818339100346021,269.32000000000545,175.0,0.0,269.32000000000545,190.35678765673197,598.1094028431331,288.46982447951916,394.23309524993726,279.0065444734268,598.1094028431331,9.686544473421758,328.7894028431401,reduced unoccupied face velocity
3,1.0,0.9783737024221453,269.32000000000545,175.0,0.0,269.32000000000545,185.06179075851443,598.1094028431331,292.0687674579507,391.58559680082845,274.3421348651832,598.1094028431331,5.022134865178007,328.7894028431401,sash reduced 20%
4,1.0,0.9749134948096886,269.32000000000545,175.0,0.0,269.32000000000545,177.92462417816412,598.1094028431331,297.1155063453744,388.01701351065304,269.49234066790905,598.1094028431331,0.17234066790369026,328.7894028431401,sash reduced 50%
5,1.0,0.9818339100346021,268.18570934256593,175.0,0.0,268.18570934256593,185.04804156425686,598.1094028431331,292.07848960644617,391.5787222036996,273.1747835969032,598.1094028431331,4.989074254337561,329.9236935005797,"reduced ach, sash reduced 20%"
6,1.0,0.9775086505190311,267.91564013841366,175.0,0.0,267.91564013841366,177.90208790371307,598.1094028431331,297.1314418978614,388.0057453734274,268.1039392445093,598.1094028431331,0.188299106095732,330.19376270473197,"reduced ach, sash reduced 50%"
7,1.0,0.9740484429065744,267.69958477509186,175.0,0.0,267.69958477509186,177.83594613083915,598.1094028431331,297.17821119398036,387.9726744869904,267.84445026132016,598.1094028431331,0.1448654862283731,330.40981806805377,"all reduced (ach, face vel, sash 50%)"
