,percent_open,datastream_flow,occupancy,evacuation_cfm,datastream_and_calculated_cfm_std,datastream_and_calculated_cfm_mean
count,1719.0,1722.0,3952,1719.0,1719.0,1722.0
mean,21.305139923178928,597.5892214285785,0.56401821862348178,176.23367699971348,297.94344304481683,387.2784269867974
std,9.41640519306457,0.3042159339458454,0.49594748261748323,4.357843607852433,3.096813552174687,9.051339646846895
min,7.895,595.40528,False,175.0,272.6845328930096,385.20264
25%,13.88,597.5241599999999,0.0,175.0,298.76969875114975,386.26207999999997
50%,19.2374995,597.5241599999999,1.0,175.0,298.76969875114975,386.26207999999997
75%,27.1274985,597.5241599999999,1.0,175.0,298.76969875114975,386.26207999999997
max,45.58500066666667,599.6430399999999,True,211.88999533333333,300.2679731676703,597.5241599999999
