,percent_open,datastream_flow,occupancy,evacuation_cfm,datastream_and_calculated_cfm_std,datastream_and_calculated_cfm_mean
count,247.0,248.0,335,247.0,247.0,248.0
mean,23.09527573206252,253.2736803136202,0.34626865671641793,240.82186472445,14.007296479592188,246.98516617886406
std,12.151585034899965,111.21804251254916,0.47649178232728812,79.252503031477,30.425944775201362,93.78189567547325
min,16.82,205.53135999999998,False,210.0,0.16325681359845842,207.76567999999997
25%,16.934998999999998,205.53135999999998,0.0,210.0,0.163256813643026,207.76567999999997
50%,17.071388388888888,208.35653333333335,0.0,210.0,3.1598056466815234,209.26655333333335
75%,18.3374995,209.76912000000002,1.0,210.0,3.1598056466815234,209.88456000000002
max,58.799999,628.9542133333333,True,528.9024,186.89697925336122,575.9265599999999
