,percent_open,datastream_flow,occupancy,evacuation_cfm,datastream_and_calculated_cfm_std,datastream_and_calculated_cfm_mean
count,195.0,197.0,330,195.0,195.0,197.0
mean,31.09270815178059,293.0966454258313,0.38181818181818183,270.8222385166481,25.746213550384056,281.6495276640483
std,16.351053089291717,133.3503932151544,0.48657012193413007,101.92284037113347,41.19873444212597,114.0748615225066
min,17.164998999999998,205.53135999999998,False,210.0,0.16325681359845842,207.76567999999997
25%,17.279999,209.76912,0.0,210.0,0.163256813643026,209.88456
50%,21.079999666666666,209.76912000000002,0.0,210.0,1.6615312301542378,209.88456000000002
75%,43.375,415.30048,1.0,301.51879471999996,45.600636553793244,356.42128
max,66.06166866666668,628.24792,True,595.4358402488889,234.07832073432394,611.3121601244444
