,percent_open,datastream_flow,occupancy,evacuation_cfm,datastream_and_calculated_cfm_std,datastream_and_calculated_cfm_mean
count,195.0,197.0,330,195.0,195.0,197.0
mean,31.09270815178059,293.0966454258313,0.38181818181818183,306.21325465584414,21.42963881931809,299.1653859055285
std,16.351053089291717,133.3503932151544,0.48657012193413007,145.21626276986115,41.64198424931285,135.36921120115883
min,17.164998999999998,205.53135999999998,False,210.0,0.16325681359845842,207.76567999999997
25%,17.279999,209.76912,0.0,210.0,0.163256813643026,209.88456
50%,21.079999666666666,209.76912000000002,0.0,210.0,1.6615312301629959,209.88456000000002
75%,43.375,415.30048,1.0,375.7993233333334,19.60852383518332,393.72100363333334
max,66.06166866666668,628.24792,True,650.0,179.83457348070905,638.5942399999999
