,percent_open,datastream_flow,occupancy,evacuation_cfm,datastream_and_calculated_cfm_std,datastream_and_calculated_cfm_mean
count,241.0,242.0,335,241.0,241.0,242.0
mean,24.00900611762331,251.0573646831948,0.36119402985074628,258.2345405171623,10.885841628546899,254.68153082225032
std,11.961227596777944,98.17499306682129,0.48106519280106896,109.14036646707171,25.904370804024257,101.83656740739252
min,16.82,205.53135999999998,False,210.0,0.16325681359845842,207.76567999999997
25%,16.934998999999998,209.76912,0.0,210.0,0.163256813643026,209.88456
50%,18.09,209.76912,0.0,210.0,0.163256813643026,209.88456000000002
75%,21.555,209.76912000000002,1.0,231.177375,6.036441467396511,223.9621225
max,58.334999,627.1884799999999,True,650.0,143.3325768892537,638.5942399999999
