,percent_open,datastream_flow,occupancy,evacuation_cfm,datastream_and_calculated_cfm_std,datastream_and_calculated_cfm_mean
count,247.0,248.0,335,247.0,247.0,248.0
mean,23.09527573206252,253.2736803136202,0.34626865671641793,258.80275116523984,10.67833324133894,255.93935761207987
std,12.151585034899965,111.21804251254916,0.47649178232728812,115.33310933691207,24.619802811647414,111.63239314097345
min,16.82,205.53135999999998,False,210.0,0.16325681359845842,207.76567999999997
25%,16.934998999999998,205.53135999999998,0.0,210.0,0.24434185313322032,207.76567999999997
50%,17.071388388888888,208.35653333333335,0.0,210.0,3.1598056466815234,209.26655333333335
75%,18.3374995,209.76912000000002,1.0,210.0,3.1598056466815234,209.88456000000002
max,58.799999,628.9542133333333,True,650.0,156.28469525195916,637.5347999999999
