,percent_open,datastream_flow,occupancy,evacuation_cfm,datastream_and_calculated_cfm_std,datastream_and_calculated_cfm_mean
count,195.0,197.0,330,195.0,195.0,197.0
mean,31.09270815178059,293.0966454258313,0.38181818181818183,270.2044338792811,26.42094861951921,281.3437614095139
std,16.351053089291717,133.3503932151544,0.48657012193413007,101.50903891929363,41.84801950576376,113.72760932932894
min,17.164998999999998,205.53135999999998,False,210.0,0.16325681359845842,207.76567999999997
25%,17.279999,209.76912,0.0,210.0,0.163256813643026,209.88456
50%,21.079999666666666,209.76912000000002,0.0,210.0,1.6615312301542378,209.88456000000002
75%,43.375,415.30048,1.0,299.2670142222222,47.490804342300606,356.2014133333334
max,66.06166866666668,628.24792,True,555.3584279244445,231.95549200943466,591.2734539622222
