,percent_open,datastream_flow,occupancy,evacuation_cfm,datastream_and_calculated_cfm_std,datastream_and_calculated_cfm_mean
count,214.0,214.0,334,214.0,214.0,214.0
mean,23.416349889213397,242.24884954309474,0.3413173652694611,252.7866386933026,12.626459990384202,247.51774411819827
std,11.248364230720552,91.21435880014185,0.47486309188425901,101.27186629560141,31.994517900014042,93.40237729843102
min,16.975,205.53135999999998,False,210.0,0.16325681359845842,207.76567999999997
25%,17.09,207.65024,0.0,210.0,0.163256813643026,208.82512000000003
50%,17.34166675,209.76912,0.0,210.0,1.6615312301542378,209.88456
75%,23.67777772222222,209.76912000000002,1.0,210.0,3.1598056466815234,209.88456000000002
max,58.36999899999999,629.30736,True,641.5629779,178.97511370815067,633.31628895
