,percent_open,datastream_flow,occupancy,evacuation_cfm,datastream_and_calculated_cfm_std,datastream_and_calculated_cfm_mean
count,1437.0,1439.0,4812,1437.0,1437.0,1439.0
mean,14.32035440348337,599.643796684422,0.45677472984206152,246.8456481587084,252.79850334675302,423.48989086620884
std,22.10121044713202,0.20603443707025443,0.4981798389170094,141.9660576480308,91.651170656375,71.24570419007766
min,0.0,597.5241599999999,False,175.0,2.451576998157305,386.26207999999997
25%,0.0,599.6430399999999,0.0,175.0,292.414380450955,387.32151999999996
50%,1.16,599.6430399999999,0.0,175.0,300.2679731676703,387.32151999999996
75%,19.939999,599.6430399999999,1.0,186.10665733333335,300.2679731676703,394.21838431
max,80.88499499999999,601.7619199999999,True,762.4758861999999,301.0171103759306,681.0594630999999
