,percent_open,datastream_flow,occupancy,evacuation_cfm,datastream_and_calculated_cfm_std,datastream_and_calculated_cfm_mean
count,1728.0,1734.0,4795,1728.0,1728.0,1734.0
mean,14.340639792213237,309.35194856209273,0.44275286757038584,375.97295853876386,92.36858368250081,342.46288483323093
std,6.636044886381521,146.95204714625496,0.49676375747022317,45.95306854902682,33.65682008286447,90.32512689484167
min,6.02,205.53135999999998,False,350.0,0.2720946893931586,207.65024
25%,8.679999,209.76912,0.0,350.0,77.3537215433707,279.88455999999996
50%,12.04,209.76912000000002,0.0,350.0,99.15820617975723,279.88456
75%,21.209999,372.41523166666667,1.0,390.74513214333336,100.65648059627776,401.48340293
max,28.072498500000002,629.542791111111,True,518.8212945066666,194.50357945827096,572.6517405866666
