,percent_open,datastream_flow,occupancy,evacuation_cfm,datastream_and_calculated_cfm_std,datastream_and_calculated_cfm_mean
count,1437.0,1439.0,4812,1437.0,1437.0,1439.0
mean,14.32035440348337,599.643796684422,0.45677472984206152,246.8465676143075,252.9786152807561,423.49034995505355
std,22.10121044713202,0.20603443707025443,0.4981798389170094,142.22593405291198,91.35292759013278,71.37506163185903
min,0.0,597.5241599999999,False,175.0,1.939673865172946,386.26207999999997
25%,0.0,599.6430399999999,0.0,175.0,291.46501228687066,387.32151999999996
50%,1.16,599.6430399999999,0.0,175.0,300.2679731676703,387.32151999999996
75%,19.939999,599.6430399999999,1.0,187.4492666666667,300.2679731676703,393.7197533333333
max,80.88499499999999,601.7619199999999,True,747.5103714400001,301.0171103759306,673.5767057200001
