,percent_open,datastream_flow,occupancy,evacuation_cfm,datastream_and_calculated_cfm_std,datastream_and_calculated_cfm_mean
count,1728.0,1734.0,4795,1728.0,1728.0,1734.0
mean,14.340639792213237,309.35194856209273,0.44275286757038584,354.18990420394323,93.91680802506211,331.6090446110348
std,6.636044886381521,146.95204714625496,0.49676375747022317,11.818953676075138,46.91628678919541,76.75136491840308
min,6.02,205.53135999999998,False,350.0,0.12451555325643615,207.65024
25%,8.679999,209.76912,0.0,350.0,93.01175423175872,279.88455999999996
50%,12.04,209.76912000000002,0.0,350.0,99.15820617975723,279.88456
75%,21.209999,372.41523166666667,1.0,350.0,100.65648059627776,368.04728
max,28.072498500000002,629.542791111111,True,415.1605759715556,194.50357945827096,520.0633178026667
