,percent_open,datastream_flow,occupancy,evacuation_cfm,datastream_and_calculated_cfm_std,datastream_and_calculated_cfm_mean
count,1437.0,1439.0,4812,1437.0,1437.0,1439.0
mean,14.32035440348337,599.643796684422,0.45677472984206152,191.3621503265986,288.69872151830816,395.7866989326637
std,22.10121044713202,0.20603443707025443,0.4981798389170094,39.50715335711295,27.92775349217014,21.160941085564588
min,0.0,597.5241599999999,False,175.0,157.13580583998615,386.26207999999997
25%,0.0,599.6430399999999,0.0,175.0,300.2679731676703,387.32151999999996
50%,1.16,599.6430399999999,0.0,175.0,300.2679731676703,387.32151999999996
75%,19.939999,599.6430399999999,1.0,175.0,300.2679731676703,387.32151999999996
max,80.88499499999999,601.7619199999999,True,377.4194522466667,301.7662475841908,599.6430399999999
