,percent_open,datastream_flow,occupancy,evacuation_cfm,datastream_and_calculated_cfm_std,datastream_and_calculated_cfm_mean
count,1728.0,1734.0,4795,1728.0,1728.0,1734.0
mean,14.340639792213237,309.35194856209273,0.4521376433785193,375.8517525149148,92.10312052913194,342.40249152030896
std,6.636044886381521,146.95204714625496,0.49775582918659056,45.99558707410641,33.921247625394315,90.39934220309732
min,6.02,205.53135999999998,False,350.0,0.20672031056107185,207.65024
25%,8.679999,209.76912,0.0,350.0,78.36568137346538,279.88455999999996
50%,12.04,209.76912000000002,0.0,350.0,99.15820617975723,279.88456
75%,21.209999,372.41523166666667,1.0,392.13089552,100.65648059627776,403.58955090666666
max,28.072498500000002,629.542791111111,True,518.8212945066666,194.50357945827096,573.0048872533332
