,percent_open,datastream_flow,occupancy,evacuation_cfm,datastream_and_calculated_cfm_std,datastream_and_calculated_cfm_mean
count,1437.0,1439.0,4812,1437.0,1437.0,1439.0
mean,14.32035440348337,599.643796684422,0.45677472984206152,224.08393404132107,265.5609263611102,412.1248515379648
std,22.10121044713202,0.20603443707025443,0.4981798389170094,100.97432336345354,71.38893933162595,50.942764704000076
min,0.0,597.5241599999999,False,175.0,13.592870756908365,386.26207999999997
25%,0.0,599.6430399999999,0.0,175.0,300.2679731676703,387.32151999999996
50%,1.16,599.6430399999999,0.0,175.0,300.2679731676703,387.32151999999996
75%,19.939999,599.6430399999999,1.0,175.0,300.2679731676703,387.32151999999996
max,80.88499499999999,601.7619199999999,True,580.4198178240001,301.0171103759306,599.6430399999999
