,percent_open,datastream_flow,occupancy,evacuation_cfm,datastream_and_calculated_cfm_std,datastream_and_calculated_cfm_mean
count,1671.0,1672.0,4813,1671.0,1671.0,1672.0
mean,56.02537191460587,1201.4878607575458,0.56139621857469357,519.2804970913303,482.39348810440123,860.588163512643
std,14.479273307003893,1.7887211748969494,0.49626774471168855,130.38835370798535,92.35231579716452,65.61025448109075
min,9.574999333333334,1197.1671999999999,False,175.0,304.300235445251,687.9670488888888
25%,47.489998,1199.2860799999999,False,443.0118,437.31751512046765,823.0319059999999
50%,55.799999,1201.4049599999998,1.0,525.5273333333334,477.7764202738408,862.9431152399999
75%,61.724998,1203.5238399999998,True,582.9291952866668,534.9676232848952,891.5162019533332
max,84.63499499999999,1205.6427199999998,True,770.0,727.2761818760274,1201.4049599999998
