,percent_open,datastream_flow,occupancy,evacuation_cfm,datastream_and_calculated_cfm_std,datastream_and_calculated_cfm_mean
count,1671.0,1672.0,4813,1671.0,1671.0,1672.0
mean,56.02537191460587,1201.4878607575458,0.56139621857469357,264.8887752885423,662.2755996688813,733.4683766907328
std,14.479273307003893,1.7887211748969494,0.49626774471168855,59.171109697532536,41.98160175547293,31.647727544347457
min,9.574999333333334,1197.1671999999999,False,175.0,558.694541349303,686.6133199999999
25%,47.489998,1199.2860799999999,False,221.7285726548148,644.015508920041,711.5147066666666
50%,55.799999,1201.4049599999998,1.0,262.8635333333333,663.9328021701032,732.2453340033333
75%,61.724998,1203.5238399999998,True,290.83833333333337,692.8505328448882,745.7076133333333
max,84.63499499999999,1205.6427199999998,True,410.7618423999999,727.7756066815344,1201.4049599999998
