,percent_open,datastream_flow,occupancy,evacuation_cfm,datastream_and_calculated_cfm_std,datastream_and_calculated_cfm_mean
count,1671.0,1672.0,4813,1671.0,1671.0,1672.0
mean,56.02537191460587,1201.4878607575458,0.56139621857469357,519.5639633043601,482.19304722293043,860.7298118505519
std,14.479273307003893,1.7887211748969494,0.49626774471168855,130.58808536747884,92.48612703656414,65.71404257253734
min,9.574999333333334,1197.1671999999999,False,175.0,304.0505230424976,687.9670488888888
25%,47.489998,1199.2860799999999,False,443.0118,438.4204786389686,823.0212465349999
50%,55.799999,1201.4049599999998,1.0,525.5273333333334,476.73977748357265,863.7366237899998
75%,61.724998,1203.5238399999998,True,581.7688239066667,534.9676232848952,890.5735305733333
max,84.63499499999999,1205.6427199999998,True,770.0,727.2761818760274,1201.4049599999998
