,percent_open,datastream_flow,occupancy,evacuation_cfm,datastream_and_calculated_cfm_std,datastream_and_calculated_cfm_mean
count,1671.0,1672.0,4813,1671.0,1671.0,1672.0
mean,56.02537191460587,1201.4878607575458,0.56139621857469357,417.498398228985,554.3643004133687,809.7275513119914
std,14.479273307003893,1.7887211748969494,0.49626774471168855,105.93530796550179,75.05330721016341,53.72555772340373
min,9.574999333333334,1197.1671999999999,False,175.0,384.04848221694056,687.9670488888888
25%,47.489998,1199.2860799999999,False,354.7980722346667,520.1909322701849,778.6377066666666
50%,55.799999,1201.4049599999998,1.0,420.4218666666667,552.2222249725306,810.9933066666666
75%,61.724998,1203.5238399999998,True,465.4887849173334,598.178072344651,833.3223524586667
max,84.63499499999999,1205.6427199999998,True,657.2189478399999,727.2761818760274,1201.4049599999998
