,percent_open,datastream_flow,occupancy,evacuation_cfm,datastream_and_calculated_cfm_std,datastream_and_calculated_cfm_mean
count,1671.0,1672.0,4813,1671.0,1671.0,1672.0
mean,56.02537191460587,1201.4878607575458,0.56388946602950341,432.65076788908806,543.6499570756621,817.2992049310185
std,14.479273307003893,1.7887211748969494,0.49595286198643607,151.64856784376641,107.33283218865,76.32160146696057
min,9.574999333333334,1197.1671999999999,False,175.0,304.300235445251,687.6727599999999
25%,47.489998,1199.2860799999999,False,313.25952000000007,466.1884014842076,758.032315632
50%,55.799999,1201.4049599999998,1.0,429.0285303422221,546.3007375563864,814.6445824833334
75%,61.724998,1203.5238399999998,True,542.0548,628.7739445150418,870.8920807616666
max,84.63499499999999,1205.6427199999998,True,770.0,727.7756066815344,1201.4049599999998
