,percent_open,datastream_flow,occupancy,evacuation_cfm,datastream_and_calculated_cfm_std,datastream_and_calculated_cfm_mean
count,1671.0,1672.0,4813,1671.0,1671.0,1672.0
mean,56.02537191460587,1201.4878607575458,0.56139621857469357,417.74955198087673,554.1867078922849,809.8530530821496
std,14.479273307003893,1.7887211748969494,0.49626774471168855,105.60316359281609,74.819835556566,53.56073332972034
min,9.574999333333334,1197.1671999999999,False,175.0,383.7987698141876,687.9670488888888
25%,47.489998,1199.2860799999999,False,354.40944,518.8730433692997,778.3006895
50%,55.799999,1201.4049599999998,1.0,420.88104337066665,551.5957957035924,811.3697277519999
75%,61.724998,1203.5238399999998,True,466.78984493866676,598.178072344651,834.016507384
max,84.63499499999999,1205.6427199999998,True,657.2189478399999,727.2761818760274,1201.4049599999998
