,percent_open,datastream_flow,occupancy,evacuation_cfm,datastream_and_calculated_cfm_std,datastream_and_calculated_cfm_mean
count,1671.0,1672.0,4813,1671.0,1671.0,1672.0
mean,56.02537191460587,1201.4878607575458,0.56388946602950341,519.5370106249136,482.2121056453367,860.7163435708418
std,14.479273307003893,1.7887211748969494,0.49595286198643607,129.9596116101185,92.04174799709354,65.40253673765208
min,9.574999333333334,1197.1671999999999,False,175.0,304.0505230424976,687.9670488888888
25%,47.489998,1199.2860799999999,False,442.53997200000003,437.5853232625641,821.3918351466666
50%,55.799999,1201.4049599999998,1.0,526.1013042133333,476.73977748357265,864.4578109299999
75%,61.724998,1203.5238399999998,True,581.8609811466666,537.0989761631756,890.5735305733333
max,84.63499499999999,1205.6427199999998,True,770.0,727.2761818760274,1201.4049599999998
