,per_hour_hood_data_count,occupancy,min_lab_cfm,min_hood_cfm,min_additional_hood_cfm,min_possible_lab_cfm,calc_hood_cfm,stream_hood_cfm,stream_and_calc_hood_cfm_std,stream_and_calc_hood_cfm_mean,calc_total_lab_cfm,stream_total_lab_cfm,calc_excess_cfm,stream_excess_cfm
count,4813.0,4813,4813.0,4813.0,4813.0,4813.0,1860.0,1862.0,1860.0,1862.0,4813.0,4813.0,4813.0,4813.0
mean,0.38645335549553295,0.68356534386037815,541.6800000000156,175.0,0.0,541.6800000000156,629.2458081213045,387.39264741496527,186.6697919163089,508.2378967433633,579.507686349137,543.5396258051287,37.827686349117414,1.8596258051111496
std,0.4869870980440115,0.46513300833248911,0.0002130369693334732,0.0,0.0,0.0002130369693334732,74.37310945898896,70.68646207211206,53.85714661748919,32.0974629624811,56.46517805852294,9.758916120156906,56.46517805897502,9.758916122521217
min,0.0,False,541.6800000000001,175.0,0.0,541.6800000000001,244.7115909466667,320.6571733333333,0.10915426348938038,358.09072,541.6800000000001,541.6800000000001,0.0,0.0
25%,0.0,False,541.6800000000001,175.0,0.0,541.6800000000001,633.4346223333333,359.94473999999997,190.9978501738761,499.71054997,541.6800000000001,541.6800000000001,0.0,0.0
50%,0.0,1.0,541.6800000000001,175.0,0.0,541.6800000000001,652.99195752,360.20959999999997,205.8201217583923,509.81109075999996,541.6800000000001,541.6800000000001,0.0,0.0
75%,1.0,True,541.6800000000001,175.0,0.0,541.6800000000001,673.4410195333334,362.32847999999996,221.48806083270813,521.8152448433333,640.7743910400001,541.6800000000001,99.09439104,0.0
max,1.0,True,541.6800000000001,175.0,0.0,541.6800000000001,696.4047514666667,599.6430399999999,249.47616006545906,642.3058690666667,696.4047514666667,599.6430399999999,154.7247514666666,57.963039999999864
