,per_hour_hood_data_count,occupancy,min_lab_cfm,min_hood_cfm,min_additional_hood_cfm,min_possible_lab_cfm,calc_hood_cfm,stream_hood_cfm,stream_and_calc_hood_cfm_std,stream_and_calc_hood_cfm_mean,calc_total_lab_cfm,stream_total_lab_cfm,calc_excess_cfm,stream_excess_cfm
count,4813.0,4813,4813.0,4813.0,4813.0,4813.0,1860.0,1862.0,1860.0,1862.0,4813.0,4813.0,4813.0,4813.0
mean,0.38645335549553295,0.68314980261790981,508.2332931643708,175.0,0.0,508.2332931643708,314.72914996513714,387.39264741496527,51.32712644882988,351.1484810155272,508.2332931643708,511.09277543230365,0.0,2.8594822679317597
std,0.4869870980440115,0.46529682179850779,49.11673250865222,0.0,0.0,49.11673250865222,35.54901219792601,70.68646207211206,68.2505104340538,28.682829227651126,49.11673250865222,50.853317480442655,0.0,17.181974904022365
min,0.0,False,436.12,175.0,0.0,436.12,175.0,320.6571733333333,7.386768286823527,296.5730266666667,436.12,436.12,0.0,0.0
25%,0.0,False,436.12,175.0,0.0,436.12,316.71731116666666,359.94473999999997,16.85924723655328,340.1303888,436.12,436.12,0.0,0.0
50%,0.0,1.0,541.6800000000001,175.0,0.0,541.6800000000001,326.3759241866666,360.20959999999997,24.911948032951685,345.57009307,541.6800000000001,541.6800000000001,0.0,0.0
75%,1.0,True,541.6800000000001,175.0,0.0,541.6800000000001,336.7205097666667,362.32847999999996,32.64920205502433,351.4600145333333,541.6800000000001,541.6800000000001,0.0,0.0
max,1.0,True,541.6800000000001,175.0,0.0,541.6800000000001,348.61494304,599.6430399999999,300.2679731676703,597.5241599999999,541.6800000000001,599.6430399999999,0.0,161.40415999999993
