,per_hour_hood_data_count,occupancy,min_lab_cfm,min_hood_cfm,min_additional_hood_cfm,min_possible_lab_cfm,calc_hood_cfm,stream_hood_cfm,stream_and_calc_hood_cfm_std,stream_and_calc_hood_cfm_mean,calc_total_lab_cfm,stream_total_lab_cfm,calc_excess_cfm,stream_excess_cfm
count,1860.0,1860,1860.0,1860.0,1860.0,1860.0,1860.0,1860.0,1860.0,1860.0,1860.0,1860.0,1860.0,1860.0
mean,1.0,0.68978494623655917,541.6800000000214,175.0,0.0,541.6800000000214,504.0857593709245,387.2954272078846,111.00304970867916,445.69059328940523,543.4167477478709,546.4620079785151,1.7367477478547146,4.782007978494604
std,0.0,0.46270593250754116,0.0001323112213860192,0.0,0.0,0.0001323112213860192,59.83565028492932,70.55301552659,36.75022544435045,29.178830395707333,3.780180414036427,15.19586692711433,3.78018041581288,15.195866927666057
min,1.0,False,541.6800000000001,175.0,0.0,541.6800000000001,193.75103283200005,320.6571733333333,3.23273263504236,368.14906666666667,541.6800000000001,541.6800000000001,0.0,0.0
25%,1.0,0.0,541.6800000000001,175.0,0.0,541.6800000000001,506.74769786666667,359.94473999999997,104.92865006257941,436.14574208,541.6800000000001,541.6800000000001,0.0,0.0
50%,1.0,1.0,541.6800000000001,175.0,0.0,541.6800000000001,523.0429573973333,360.20959999999997,117.63823607576877,445.132612608,541.6800000000001,541.6800000000001,0.0,0.0
75%,1.0,1.0,541.6800000000001,175.0,0.0,541.6800000000001,540.1856840426668,362.32847999999996,130.02095780459604,453.5306657333333,541.6800000000001,541.6800000000001,0.0,0.0
max,1.0,True,541.6800000000001,175.0,0.0,541.6800000000001,557.1238011733334,599.6430399999999,285.5107162813909,574.0208872533333,557.1238011733334,599.6430399999999,15.443801173333327,57.963039999999864
