,per_hour_hood_data_count,occupancy,min_lab_cfm,min_hood_cfm,min_additional_hood_cfm,min_possible_lab_cfm,calc_hood_cfm,stream_hood_cfm,stream_and_calc_hood_cfm_std,stream_and_calc_hood_cfm_mean,calc_total_lab_cfm,stream_total_lab_cfm,calc_excess_cfm,stream_excess_cfm
count,4813.0,4813,4813.0,4813.0,4813.0,4813.0,1860.0,1862.0,1860.0,1862.0,4813.0,4813.0,4813.0,4813.0
mean,0.38645335549553295,0.67213795969249945,507.07088302516485,175.0,0.0,507.07088302516485,503.8272979787377,387.39264741496527,110.73449362783619,445.59599855185724,517.420483521545,510.00697028559523,10.34960049638045,2.936087260428933
std,0.4869870980440115,0.46948303318946177,49.558628983082336,0.0,0.0,49.558628983082336,59.620756904432284,70.68646207211206,36.744333281062914,29.4803878582604,43.94161460164143,51.29767459411326,29.024173045511088,17.204537542499473
min,0.0,False,436.12,175.0,0.0,436.12,197.47195268266665,320.6571733333333,1.4343949027942768,358.09072,436.12,436.12,0.0,0.0
25%,0.0,False,436.12,175.0,0.0,436.12,506.74769786666667,359.94473999999997,105.08662217698316,436.14574208,516.583178272,436.12,0.0,0.0
50%,0.0,1.0,541.6800000000001,175.0,0.0,541.6800000000001,522.2014786986666,360.20959999999997,116.65233982000089,444.411894456,541.6800000000001,541.6800000000001,0.0,0.0
75%,1.0,True,541.6800000000001,175.0,0.0,541.6800000000001,540.1856840426668,362.32847999999996,130.40050578302598,454.0848,541.6800000000001,541.6800000000001,0.0,0.0
max,1.0,True,541.6800000000001,175.0,0.0,541.6800000000001,557.1238011733334,599.6430399999999,282.8796286227331,597.5241599999999,557.1238011733334,599.6430399999999,121.00380117333339,161.40415999999993
