,per_hour_hood_data_count,occupancy,min_lab_cfm,min_hood_cfm,min_additional_hood_cfm,min_possible_lab_cfm,calc_hood_cfm,stream_hood_cfm,stream_and_calc_hood_cfm_std,stream_and_calc_hood_cfm_mean,calc_total_lab_cfm,stream_total_lab_cfm,calc_excess_cfm,stream_excess_cfm
count,4813.0,4813,4813.0,4813.0,4813.0,4813.0,1860.0,1862.0,1860.0,1862.0,4813.0,4813.0,4813.0,4813.0
mean,0.38645335549553295,0.67317681279867025,541.6800000000156,175.0,0.0,541.6800000000156,315.0612257343973,387.39264741496527,51.092313420518316,351.3143405565636,541.6800000000156,543.5396258051287,0.0,1.8596258051111496
std,0.4869870980440115,0.46910074885833314,0.0002130369693334732,0.0,0.0,0.0002130369693334732,35.633258289435176,70.68646207211206,68.20901420720202,28.783440929502078,0.0002130369693334732,9.758916120156906,0.0,9.758916122521217
min,0.0,False,541.6800000000001,175.0,0.0,541.6800000000001,175.0,320.6571733333333,7.386768286823527,296.5730266666667,541.6800000000001,541.6800000000001,0.0,0.0
25%,0.0,False,541.6800000000001,175.0,0.0,541.6800000000001,316.71731116666666,359.94473999999997,16.52429688256367,340.55599328,541.6800000000001,541.6800000000001,0.0,0.0
50%,0.0,1.0,541.6800000000001,175.0,0.0,541.6800000000001,326.71891046666667,360.20959999999997,24.300543266134305,346.2260463916666,541.6800000000001,541.6800000000001,0.0,0.0
75%,1.0,True,541.6800000000001,175.0,0.0,541.6800000000001,337.6160525266667,362.32847999999996,33.68889294206287,351.52254279,541.6800000000001,541.6800000000001,0.0,0.0
max,1.0,True,541.6800000000001,175.0,0.0,541.6800000000001,348.61494304,599.6430399999999,300.2679731676703,597.5241599999999,541.6800000000001,599.6430399999999,0.0,57.963039999999864
