,per_hour_hood_data_count,occupancy,min_lab_cfm,min_hood_cfm,min_additional_hood_cfm,min_possible_lab_cfm,calc_hood_cfm,stream_hood_cfm,stream_and_calc_hood_cfm_std,stream_and_calc_hood_cfm_mean,calc_total_lab_cfm,stream_total_lab_cfm,calc_excess_cfm,stream_excess_cfm
count,4813.0,4813,4813.0,4813.0,4813.0,4813.0,1860.0,1862.0,1860.0,1862.0,4813.0,4813.0,4813.0,4813.0
mean,0.38645335549553295,0.68335757323914403,541.6800000000156,175.0,0.0,541.6800000000156,504.0857593709245,387.39264741496527,111.00304970867916,445.7250904394703,542.3511719948202,543.5396258051287,0.6711719948077642,1.8596258051111496
std,0.4869870980440115,0.4652149686819137,0.0002130369693334732,0.0,0.0,0.0002130369693334732,59.83565028492932,70.68646207211206,36.75022544435045,29.444847817399395,2.4971660799052606,9.758916120156906,2.497166088286328,9.758916122521217
min,0.0,False,541.6800000000001,175.0,0.0,541.6800000000001,193.75103283200005,320.6571733333333,3.23273263504236,358.09072,541.6800000000001,541.6800000000001,0.0,0.0
25%,0.0,False,541.6800000000001,175.0,0.0,541.6800000000001,506.74769786666667,359.94473999999997,104.92865006257941,436.14574208,541.6800000000001,541.6800000000001,0.0,0.0
50%,0.0,1.0,541.6800000000001,175.0,0.0,541.6800000000001,523.0429573973333,360.20959999999997,117.63823607576877,445.132612608,541.6800000000001,541.6800000000001,0.0,0.0
75%,1.0,True,541.6800000000001,175.0,0.0,541.6800000000001,540.1856840426668,362.32847999999996,130.02095780459604,453.605284816,541.6800000000001,541.6800000000001,0.0,0.0
max,1.0,True,541.6800000000001,175.0,0.0,541.6800000000001,557.1238011733334,599.6430399999999,285.5107162813909,597.5241599999999,557.1238011733334,599.6430399999999,15.443801173333327,57.963039999999864
