,per_hour_hood_data_count,occupancy,min_lab_cfm,min_hood_cfm,min_additional_hood_cfm,min_possible_lab_cfm,calc_hood_cfm,stream_hood_cfm,stream_and_calc_hood_cfm_std,stream_and_calc_hood_cfm_mean,calc_total_lab_cfm,stream_total_lab_cfm,calc_excess_cfm,stream_excess_cfm
count,1860.0,1860,1860.0,1860.0,1860.0,1860.0,1860.0,1860.0,1860.0,1860.0,1860.0,1860.0,1860.0,1860.0
mean,1.0,0.69731182795698921,541.6800000000214,175.0,0.0,541.6800000000214,629.2458081213045,387.2954272078846,186.6697919163089,508.27061766459275,639.5642227947886,546.4620079785151,97.88422279478608,4.782007978494604
std,0.0,0.45954497171952352,0.0001323112213860192,0.0,0.0,0.0001323112213860192,74.37310945898896,70.55301552659,53.85714661748919,31.85810815343803,48.694664285022604,15.19586692711433,48.69466428510859,15.195866927666057
min,1.0,False,541.6800000000001,175.0,0.0,541.6800000000001,244.7115909466667,320.6571733333333,0.10915426348938038,414.1006933333333,541.6800000000001,541.6800000000001,0.0,0.0
25%,1.0,0.0,541.6800000000001,175.0,0.0,541.6800000000001,633.4346223333333,359.94473999999997,190.9978501738761,499.78351068333336,633.4346223333333,541.6800000000001,91.75462233333326,0.0
50%,1.0,1.0,541.6800000000001,175.0,0.0,541.6800000000001,652.99195752,360.20959999999997,205.8201217583923,509.81109075999996,652.99195752,541.6800000000001,111.31195751999996,0.0
75%,1.0,1.0,541.6800000000001,175.0,0.0,541.6800000000001,673.4410195333334,362.32847999999996,221.48806083270813,521.6840433699999,673.4410195333334,541.6800000000001,131.7610195333333,0.0
max,1.0,True,541.6800000000001,175.0,0.0,541.6800000000001,696.4047514666667,599.6430399999999,249.47616006545906,642.3058690666667,696.4047514666667,599.6430399999999,154.7247514666666,57.963039999999864
