,per_hour_hood_data_count,occupancy,min_lab_cfm,min_hood_cfm,min_additional_hood_cfm,min_possible_lab_cfm,calc_hood_cfm,stream_hood_cfm,stream_and_calc_hood_cfm_std,stream_and_calc_hood_cfm_mean,calc_total_lab_cfm,stream_total_lab_cfm,calc_excess_cfm,stream_excess_cfm
count,1860.0,1860,1860.0,1860.0,1860.0,1860.0,1860.0,1860.0,1860.0,1860.0,1860.0,1860.0,1860.0,1860.0
mean,1.0,0.67849462365591395,541.6800000000214,175.0,0.0,541.6800000000214,314.9008915072549,387.2954272078846,51.20314934025103,351.0981593575697,541.6800000000214,546.4620079785151,0.0,4.782007978494604
std,0.0,0.4671798495284219,0.0001323112213860192,0.0,0.0,0.0001323112213860192,35.42134741385829,70.55301552659,68.21667400110381,28.08564090873039,0.0001323112213860192,15.19586692711433,0.0,15.195866927666057
min,1.0,False,541.6800000000001,175.0,0.0,541.6800000000001,175.0,320.6571733333333,7.781421287981868,296.39619107,541.6800000000001,541.6800000000001,0.0,0.0
25%,1.0,0.0,541.6800000000001,175.0,0.0,541.6800000000001,316.71731116666666,359.94473999999997,16.85924723655328,340.55599328,541.6800000000001,541.6800000000001,0.0,0.0
50%,1.0,1.0,541.6800000000001,175.0,0.0,541.6800000000001,326.71891046666667,360.20959999999997,24.05337823441587,345.8881216666666,541.6800000000001,541.6800000000001,0.0,0.0
75%,1.0,1.0,541.6800000000001,175.0,0.0,541.6800000000001,336.7205097666667,362.32847999999996,32.84757071771425,351.52254279,541.6800000000001,541.6800000000001,0.0,0.0
max,1.0,True,541.6800000000001,175.0,0.0,541.6800000000001,348.2023757333333,599.6430399999999,300.2679731676703,467.53222786666663,541.6800000000001,599.6430399999999,0.0,57.963039999999864
