,per_hour_hood_data_count,occupancy,min_lab_cfm,min_hood_cfm,min_additional_hood_cfm,min_possible_lab_cfm,calc_hood_cfm,stream_hood_cfm,stream_and_calc_hood_cfm_std,stream_and_calc_hood_cfm_mean,calc_total_lab_cfm,stream_total_lab_cfm,calc_excess_cfm,stream_excess_cfm
count,1860.0,1860,1860.0,1860.0,1860.0,1860.0,1860.0,1860.0,1860.0,1860.0,1860.0,1860.0,1860.0,1860.0
mean,1.0,0.67795698924731185,507.6851397849584,175.0,0.0,507.6851397849584,629.6567072969506,387.2954272078846,186.83237912851772,508.47606725241644,637.9461795948406,514.7054160621387,130.26103980989265,7.020276277180408
std,0.0,0.46738501852918835,49.33716255584259,0.0,0.0,49.33716255584259,74.4330202858109,70.55301552659,54.207332689798754,31.935453224306347,53.69439184595727,53.505051424285135,72.35440538877307,24.55086443446758
min,1.0,False,436.12,175.0,0.0,436.12,238.64632446666667,320.6571733333333,1.0755312308358933,414.1006933333333,436.12,436.12,0.0,0.0
25%,1.0,0.0,436.12,175.0,0.0,436.12,633.4346223333333,359.94473999999997,191.70099166522505,500.1559775999999,633.4346223333333,436.12,97.39197311999976,0.0
50%,1.0,1.0,541.6800000000001,175.0,0.0,541.6800000000001,653.4378209333333,360.20959999999997,206.85860760834322,510.4001346,653.4378209333333,541.6800000000001,125.79332399999998,0.0
75%,1.0,1.0,541.6800000000001,175.0,0.0,541.6800000000001,673.8180956266666,362.32847999999996,221.48806083270813,521.06358572,673.8180956266666,541.6800000000001,197.31462233333332,0.0
max,1.0,True,541.6800000000001,175.0,0.0,541.6800000000001,696.1135611733333,599.6430399999999,253.7649511231705,640.1869890666667,696.1135611733333,599.6430399999999,259.16850421333334,161.40415999999993
