,per_hour_hood_data_count,occupancy,min_lab_cfm,min_hood_cfm,min_additional_hood_cfm,min_possible_lab_cfm,calc_hood_cfm,stream_hood_cfm,stream_and_calc_hood_cfm_std,stream_and_calc_hood_cfm_mean,calc_total_lab_cfm,stream_total_lab_cfm,calc_excess_cfm,stream_excess_cfm
count,1860.0,1860,1860.0,1860.0,1860.0,1860.0,1860.0,1860.0,1860.0,1860.0,1860.0,1860.0,1860.0,1860.0
mean,1.0,0.7123655913978495,511.31731182796995,175.0,0.0,511.31731182796995,504.13068376241955,387.2954272078846,111.22026517917254,445.7130554851515,535.9812974598201,518.0784875866317,24.663985631851634,6.761175758661886
std,0.0,0.45278148879914021,47.795613957528,0.0,0.0,47.795613957528,60.198520759719656,70.55301552659,37.089652477159625,28.967707463946184,22.43660735449105,51.832240531764995,40.714864528466876,24.422409666590603
min,1.0,False,436.12,175.0,0.0,436.12,197.47195268266665,320.6571733333333,0.06985849967808426,367.0896266666667,436.12,436.12,0.0,0.0
25%,1.0,0.0,436.12,175.0,0.0,436.12,506.2157191466667,359.94473999999997,105.05810800740784,436.29698924800005,541.6800000000001,436.12,0.0,0.0
50%,1.0,1.0,541.6800000000001,175.0,0.0,541.6800000000001,523.0485580693335,360.20959999999997,118.10435302552698,445.3562099413333,541.6800000000001,541.6800000000001,0.0,0.0
75%,1.0,1.0,541.6800000000001,175.0,0.0,541.6800000000001,540.1856840426668,362.32847999999996,130.49604735109463,454.373188464,541.6800000000001,541.6800000000001,32.70827730666669,0.0
max,1.0,True,541.6800000000001,175.0,0.0,541.6800000000001,557.1238011733334,599.6430399999999,282.8796286227331,574.0208872533333,557.1238011733334,599.6430399999999,120.11080337066676,161.40415999999993
