,per_hour_hood_data_count,occupancy,min_lab_cfm,min_hood_cfm,min_additional_hood_cfm,min_possible_lab_cfm,calc_hood_cfm,stream_hood_cfm,stream_and_calc_hood_cfm_std,stream_and_calc_hood_cfm_mean,calc_total_lab_cfm,stream_total_lab_cfm,calc_excess_cfm,stream_excess_cfm
count,1860.0,1860,1860.0,1860.0,1860.0,1860.0,1860.0,1860.0,1860.0,1860.0,1860.0,1860.0,1860.0,1860.0
mean,1.0,0.68817204301075274,508.7634408602272,175.0,0.0,508.7634408602272,314.72914996513714,387.2954272078846,51.32712644882988,351.01228858651154,508.7634408602272,516.1327118255798,0.0,7.3692709653524515
std,0.0,0.46336456052163799,48.912763008565776,0.0,0.0,48.912763008565776,35.54901219792601,70.55301552659,68.2505104340538,28.122816815751523,48.912763008565776,52.88824163405682,0.0,27.006126094428055
min,1.0,False,436.12,175.0,0.0,436.12,175.0,320.6571733333333,7.386768286823527,296.5730266666667,436.12,436.12,0.0,0.0
25%,1.0,0.0,436.12,175.0,0.0,436.12,316.71731116666666,359.94473999999997,16.85924723655328,340.1303888,436.12,436.12,0.0,0.0
50%,1.0,1.0,541.6800000000001,175.0,0.0,541.6800000000001,326.3759241866666,360.20959999999997,24.911948032951685,345.57009307,541.6800000000001,541.6800000000001,0.0,0.0
75%,1.0,1.0,541.6800000000001,175.0,0.0,541.6800000000001,336.7205097666667,362.32847999999996,32.64920205502433,351.4393196795833,541.6800000000001,541.6800000000001,0.0,0.0
max,1.0,True,541.6800000000001,175.0,0.0,541.6800000000001,348.61494304,599.6430399999999,300.2679731676703,470.0042545333333,541.6800000000001,599.6430399999999,0.0,161.40415999999993
