,per_hour_hood_data_count,occupancy,min_lab_cfm,min_hood_cfm,min_additional_hood_cfm,min_possible_lab_cfm,calc_hood_cfm,stream_hood_cfm,stream_and_calc_hood_cfm_std,stream_and_calc_hood_cfm_mean,calc_total_lab_cfm,stream_total_lab_cfm,calc_excess_cfm,stream_excess_cfm
count,4813.0,4813,4813.0,4813.0,4813.0,4813.0,1860.0,1862.0,1860.0,1862.0,4813.0,4813.0,4813.0,4813.0
mean,0.38645335549553295,0.68127986702680243,541.6800000000156,175.0,0.0,541.6800000000156,503.8905554298744,387.39264741496527,111.02633832151996,445.6275933045735,542.3716162377914,543.5396258051287,0.6916162377786078,1.8596258051111496
std,0.4869870980440115,0.46602868366905259,0.0002130369693334732,0.0,0.0,0.0002130369693334732,59.78015099975093,70.68646207211206,36.75315042939501,29.148162602746766,2.547112848338493,9.758916120156906,2.5471128566442913,9.758916122521217
min,0.0,False,541.6800000000001,175.0,0.0,541.6800000000001,191.73279290666667,320.6571733333333,0.06985849967808426,358.09072,541.6800000000001,541.6800000000001,0.0,0.0
25%,0.0,False,541.6800000000001,175.0,0.0,541.6800000000001,506.74769786666667,359.94473999999997,105.16607663963039,436.14574208,541.6800000000001,541.6800000000001,0.0,0.0
50%,0.0,1.0,541.6800000000001,175.0,0.0,541.6800000000001,522.7502567466667,360.20959999999997,117.20716548769103,444.71067911111106,541.6800000000001,541.6800000000001,0.0,0.0
75%,1.0,True,541.6800000000001,175.0,0.0,541.6800000000001,540.1856840426668,362.32847999999996,130.15079338027252,454.06683622933326,541.6800000000001,541.6800000000001,0.0,0.0
max,1.0,True,541.6800000000001,175.0,0.0,541.6800000000001,557.1238011733334,599.6430399999999,286.9378274186556,597.5241599999999,557.1238011733334,599.6430399999999,15.443801173333327,57.963039999999864
