,per_hour_hood_data_count,occupancy,min_lab_cfm,min_hood_cfm,min_additional_hood_cfm,min_possible_lab_cfm,calc_hood_cfm,stream_hood_cfm,stream_and_calc_hood_cfm_std,stream_and_calc_hood_cfm_mean,calc_total_lab_cfm,stream_total_lab_cfm,calc_excess_cfm,stream_excess_cfm
count,4813.0,4813,4813.0,4813.0,4813.0,4813.0,1860.0,1862.0,1860.0,1862.0,4813.0,4813.0,4813.0,4813.0
mean,0.38645335549553295,0.68169540826927078,541.6800000000156,175.0,0.0,541.6800000000156,314.9008915072549,387.39264741496527,51.20314934025103,351.23425955160025,541.6800000000156,543.5396258051287,0.0,1.8596258051111496
std,0.4869870980440115,0.46586679583398516,0.0002130369693334732,0.0,0.0,0.0002130369693334732,35.42134741385829,70.68646207211206,68.21667400110381,28.646011386682996,0.0002130369693334732,9.758916120156906,0.0,9.758916122521217
min,0.0,False,541.6800000000001,175.0,0.0,541.6800000000001,175.0,320.6571733333333,7.781421287981868,296.39619107,541.6800000000001,541.6800000000001,0.0,0.0
25%,0.0,False,541.6800000000001,175.0,0.0,541.6800000000001,316.71731116666666,359.94473999999997,16.85924723655328,340.55599328,541.6800000000001,541.6800000000001,0.0,0.0
50%,0.0,1.0,541.6800000000001,175.0,0.0,541.6800000000001,326.71891046666667,360.20959999999997,24.05337823441587,345.8881216666666,541.6800000000001,541.6800000000001,0.0,0.0
75%,1.0,True,541.6800000000001,175.0,0.0,541.6800000000001,336.7205097666667,362.32847999999996,32.84757071771425,351.52254279,541.6800000000001,541.6800000000001,0.0,0.0
max,1.0,True,541.6800000000001,175.0,0.0,541.6800000000001,348.2023757333333,599.6430399999999,300.2679731676703,597.5241599999999,541.6800000000001,599.6430399999999,0.0,57.963039999999864
