,per_hour_hood_data_count,occupancy,min_lab_cfm,min_hood_cfm,min_additional_hood_cfm,min_possible_lab_cfm,calc_hood_cfm,stream_hood_cfm,stream_and_calc_hood_cfm_std,stream_and_calc_hood_cfm_mean,calc_total_lab_cfm,stream_total_lab_cfm,calc_excess_cfm,stream_excess_cfm
count,4813.0,4813,4813.0,4813.0,4813.0,4813.0,1860.0,1862.0,1860.0,1862.0,4813.0,4813.0,4813.0,4813.0
mean,0.38645335549553295,0.67857884895075837,507.7507832952656,175.0,0.0,507.7507832952656,629.6567072969506,387.39264741496527,186.83237912851772,508.44312565493806,558.0905992201393,510.47539539490464,50.339815924870216,2.724612099637556
std,0.4869870980440115,0.46707057377966021,49.30396976779147,0.0,0.0,49.30396976779147,74.4330202858109,70.68646207211206,54.207332689798754,32.17435976970127,81.3742032527108,51.08011843305909,77.75945871036807,15.656596545538006
min,0.0,False,436.12,175.0,0.0,436.12,238.64632446666667,320.6571733333333,1.0755312308358933,358.09072,436.12,436.12,0.0,0.0
25%,0.0,False,436.12,175.0,0.0,436.12,633.4346223333333,359.94473999999997,191.70099166522505,500.1559775999999,541.6800000000001,436.12,0.0,0.0
50%,0.0,1.0,541.6800000000001,175.0,0.0,541.6800000000001,653.4378209333333,360.20959999999997,206.85860760834322,510.4001346,541.6800000000001,541.6800000000001,0.0,0.0
75%,1.0,True,541.6800000000001,175.0,0.0,541.6800000000001,673.8180956266666,362.32847999999996,221.48806083270813,521.06358572,641.5765809599998,541.6800000000001,106.81023950666656,0.0
max,1.0,True,541.6800000000001,175.0,0.0,541.6800000000001,696.1135611733333,599.6430399999999,253.7649511231705,640.1869890666667,696.1135611733333,599.6430399999999,259.16850421333334,161.40415999999993
