,per_hour_hood_data_count,occupancy,min_lab_cfm,min_hood_cfm,min_additional_hood_cfm,min_possible_lab_cfm,calc_hood_cfm,stream_hood_cfm,stream_and_calc_hood_cfm_std,stream_and_calc_hood_cfm_mean,calc_total_lab_cfm,stream_total_lab_cfm,calc_excess_cfm,stream_excess_cfm
count,4813.0,4813,4813.0,4813.0,4813.0,4813.0,1860.0,1862.0,1860.0,1862.0,4813.0,4813.0,4813.0,4813.0
mean,0.38645335549553295,0.66403490546436739,506.2155246208416,175.0,0.0,506.2155246208416,629.6460901533842,387.39264741496527,186.86482430246966,508.4378227851651,556.8697966550042,509.01593599282154,50.654272034158744,2.8004113719786687
std,0.4869870980440115,0.47237581595543165,49.863991131880496,0.0,0.0,49.863991131880496,74.63603877159265,70.68646207211206,54.25045417132702,32.25870168788691,82.42495794782062,51.701246178055506,78.26503603585132,16.606305925727586
min,0.0,False,436.12,175.0,0.0,436.12,239.66599113333336,320.6571733333333,0.10915426348938038,358.09072,436.12,436.12,0.0,0.0
25%,0.0,False,436.12,175.0,0.0,436.12,632.7696489333333,359.94473999999997,190.97999099003556,499.81999104,541.6800000000001,436.12,0.0,0.0
50%,0.0,1.0,541.6800000000001,175.0,0.0,541.6800000000001,653.4378209333333,360.20959999999997,206.17008211315584,510.50409537999997,541.6800000000001,541.6800000000001,0.0,0.0
75%,1.0,True,541.6800000000001,175.0,0.0,541.6800000000001,675.2321050533334,362.32847999999996,222.2371980409687,521.8521441849999,640.4607641599999,541.6800000000001,108.19062093333321,0.0
max,1.0,True,541.6800000000001,175.0,0.0,541.6800000000001,696.4047514666667,599.6430399999999,253.04393790862053,642.3058690666667,696.4047514666667,599.6430399999999,259.9935611733333,161.75730666666652
