,per_hour_hood_data_count,occupancy,min_lab_cfm,min_hood_cfm,min_additional_hood_cfm,min_possible_lab_cfm,calc_hood_cfm,stream_hood_cfm,stream_and_calc_hood_cfm_std,stream_and_calc_hood_cfm_mean,calc_total_lab_cfm,stream_total_lab_cfm,calc_excess_cfm,stream_excess_cfm
count,4813.0,4813,4813.0,4813.0,4813.0,4813.0,1860.0,1862.0,1860.0,1862.0,4813.0,4813.0,4813.0,4813.0
mean,0.38645335549553295,0.68730521504259301,508.6719384999201,175.0,0.0,508.6719384999201,504.13068376241955,387.39264741496527,111.22026517917254,445.74752850826087,518.203418507241,511.29642033476694,9.531480007322676,2.6244818348454415
std,0.4869870980440115,0.46363932003814434,48.941766622836425,0.0,0.0,48.941766622836425,60.198520759719656,70.68646207211206,37.089652477159625,29.235845122652982,43.611317011764314,50.761039504660154,28.01209718288104,15.551661887866928
min,0.0,False,436.12,175.0,0.0,436.12,197.47195268266665,320.6571733333333,0.06985849967808426,358.09072,436.12,436.12,0.0,0.0
25%,0.0,False,436.12,175.0,0.0,436.12,506.2157191466667,359.94473999999997,105.05810800740784,436.29698924800005,521.9087780479999,436.12,0.0,0.0
50%,0.0,1.0,541.6800000000001,175.0,0.0,541.6800000000001,523.0485580693335,360.20959999999997,118.10435302552698,445.3562099413333,541.6800000000001,541.6800000000001,0.0,0.0
75%,1.0,True,541.6800000000001,175.0,0.0,541.6800000000001,540.1856840426668,362.32847999999996,130.49604735109463,454.373188464,541.6800000000001,541.6800000000001,0.0,0.0
max,1.0,True,541.6800000000001,175.0,0.0,541.6800000000001,557.1238011733334,599.6430399999999,282.8796286227331,597.5241599999999,557.1238011733334,599.6430399999999,120.11080337066676,161.40415999999993
