,per_hour_hood_data_count,occupancy,min_lab_cfm,min_hood_cfm,min_additional_hood_cfm,min_possible_lab_cfm,calc_hood_cfm,stream_hood_cfm,stream_and_calc_hood_cfm_std,stream_and_calc_hood_cfm_mean,calc_total_lab_cfm,stream_total_lab_cfm,calc_excess_cfm,stream_excess_cfm
count,4813.0,4813,4813.0,4813.0,4813.0,4813.0,1172.0,1178.0,1172.0,1178.0,4813.0,4813.0,4813.0,4813.0
mean,0.663619364221899,0.97756077290671095,620.4868065655517,635.0,14.513193434448368,605.0,647.5312451093994,1048.3731139426682,291.5776531775032,848.3910202260724,615.3566630517796,713.5172508257723,10.356663051779764,108.51725082577151
std,0.842846746525541,0.14812247204118614,16.5897168686128,0.0,16.589716868612864,0.0,59.633748541564074,1.8373112395010611,15.845974421144478,30.460605664929005,34.62207060958336,190.64630822416268,34.62207060957946,190.646308224167
min,0.0,False,511.0,635.0,12.0,605.0,635.0,1044.60784,170.8934160277185,839.80392,605.0,605.0,0.0,0.0
25%,0.0,True,623.0,635.0,12.0,605.0,635.0,1046.72672,291.1347557076948,840.86336,605.0,605.0,0.0,0.0
50%,0.0,1.0,623.0,635.0,12.0,605.0,635.0,1047.7861599999999,291.88389291595456,841.3930799999999,605.0,605.0,0.0,0.0
75%,1.0,True,623.0,635.0,12.0,605.0,635.0,1050.7290488888887,294.13130454073587,842.9822399999999,605.0,605.0,0.0,0.0
max,2.0,True,623.0,635.0,124.0,605.0,1004.6611232,1050.9644799999999,356.6463750639696,1026.7533616,1004.6611232,1050.9644799999999,399.6611232,445.96447999999987
