,per_hour_hood_data_count,occupancy,min_lab_cfm,min_hood_cfm,min_additional_hood_cfm,min_possible_lab_cfm,calc_hood_cfm,stream_hood_cfm,stream_and_calc_hood_cfm_std,stream_and_calc_hood_cfm_mean,calc_total_lab_cfm,stream_total_lab_cfm,calc_excess_cfm,stream_excess_cfm
count,1172.0,1172,1172.0,1172.0,1172.0,1172.0,1172.0,1172.0,1172.0,1172.0,1172.0,1172.0,1172.0,1172.0
mean,2.0,0.97781569965870307,620.5153583617747,635.0,14.484641638225256,605.0,636.6193183882772,1048.3688871539787,291.1509122248521,842.4941027711055,636.6193183882772,1048.3688871539787,31.619318388276927,443.3688871539576
std,0.0,0.14734544998759358,16.502690398610373,0.0,16.502690398610447,0.0,7.774642824441596,1.8360194332972397,5.580336502803082,4.042021954774551,7.774642824441596,1.8360194332972397,7.774642824462733,1.8360194382666528
min,2.0,False,511.0,635.0,12.0,605.0,635.0,1044.60784,249.8420895783491,839.80392,635.0,1044.60784,30.0,439.6078399999999
25%,2.0,1.0,623.0,635.0,12.0,605.0,635.0,1046.72672,291.1347557076948,840.86336,635.0,1046.72672,30.0,441.7267199999999
50%,2.0,1.0,623.0,635.0,12.0,605.0,635.0,1047.7861599999999,291.6341805132017,841.3930799999999,635.0,1047.7861599999999,30.0,442.7861599999999
75%,2.0,1.0,623.0,635.0,12.0,605.0,635.0,1050.7290488888887,293.75673593660576,842.9822399999999,635.0,1050.7290488888887,30.0,445.72904888888866
max,2.0,True,623.0,635.0,124.0,605.0,693.8213090666666,1050.9644799999999,294.1313045407361,870.6271611999999,693.8213090666666,1050.9644799999999,88.82130906666657,445.96447999999987
