,per_hour_hood_data_count,occupancy,min_lab_cfm,min_hood_cfm,min_additional_hood_cfm,min_possible_lab_cfm,calc_hood_cfm,stream_hood_cfm,stream_and_calc_hood_cfm_std,stream_and_calc_hood_cfm_mean,calc_total_lab_cfm,stream_total_lab_cfm,calc_excess_cfm,stream_excess_cfm
count,4813.0,4813,4813.0,4813.0,4813.0,4813.0,1172.0,1178.0,1172.0,1178.0,4813.0,4813.0,4813.0,4813.0
mean,0.663619364221899,0.97548306669436946,623.0,635.0,12.0,605.0,655.0486153887674,1048.3731139426682,294.42293722414996,852.1305609592722,617.1871965999658,713.5172508257723,12.187196599965835,108.51725082577151
std,0.842846746525541,0.15466358114062217,0.0,0.0,0.0,0.0,94.14626531895487,1.8373112395010611,37.52910525719666,47.37507750331894,51.17086565163839,190.64630822416268,51.17086565163726,190.646308224167
min,0.0,False,623.0,635.0,12.0,605.0,635.0,1044.60784,102.93252039132656,839.80392,605.0,605.0,0.0,0.0
25%,0.0,True,623.0,635.0,12.0,605.0,635.0,1046.72672,291.1347557076948,840.86336,605.0,605.0,0.0,0.0
50%,0.0,1.0,623.0,635.0,12.0,605.0,635.0,1047.7861599999999,291.88389291595456,841.39308,605.0,605.0,0.0,0.0
75%,1.0,True,623.0,635.0,12.0,605.0,635.0,1050.7290488888887,294.13130454073587,842.9822399999999,605.0,605.0,0.0,0.0
max,2.0,True,623.0,635.0,12.0,605.0,1212.6426181333331,1050.9644799999999,505.10123586615873,1129.6846690666666,1212.6426181333331,1050.9644799999999,607.6426181333331,445.96447999999987
