,per_hour_hood_data_count,occupancy,min_lab_cfm,min_hood_cfm,min_additional_hood_cfm,min_possible_lab_cfm,calc_hood_cfm,stream_hood_cfm,stream_and_calc_hood_cfm_std,stream_and_calc_hood_cfm_mean,calc_total_lab_cfm,stream_total_lab_cfm,calc_excess_cfm,stream_excess_cfm
count,4813.0,4813,4813.0,4813.0,4813.0,4813.0,1172.0,1178.0,1172.0,1178.0,4813.0,4813.0,4813.0,4813.0
mean,0.663619364221899,0.97652191980054015,620.3704550176604,635.0,14.629544982339498,605.0,647.7062819200181,1048.3731139426682,291.5985966515788,848.4780928670077,615.3992857698443,713.5172508257723,10.39928576984445,108.51725082577151
std,0.842846746525541,0.15143191363602698,16.960374327234913,0.0,16.96037432723499,0.0,60.31578030156581,1.8373112395010611,16.29493532585071,30.79137942450979,34.947747220808544,190.64630822416268,34.94774722080278,190.646308224167
min,0.0,False,511.0,635.0,12.0,605.0,635.0,1044.60784,164.25996068308405,839.80392,605.0,605.0,0.0,0.0
25%,0.0,True,623.0,635.0,12.0,605.0,635.0,1046.72672,291.1347557076948,840.86336,605.0,605.0,0.0,0.0
50%,0.0,1.0,623.0,635.0,12.0,605.0,635.0,1047.7861599999999,291.88389291595456,841.3930799999999,605.0,605.0,0.0,0.0
75%,1.0,True,623.0,635.0,12.0,605.0,635.0,1050.7290488888887,294.13130454073587,842.9822399999999,605.0,605.0,0.0,0.0
max,2.0,True,623.0,635.0,124.0,605.0,1001.2314278400002,1050.9644799999999,355.6109495910233,1025.03851392,1001.2314278400002,1050.9644799999999,396.23142784000015,445.96447999999987
