,per_hour_hood_data_count,occupancy,min_lab_cfm,min_hood_cfm,min_additional_hood_cfm,min_possible_lab_cfm,calc_hood_cfm,stream_hood_cfm,stream_and_calc_hood_cfm_std,stream_and_calc_hood_cfm_mean,calc_total_lab_cfm,stream_total_lab_cfm,calc_excess_cfm,stream_excess_cfm
count,1172.0,1172,1172.0,1172.0,1172.0,1172.0,1172.0,1172.0,1172.0,1172.0,1172.0,1172.0,1172.0,1172.0
mean,2.0,0.97440273037542657,623.0,635.0,12.0,605.0,655.0486153887674,1048.3688871539787,294.42293722414996,851.7087512713503,655.0486153887674,1048.3688871539787,50.04861538876755,443.3688871539576
std,0.0,0.15799794048767138,0.0,0.0,0.0,0.0,94.14626531895487,1.8360194332972397,37.52910525719666,47.07281646616477,94.14626531895487,1.8360194332972397,94.14626531895516,1.8360194382666528
min,2.0,False,623.0,635.0,12.0,605.0,635.0,1044.60784,102.93252039132656,839.80392,635.0,1044.60784,30.0,439.6078399999999
25%,2.0,1.0,623.0,635.0,12.0,605.0,635.0,1046.72672,291.1347557076948,840.86336,635.0,1046.72672,30.0,441.7267199999999
50%,2.0,1.0,623.0,635.0,12.0,605.0,635.0,1047.7861599999999,291.88389291595456,841.3930799999999,635.0,1047.7861599999999,30.0,442.7861599999999
75%,2.0,1.0,623.0,635.0,12.0,605.0,635.0,1050.7290488888887,294.13130454073587,842.9822399999999,635.0,1050.7290488888887,30.0,445.72904888888866
max,2.0,True,623.0,635.0,12.0,605.0,1212.6426181333331,1050.9644799999999,505.10123586615873,1129.6846690666666,1212.6426181333331,1050.9644799999999,607.6426181333331,445.96447999999987
