,per_hour_hood_data_count,occupancy,min_lab_cfm,min_hood_cfm,min_additional_hood_cfm,min_possible_lab_cfm,calc_hood_cfm,stream_hood_cfm,stream_and_calc_hood_cfm_std,stream_and_calc_hood_cfm_mean,calc_total_lab_cfm,stream_total_lab_cfm,calc_excess_cfm,stream_excess_cfm
count,1172.0,1172,1172.0,1172.0,1172.0,1172.0,1172.0,1172.0,1172.0,1172.0,1172.0,1172.0,1172.0,1172.0
mean,2.0,0.97781569965870307,623.0,635.0,12.0,605.0,647.47907284125,1048.3688871539787,291.51804117611886,847.9239799975917,647.47907284125,1048.3688871539787,42.47907284124991,443.3688871539576
std,0.0,0.14734544998759358,0.0,0.0,0.0,0.0,59.292135388061624,1.8360194332972397,15.7814208232186,29.651501079091886,59.292135388061624,1.8360194332972397,59.29213538806124,1.8360194382666528
min,2.0,False,623.0,635.0,12.0,605.0,635.0,1044.60784,159.10192599340616,839.80392,635.0,1044.60784,30.0,439.6078399999999
25%,2.0,1.0,623.0,635.0,12.0,605.0,635.0,1046.72672,291.1347557076948,840.86336,635.0,1046.72672,30.0,441.7267199999999
50%,2.0,1.0,623.0,635.0,12.0,605.0,635.0,1047.7861599999999,291.88389291595456,841.3930799999999,635.0,1047.7861599999999,30.0,442.7861599999999
75%,2.0,1.0,623.0,635.0,12.0,605.0,635.0,1050.7290488888887,294.13130454073587,842.9822399999999,635.0,1050.7290488888887,30.0,445.72904888888866
max,2.0,True,623.0,635.0,12.0,605.0,1004.2081518933335,1050.9644799999999,357.7158113548562,1025.4674359466667,1004.2081518933335,1050.9644799999999,399.2081518933335,445.96447999999987
