,per_hour_hood_data_count,occupancy,min_lab_cfm,min_hood_cfm,min_additional_hood_cfm,min_possible_lab_cfm,calc_hood_cfm,stream_hood_cfm,stream_and_calc_hood_cfm_std,stream_and_calc_hood_cfm_mean,calc_total_lab_cfm,stream_total_lab_cfm,calc_excess_cfm,stream_excess_cfm
count,1172.0,1172,1172.0,1172.0,1172.0,1172.0,1172.0,1172.0,1172.0,1172.0,1172.0,1172.0,1172.0,1172.0
mean,2.0,0.97269624573378843,623.0,635.0,12.0,605.0,636.674097252685,1048.3688871539787,291.1121777183638,842.5214922033089,636.674097252685,1048.3688871539787,31.6740972526844,443.3688871539576
std,0.0,0.1630366193573651,0.0,0.0,0.0,0.0,8.195489759322585,1.8360194332972397,5.880123812713617,4.240351621386923,8.195489759322585,1.8360194332972397,8.195489759366243,1.8360194382666528
min,2.0,False,623.0,635.0,12.0,605.0,635.0,1044.60784,249.5418091883855,839.80392,635.0,1044.60784,30.0,439.6078399999999
25%,2.0,1.0,623.0,635.0,12.0,605.0,635.0,1046.72672,291.1347557076948,840.86336,635.0,1046.72672,30.0,441.7267199999999
50%,2.0,1.0,623.0,635.0,12.0,605.0,635.0,1047.7861599999999,291.6341805132017,841.3930799999999,635.0,1047.7861599999999,30.0,442.7861599999999
75%,2.0,1.0,623.0,635.0,12.0,605.0,635.0,1050.7290488888887,293.75673593660576,842.9822399999999,635.0,1050.7290488888887,30.0,445.72904888888866
max,2.0,True,623.0,635.0,12.0,605.0,693.8213090666666,1050.9644799999999,294.1313045407361,871.1919009999999,693.8213090666666,1050.9644799999999,88.82130906666657,445.96447999999987
