,per_hour_hood_data_count,occupancy,min_lab_cfm,min_hood_cfm,min_additional_hood_cfm,min_possible_lab_cfm,calc_hood_cfm,stream_hood_cfm,stream_and_calc_hood_cfm_std,stream_and_calc_hood_cfm_mean,calc_total_lab_cfm,stream_total_lab_cfm,calc_excess_cfm,stream_excess_cfm
count,1172.0,1172,1172.0,1172.0,1172.0,1172.0,1172.0,1172.0,1172.0,1172.0,1172.0,1172.0,1172.0,1172.0
mean,2.0,0.9803754266211604,620.80204778157,635.0,14.197952218430034,605.0,647.7062819200181,1048.3688871539787,291.5985966515788,848.0375845369755,647.7062819200181,1048.3688871539787,42.706281920018206,443.3688871539576
std,0.0,0.13876555563176435,15.541742230758066,0.0,15.54174223075758,0.0,60.31578030156581,1.8360194332972397,16.29493532585071,30.162074749903315,60.31578030156581,1.8360194332972397,60.31578030156519,1.8360194382666528
min,2.0,False,511.0,635.0,12.0,605.0,635.0,1044.60784,164.25996068308405,839.80392,635.0,1044.60784,30.0,439.6078399999999
25%,2.0,1.0,623.0,635.0,12.0,605.0,635.0,1046.72672,291.1347557076948,840.86336,635.0,1046.72672,30.0,441.7267199999999
50%,2.0,1.0,623.0,635.0,12.0,605.0,635.0,1047.7861599999999,291.88389291595456,841.3930799999999,635.0,1047.7861599999999,30.0,442.7861599999999
75%,2.0,1.0,623.0,635.0,12.0,605.0,635.0,1050.7290488888887,294.13130454073587,842.9822399999999,635.0,1050.7290488888887,30.0,445.72904888888866
max,2.0,True,623.0,635.0,124.0,605.0,1001.2314278400002,1050.9644799999999,355.6109495910233,1025.03851392,1001.2314278400002,1050.9644799999999,396.23142784000015,445.96447999999987
