,per_hour_hood_data_count,occupancy,min_lab_cfm,min_hood_cfm,min_additional_hood_cfm,min_possible_lab_cfm,calc_hood_cfm,stream_hood_cfm,stream_and_calc_hood_cfm_std,stream_and_calc_hood_cfm_mean,calc_total_lab_cfm,stream_total_lab_cfm,calc_excess_cfm,stream_excess_cfm
count,4813.0,4813,4813.0,4813.0,4813.0,4813.0,1172.0,1178.0,1172.0,1178.0,4813.0,4813.0,4813.0,4813.0
mean,0.663619364221899,0.97610637855807192,623.0,635.0,12.0,605.0,647.47907284125,1048.3731139426682,291.51804117611886,848.3650669585546,615.3439587305097,713.5172508257723,10.343958730510055,108.51725082577151
std,0.842846746525541,0.15273363440509971,0.0,0.0,0.0,0.0,59.292135388061624,1.8373112395010611,15.7814208232186,30.295630340175343,34.46714522256614,190.64630822416268,34.467145222560845,190.646308224167
min,0.0,False,623.0,635.0,12.0,605.0,635.0,1044.60784,159.10192599340616,839.80392,605.0,605.0,0.0,0.0
25%,0.0,True,623.0,635.0,12.0,605.0,635.0,1046.72672,291.1347557076948,840.86336,605.0,605.0,0.0,0.0
50%,0.0,1.0,623.0,635.0,12.0,605.0,635.0,1047.7861599999999,291.88389291595456,841.3930799999999,605.0,605.0,0.0,0.0
75%,1.0,True,623.0,635.0,12.0,605.0,635.0,1050.7290488888887,294.13130454073587,842.9822399999999,605.0,605.0,0.0,0.0
max,2.0,True,623.0,635.0,12.0,605.0,1004.2081518933335,1050.9644799999999,357.7158113548562,1025.4674359466667,1004.2081518933335,1050.9644799999999,399.2081518933335,445.96447999999987
