,per_hour_hood_data_count,occupancy,min_lab_cfm,min_hood_cfm,min_additional_hood_cfm,min_possible_lab_cfm,calc_hood_cfm,stream_hood_cfm,stream_and_calc_hood_cfm_std,stream_and_calc_hood_cfm_mean,calc_total_lab_cfm,stream_total_lab_cfm,calc_excess_cfm,stream_excess_cfm
count,4813.0,4813,4813.0,4813.0,4813.0,4813.0,1172.0,1178.0,1172.0,1178.0,4813.0,4813.0,4813.0,4813.0
mean,0.663619364221899,0.97839185539164764,623.0,635.0,12.0,605.0,636.6650558989642,1048.3731139426682,291.1185709208907,842.9855984286909,612.710668089255,713.5172508257723,7.710668089255264,108.51725082577151
std,0.842846746525541,0.14541535728668875,0.0,0.0,0.0,0.0,7.957568647203577,1.8373112395010611,5.730240463982116,8.052105553984859,14.147520721903371,190.64630822416268,14.147520721891288,190.646308224167
min,0.0,False,623.0,635.0,12.0,605.0,635.0,1044.60784,249.8420895783491,839.80392,605.0,605.0,0.0,0.0
25%,0.0,True,623.0,635.0,12.0,605.0,635.0,1046.72672,291.1347557076948,840.86336,605.0,605.0,0.0,0.0
50%,0.0,1.0,623.0,635.0,12.0,605.0,635.0,1047.7861599999999,291.6341805132017,841.3930799999999,605.0,605.0,0.0,0.0
75%,1.0,True,623.0,635.0,12.0,605.0,635.0,1050.7290488888887,293.75673593660576,842.9822399999999,605.0,605.0,0.0,0.0
max,2.0,True,623.0,635.0,12.0,605.0,693.3966484666668,1050.9644799999999,294.1313045407361,980.0835199999999,693.3966484666668,1050.9644799999999,88.39664846666676,445.96447999999987
