,per_hour_hood_data_count,occupancy,min_lab_cfm,min_hood_cfm,min_additional_hood_cfm,min_possible_lab_cfm,calc_hood_cfm,stream_hood_cfm,stream_and_calc_hood_cfm_std,stream_and_calc_hood_cfm_mean,calc_total_lab_cfm,stream_total_lab_cfm,calc_excess_cfm,stream_excess_cfm,description
0,2.0,0.55895865237366,637.0799999999879,350.0,0.0,514.079999999995,1375.187470240069,1198.2463794384935,156.46835531352457,1286.7169248392793,1375.187470240069,1198.2463794384935,861.1074702400684,684.1663794384809,current operation
1,2.0,0.5474732006125574,581.7088208269394,350.0,0.0,458.70882082694555,1376.4137399143133,1198.2463794384935,157.54291793926203,1287.3300596764034,1376.4137399143133,1198.2463794384935,917.7049190873616,739.5375586115398,reduced unoccupied ach
2,2.0,0.5520673813169985,637.0799999999879,350.0,0.0,514.079999999995,1376.6426888373371,1198.2463794384935,157.89295187317634,1287.4445341379162,1376.6426888373371,1198.2463794384935,862.5626888373413,684.1663794384809,reduced unoccupied face velocity
3,2.0,0.5704441041347627,637.0799999999879,350.0,0.0,514.079999999995,1102.703627699059,1198.2463794384935,75.77522843752502,1150.4750035687764,1102.703627699059,1198.2463794384935,588.6236276990596,684.1663794384809,sash reduced 20%
4,2.0,0.5673813169984686,637.0799999999879,350.0,0.0,514.079999999995,689.2114357061889,1198.2463794384935,359.94206057402147,943.7289075723394,689.4224550115664,1198.2463794384935,175.34245501156713,684.1663794384809,sash reduced 50%
5,2.0,0.5467075038284839,581.61513016844,350.0,0.0,458.61513016844634,1102.552979758282,1198.2463794384935,76.21217333970323,1150.3996795983883,1102.552979758282,1198.2463794384935,643.9378495898308,739.6312492700395,"reduced ach, sash reduced 20%"
6,2.0,0.5819295558958653,585.9249004594052,350.0,0.0,462.92490045941133,689.6323077863684,1198.2463794384935,359.64445907211376,943.9393436124291,689.759199619814,1198.2463794384935,226.83429916039728,735.3214789790726,"reduced ach, sash reduced 50%"
7,2.0,0.5551301684532925,582.645727411932,350.0,0.0,459.64572741193786,688.8476470479185,1198.2463794384935,360.199298001203,943.5470132432054,688.9889878517521,1198.2463794384935,229.34326043980846,738.6006520265474,"all reduced (ach, face vel, sash 50%)"
