,percent_open,datastream_flow,occupancy,evacuation_cfm,datastream_and_calculated_cfm_std,datastream_and_calculated_cfm_mean
count,311.0,311.0,337,311.0,311.0,311.0
mean,27.281591199589638,267.7481145583901,0.22255192878338279,277.66574917383184,24.773274281506705,272.7069318661106
std,18.811418409646702,107.5338075262688,0.416578343047939,114.24994455247139,43.31566781968948,105.29474357810183
min,0.7199999999999999,205.53135999999998,False,210.0,0.16325681359845842,207.76567999999997
25%,16.074998999999995,205.53136,False,210.0,1.6615312301629959,207.76568
50%,17.809999,209.76911999999996,0.0,210.0,3.1598056466815234,209.88455999999996
75%,48.56916598333333,292.40544,False,320.06717674555557,23.715343207234408,306.2363083727778
max,90.25,625.0695999999999,True,650.0,183.46060157128682,636.8285066666666
