,percent_open,datastream_flow,occupancy,evacuation_cfm,datastream_and_calculated_cfm_std,datastream_and_calculated_cfm_mean
count,313.0,314.0,337,313.0,313.0,314.0
mean,23.787666445196365,252.3817574762918,0.24925816023738873,273.79461836733725,26.284238697668076,262.9794884658148
std,13.731792894271427,106.48863349401262,0.43322679965654576,113.54684142277743,38.99750245754539,105.4155992844475
min,8.434999000000001,204.5682327272727,False,210.0,0.1174137990170489,205.53135999999998
25%,13.554999,207.65023999999997,False,210.0,1.6615312301629959,208.82511999999997
50%,20.795,207.65024000000003,0.0,210.0,3.1598056466815234,209.88456
75%,30.234999,209.76912,False,264.2202968166667,37.237669783423954,245.9559840718006
max,65.31583074999999,620.8318399999999,True,650.0,188.14164925919872,631.601936
