,percent_open,datastream_flow,occupancy,evacuation_cfm,datastream_and_calculated_cfm_std,datastream_and_calculated_cfm_mean
count,311.0,311.0,337,311.0,311.0,311.0
mean,27.281591199589638,267.7481145583901,0.228486646884273,313.230757269978,39.27718129251998,290.48943591418373
std,18.811418409646702,107.5338075262688,0.42048203697941022,151.5267993225188,59.55119379419818,123.4251687043315
min,0.7199999999999999,205.53135999999998,False,210.0,0.16325681359845842,207.76567999999997
25%,16.074998999999995,205.53136,False,210.0,1.6615312301629959,208.38368666666668
50%,17.809999,209.76911999999996,0.0,210.0,3.159805646683826,209.88456
75%,48.56916598333333,292.40544,False,402.8472603413195,67.77515581841088,347.24799745824646
max,90.25,625.0695999999999,True,650.0,255.85408712446073,637.5347999999999
