,percent_open,datastream_flow,occupancy,evacuation_cfm,datastream_and_calculated_cfm_std,datastream_and_calculated_cfm_mean
count,318.0,318.0,337,318.0,318.0,318.0
mean,12.989769741545494,217.83410303384147,0.2314540059347181,239.30949566473979,15.363821719864738,228.57179934929206
std,16.723985700321776,41.77143527957447,0.42238899477615638,84.78619090993273,35.72468026277226,61.85398219221247
min,0.0,204.47191999999998,False,210.0,0.16325681359845842,207.23595999999998
25%,1.3149999999999997,207.65023999999997,False,210.0,0.16325681368759354,208.82511999999997
50%,1.9983333333333337,209.76911999999996,0.0,210.0,1.6615312301629959,209.88455999999996
75%,25.32749925,209.76911999999996,False,215.8937163395833,3.873742782169381,212.43359915937498
max,71.814995,456.83052799999996,True,627.5832618611112,150.1065945831364,530.1379860486111
