,percent_open,datastream_flow,occupancy,evacuation_cfm,datastream_and_calculated_cfm_std,datastream_and_calculated_cfm_mean
count,313.0,314.0,337,313.0,313.0,314.0
mean,23.787666445196365,252.3817574762918,0.23738872403560832,230.48041377180058,19.744397596511902,241.39135783141484
std,13.731792894271427,106.48863349401262,0.42611514092420505,60.394736573391945,43.9424256499373,80.32877093600352
min,8.434999000000001,204.5682327272727,False,210.0,0.16325681359845842,205.53135999999998
25%,13.554999,207.65023999999997,False,210.0,1.495056294995823,208.82511999999997
50%,20.795,207.65024000000003,0.0,210.0,1.6615312301629959,209.07526555555552
75%,30.234999,209.76912,False,210.0,4.456422637298629,212.49695416666668
max,65.31583074999999,620.8318399999999,True,534.4586684639584,210.8019103695323,577.6452542319792
