,percent_open,datastream_flow,occupancy,evacuation_cfm,datastream_and_calculated_cfm_std,datastream_and_calculated_cfm_mean
count,311.0,311.0,337,311.0,311.0,311.0
mean,27.281591199589638,267.7481145583901,0.25816023738872401,246.7568702438874,24.22459061249271,257.25249240113834
std,18.811418409646702,107.5338075262688,0.43827332791518153,76.49478387406201,41.504066165078314,87.53481389185357
min,0.7199999999999999,205.53135999999998,False,210.0,0.16325681359845842,207.76567999999997
25%,16.074998999999995,205.53136,False,210.0,0.16325681368759354,207.76568
50%,17.809999,209.76911999999996,0.0,210.0,3.1598056466815234,209.88455999999996
75%,48.56916598333333,292.40544,True,243.7246231085416,33.79028812385471,267.7705418752291
max,90.25,625.0695999999999,True,650.0,209.429180457727,633.2970399999999
