,percent_open,datastream_flow,occupancy,evacuation_cfm,datastream_and_calculated_cfm_std,datastream_and_calculated_cfm_mean
count,311.0,312.0,337,311.0,311.0,312.0
mean,25.820490504138984,258.059458824527,0.24332344213649851,282.3447399217782,25.95252754204242,270.51364305917497
std,16.38885744508492,100.25179607580557,0.42972678801272735,130.5877540089478,42.39012787974973,111.84009378062368
min,0.0,205.53135999999998,False,210.0,0.06988666545491849,207.76567999999997
25%,19.344998999999998,208.17995999999997,False,210.0,0.16325681368759354,209.66678622222219
50%,21.545,209.76911999999996,0.0,210.0,3.1598056466815234,209.88456
75%,21.693332388888887,246.98194999999996,False,294.2433944061054,44.58133922728035,256.78052966256513
max,87.639999,625.5993199999999,True,650.0,229.37340317523152,637.5347999999999
