,percent_open,datastream_flow,occupancy,evacuation_cfm,datastream_and_calculated_cfm_std,datastream_and_calculated_cfm_mean
count,318.0,318.0,337,318.0,318.0,318.0
mean,12.989769741545494,217.83410303384147,0.20474777448071216,218.30099641052627,3.3311331299196767,218.06754972218474
std,16.723985700321776,41.77143527957447,0.40411721676195039,43.65391106295931,12.270585872299376,41.766777256606936
min,0.0,204.47191999999998,False,210.0,0.16325681359845842,207.23595999999998
25%,1.3149999999999997,207.65023999999997,False,210.0,0.16325681368759354,208.82511999999997
50%,1.9983333333333337,209.76911999999996,0.0,210.0,0.16325681368759354,209.88455999999996
75%,25.32749925,209.76911999999996,False,210.0,1.6615312301629959,209.88455999999996
max,71.814995,456.83052799999996,True,588.3593079947916,114.05041369016699,522.5949179973958
