,percent_open,datastream_flow,occupancy,evacuation_cfm,datastream_and_calculated_cfm_std,datastream_and_calculated_cfm_mean
count,317.0,317.0,337,317.0,317.0,317.0
mean,11.935825871189465,262.2039309530644,0.2314540059347181,259.9256666142016,11.686960358857114,261.06479878363325
std,20.369859613538296,119.02491480895883,0.42238899477615638,121.48783528933906,25.16409644482031,118.65618168073725
min,0.0,207.65023999999997,False,210.0,0.16325681359845842,208.82511999999997
25%,0.0,207.65023999999997,False,210.0,0.16325681368759354,208.82511999999997
50%,0.0,209.76911999999996,0.0,210.0,1.6615312301629959,209.88455999999996
75%,11.53,209.76912,False,210.0,1.6615312301629959,209.88456
max,91.754997,627.1884799999999,True,650.0,115.01629197152896,638.5942399999999
