,percent_open,datastream_flow,occupancy,evacuation_cfm,datastream_and_calculated_cfm_std,datastream_and_calculated_cfm_mean
count,311.0,312.0,337,311.0,311.0,312.0
mean,25.820490504138984,258.059458824527,0.23738872403560832,232.93918377414684,21.518993449455085,245.89004055610914
std,16.38885744508492,100.25179607580557,0.42611514092420505,64.2704442863431,42.97205594697497,78.58678980552246
min,0.0,205.53135999999998,False,210.0,0.05078238877981948,207.76567999999997
25%,19.344998999999998,208.17995999999997,False,210.0,0.16325681368759354,209.08997999999997
50%,21.545,209.76911999999996,0.0,210.0,1.6615312301629959,209.88455999999996
75%,21.693332388888887,246.98194999999996,False,210.0,20.907050051678063,231.00714499999998
max,87.639999,625.5993199999999,True,642.2335207979166,199.77566757829885,627.6480670656249
