,percent_open,datastream_flow,occupancy,evacuation_cfm,datastream_and_calculated_cfm_std,datastream_and_calculated_cfm_mean
count,1529.0,1531.0,4502,1529.0,1529.0,1531.0
mean,39.236763879028544,258.1555570505849,0.44446912483340739,520.8357086290723,185.91766120839873,389.44746038481316
std,28.503311063059893,107.50021578107672,0.49696195026007678,287.63313968482385,155.91052524648381,186.95994532695474
min,5.8,175.86704,False,263.0,37.63991621652742,234.26567999999997
25%,21.135,207.65024,0.0,299.43898628,65.0133854882924,252.97551821500002
50%,27.885,207.65024000000003,0.0,392.7923907599999,121.5939123872111,301.00529904333337
75%,45.30499788888889,267.68517333333335,1.0,633.19407228,240.25247619828446,484.94097678874994
max,162.024994,629.30736,True,1155.0,567.9947791280508,891.0942399999999
