,percent_open,datastream_flow,occupancy,evacuation_cfm,datastream_and_calculated_cfm_std,datastream_and_calculated_cfm_mean
count,1529.0,1531.0,4502,1529.0,1529.0,1531.0
mean,39.236763879028544,258.1555570505849,0.44446912483340739,448.7990663769348,136.3274324180728,353.47619127850356
std,28.503311063059893,107.50021578107672,0.49696195026007678,271.8583079626202,141.2446072601581,180.40923122354363
min,5.8,175.86704,False,263.0,0.46292807824507387,234.26567999999997
25%,21.135,207.65024,0.0,263.0,39.13819063304788,235.32512
50%,27.885,207.65024000000003,0.0,303.68518557999994,64.80612638886646,256.552388642
75%,45.30499788888889,267.68517333333335,1.0,556.8643300500001,204.230830289409,415.66307486799997
max,162.024994,629.30736,True,1155.0,567.9947791280508,891.0942399999999
