,percent_open,datastream_flow,occupancy,evacuation_cfm,datastream_and_calculated_cfm_std,datastream_and_calculated_cfm_mean
count,1529.0,1531.0,4502,1529.0,1529.0,1531.0
mean,39.236763879028544,258.1555570505849,0.44446912483340739,442.56699154465343,130.7016716954374,350.36422445337024
std,28.503311063059893,107.50021578107672,0.49696195026007678,253.4813620298319,127.64101154440938,172.394666811943
min,5.8,175.86704,False,263.0,1.7177903125797727,227.09128000000004
25%,21.135,207.65024,0.0,263.0,40.63646504956854,235.32512
50%,27.885,207.65024000000003,0.0,312.79864,64.92772506432513,261.74288
75%,45.30499788888889,267.68517333333335,1.0,501.64297153600006,157.96986916821984,424.8186222026667
max,162.024994,629.30736,True,1155.0,551.5137605463246,891.0942399999999
