,per_hour_hood_data_count,occupancy,min_lab_cfm,min_hood_cfm,min_additional_hood_cfm,min_possible_lab_cfm,calc_hood_cfm,stream_hood_cfm,stream_and_calc_hood_cfm_std,stream_and_calc_hood_cfm_mean,calc_total_lab_cfm,stream_total_lab_cfm,calc_excess_cfm,stream_excess_cfm
count,4813.0,4813,4813.0,4813.0,4813.0,4813.0,1671.0,1672.0,1671.0,1672.0,4813.0,4813.0,4813.0,4813.0
mean,0.3471847080822772,0.80947434032827759,600.7136837731371,175.0,0.0,600.7136837731371,264.67612154754266,1201.4878607575458,662.4259685711862,733.3621134128608,600.7136837731371,809.9869069575418,0.0,209.27322318442938
std,0.47612454991449354,0.39275651858751143,50.14715229312174,0.0,0.0,50.14715229312174,58.5757635426544,1.7887211748969494,41.56131791635414,31.371236514065266,50.14715229312174,288.44963781202154,0.0,288.46301845151584
min,0.0,False,497.36,175.0,0.0,497.36,175.0,1197.1671999999999,559.069109953433,686.6133199999999,497.36,497.36,0.0,0.0
25%,0.0,True,625.04,175.0,0.0,625.04,221.5059,1199.2860799999999,643.435837443862,712.3352033888889,625.04,625.04,0.0,0.0
50%,0.0,1.0,625.04,175.0,0.0,625.04,262.7636666666667,1201.4049599999998,664.3987990234314,732.2278060533332,625.04,625.04,0.0,0.0
75%,1.0,True,625.04,175.0,0.0,625.04,291.4204095541667,1203.5238399999998,692.8013559113338,746.40235821,625.04,1199.2860799999999,0.0,576.3649599999999
max,1.0,True,625.04,175.0,0.0,625.04,410.7618423999999,1205.6427199999998,727.7756066815344,1201.4049599999998,625.04,1205.6427199999998,0.0,708.2827199999998
