,per_hour_hood_data_count,occupancy,min_lab_cfm,min_hood_cfm,min_additional_hood_cfm,min_possible_lab_cfm,calc_hood_cfm,stream_hood_cfm,stream_and_calc_hood_cfm_std,stream_and_calc_hood_cfm_mean,calc_total_lab_cfm,stream_total_lab_cfm,calc_excess_cfm,stream_excess_cfm
count,1681.0,1681,1681.0,1681.0,1681.0,1681.0,1681.0,1681.0,1681.0,1681.0,1681.0,1681.0,1681.0,1681.0
mean,1.0,0.52587745389649021,567.3903152885198,175.0,0.0,567.3903152885198,224.7452548322174,225.9688742547421,21.227108905263773,225.35706454347988,567.3903152885198,567.3942376204651,0.0,0.003922331945270529
std,0.0,0.49947849634078029,63.55807350063921,0.0,0.0,63.55807350063921,55.5096276303411,62.01869607017412,17.47935701700673,55.551778581471574,63.55807350063921,63.56174001346723,0.0,0.11651109435131009
min,1.0,False,497.36,175.0,0.0,497.36,175.0,200.58730666666665,0.02200825807080496,190.26567999999997,497.36,497.36,0.0,0.0
25%,1.0,False,497.36,175.0,0.0,497.36,183.12,207.65024,11.72903473798244,195.1836,497.36,497.36,0.0,0.0
50%,1.0,1.0,625.04,175.0,0.0,625.04,207.9522591253334,207.65024000000003,20.936125487522972,208.06052967466667,625.04,625.04,0.0,0.0
75%,1.0,True,625.04,175.0,0.0,625.04,246.9699490844444,209.76912,24.585480527888613,228.27122293333332,625.04,625.04,0.0,0.0
max,1.0,True,625.04,175.0,0.0,625.04,527.81490496,629.30736,167.02258151423683,566.100549136,625.04,629.30736,0.0,4.267360000000053
