,per_hour_hood_data_count,occupancy,min_lab_cfm,min_hood_cfm,min_additional_hood_cfm,min_possible_lab_cfm,calc_hood_cfm,stream_hood_cfm,stream_and_calc_hood_cfm_std,stream_and_calc_hood_cfm_mean,calc_total_lab_cfm,stream_total_lab_cfm,calc_excess_cfm,stream_excess_cfm
count,4813.0,4813,4813.0,4813.0,4813.0,4813.0,1671.0,1672.0,1671.0,1672.0,4813.0,4813.0,4813.0,4813.0
mean,0.3471847080822772,0.80137128610014541,625.0400000000292,175.0,0.0,625.0400000000292,519.2804970913303,1201.4878607575458,482.39348810440123,860.588163512643,630.6446802727779,825.2936511919213,5.604680272747868,200.2536511919073
std,0.47612454991449354,0.39900930659331169,0.00011630236920928196,0.0,0.0,0.00011630236920928196,130.38835370798535,1.7887211748969494,92.35231579716452,65.61025448109075,25.812373149854906,274.5014218153972,25.812373150136604,274.50142181562234
min,0.0,False,625.04,175.0,0.0,625.04,175.0,1197.1671999999999,304.300235445251,687.9670488888888,625.04,625.04,0.0,0.0
25%,0.0,True,625.04,175.0,0.0,625.04,443.0118,1199.2860799999999,437.31751512046765,823.0319059999999,625.04,625.04,0.0,0.0
50%,0.0,1.0,625.04,175.0,0.0,625.04,525.5273333333334,1201.4049599999998,477.7764202738408,862.9431152399999,625.04,625.04,0.0,0.0
75%,1.0,True,625.04,175.0,0.0,625.04,582.9291952866668,1203.5238399999998,534.9676232848952,891.5162019533332,625.04,1199.2860799999999,0.0,574.2460799999999
max,1.0,True,625.04,175.0,0.0,625.04,770.0,1205.6427199999998,727.2761818760274,1201.4049599999998,770.0,1205.6427199999998,144.96000000000004,580.6027199999999
