,per_hour_hood_data_count,occupancy,min_lab_cfm,min_hood_cfm,min_additional_hood_cfm,min_possible_lab_cfm,calc_hood_cfm,stream_hood_cfm,stream_and_calc_hood_cfm_std,stream_and_calc_hood_cfm_mean,calc_total_lab_cfm,stream_total_lab_cfm,calc_excess_cfm,stream_excess_cfm
count,1671.0,1671,1671.0,1671.0,1671.0,1671.0,1671.0,1671.0,1671.0,1671.0,1671.0,1671.0,1671.0,1671.0
mean,1.0,0.78874925194494316,625.040000000014,175.0,0.0,625.040000000014,519.5657033798822,1201.4879103690107,482.19181680372907,860.5268068744595,641.0175788287978,1201.4879103690107,15.977578828782471,576.4479103690304
std,0.0,0.40831806753239835,4.998398027366777e-05,0.0,0.0,4.998398027366777e-05,130.25220060947467,1.789255489273011,92.25648677479566,65.02913903291399,41.415824831201924,1.789255489273011,41.41582483123948,1.789255469604649
min,1.0,False,625.04,175.0,0.0,625.04,175.0,1197.1671999999999,304.0505230424976,687.9670488888888,625.04,1197.1671999999999,0.0,572.1271999999999
25%,1.0,1.0,625.04,175.0,0.0,625.04,443.0118,1199.2860799999999,436.5854742739662,822.5141249588887,625.04,1199.2860799999999,0.0,574.2460799999999
50%,1.0,1.0,625.04,175.0,0.0,625.04,525.7270666666666,1201.4049599999998,477.6736293112865,863.5660133333332,625.04,1201.4049599999998,0.0,576.3649599999999
75%,1.0,1.0,625.04,175.0,0.0,625.04,581.8609811466666,1203.5238399999998,535.5055170657495,891.5326812129165,625.04,1203.5238399999998,0.0,578.4838399999999
max,1.0,True,625.04,175.0,0.0,625.04,770.0,1205.6427199999998,727.2761818760274,985.7024799999999,770.0,1205.6427199999998,144.96000000000004,580.6027199999999
