,per_hour_hood_data_count,occupancy,min_lab_cfm,min_hood_cfm,min_additional_hood_cfm,min_possible_lab_cfm,calc_hood_cfm,stream_hood_cfm,stream_and_calc_hood_cfm_std,stream_and_calc_hood_cfm_mean,calc_total_lab_cfm,stream_total_lab_cfm,calc_excess_cfm,stream_excess_cfm
count,4813.0,4813,4813.0,4813.0,4813.0,4813.0,1671.0,1672.0,1671.0,1672.0,4813.0,4813.0,4813.0,4813.0
mean,0.3471847080822772,0.81300644088925822,625.0400000000292,175.0,0.0,625.0400000000292,417.498398228985,1201.4878607575458,554.3643004133687,809.7275513119914,625.31562089331,825.2936511919213,0.27562089328069767,200.2536511919073
std,0.47612454991449354,0.38994686979584409,0.00011630236920928196,0.0,0.0,0.00011630236920928196,105.93530796550179,1.7887211748969494,75.05330721016341,53.72555772340373,2.5027772535194113,274.5014218153972,2.5027772562443094,274.50142181562234
min,0.0,False,625.04,175.0,0.0,625.04,175.0,1197.1671999999999,384.04848221694056,687.9670488888888,625.04,625.04,0.0,0.0
25%,0.0,True,625.04,175.0,0.0,625.04,354.7980722346667,1199.2860799999999,520.1909322701849,778.6377066666666,625.04,625.04,0.0,0.0
50%,0.0,1.0,625.04,175.0,0.0,625.04,420.4218666666667,1201.4049599999998,552.2222249725306,810.9933066666666,625.04,625.04,0.0,0.0
75%,1.0,True,625.04,175.0,0.0,625.04,465.4887849173334,1203.5238399999998,598.178072344651,833.3223524586667,625.04,1199.2860799999999,0.0,574.2460799999999
max,1.0,True,625.04,175.0,0.0,625.04,657.2189478399999,1205.6427199999998,727.2761818760274,1201.4049599999998,657.2189478399999,1205.6427199999998,32.17894783999998,580.6027199999999
