,per_hour_hood_data_count,occupancy,min_lab_cfm,min_hood_cfm,min_additional_hood_cfm,min_possible_lab_cfm,calc_hood_cfm,stream_hood_cfm,stream_and_calc_hood_cfm_std,stream_and_calc_hood_cfm_mean,calc_total_lab_cfm,stream_total_lab_cfm,calc_excess_cfm,stream_excess_cfm
count,1671.0,1671,1671.0,1671.0,1671.0,1671.0,1671.0,1671.0,1671.0,1671.0,1671.0,1671.0,1671.0,1671.0
mean,1.0,0.79712746858168759,625.040000000014,175.0,0.0,625.040000000014,519.2804970913303,1201.4879103690107,482.39348810440123,860.3842037301849,641.1832233110482,1201.4879103690107,16.143223311032607,576.4479103690304
std,0.0,0.40225875118349863,4.998398027366777e-05,0.0,0.0,4.998398027366777e-05,130.38835370798535,1.789255489273011,92.35231579716452,65.09751909526324,41.828363470495084,1.789255489273011,41.82836347053283,1.789255469604649
min,1.0,False,625.04,175.0,0.0,625.04,175.0,1197.1671999999999,304.300235445251,687.9670488888888,625.04,1197.1671999999999,0.0,572.1271999999999
25%,1.0,1.0,625.04,175.0,0.0,625.04,443.0118,1199.2860799999999,437.31751512046765,823.0319059999999,625.04,1199.2860799999999,0.0,574.2460799999999
50%,1.0,1.0,625.04,175.0,0.0,625.04,525.5273333333334,1201.4049599999998,477.7764202738408,862.9431152399999,625.04,1201.4049599999998,0.0,576.3649599999999
75%,1.0,1.0,625.04,175.0,0.0,625.04,582.9291952866668,1203.5238399999998,534.9676232848952,891.5162019533332,625.04,1203.5238399999998,0.0,578.4838399999999
max,1.0,True,625.04,175.0,0.0,625.04,770.0,1205.6427199999998,727.2761818760274,985.7024799999999,770.0,1205.6427199999998,144.96000000000004,580.6027199999999
