,per_hour_hood_data_count,occupancy,min_lab_cfm,min_hood_cfm,min_additional_hood_cfm,min_possible_lab_cfm,calc_hood_cfm,stream_hood_cfm,stream_and_calc_hood_cfm_std,stream_and_calc_hood_cfm_mean,calc_total_lab_cfm,stream_total_lab_cfm,calc_excess_cfm,stream_excess_cfm
count,1671.0,1671,1671.0,1671.0,1671.0,1671.0,1671.0,1671.0,1671.0,1671.0,1671.0,1671.0,1671.0,1671.0
mean,1.0,0.80610412926391384,600.2833752244248,175.0,0.0,600.2833752244248,417.74955198087673,1201.4879103690107,554.1867078922849,809.6187311749576,603.7444823175928,1201.4879103690107,3.461107093167363,601.204535144619
std,0.0,0.39546662946305239,50.49317924986356,0.0,0.0,50.49317924986356,105.60316359281609,1.789255489273011,74.819835556566,52.71253078364091,48.33141693305301,1.789255489273011,18.522036131050044,50.51452729978104
min,1.0,False,497.36,175.0,0.0,497.36,175.0,1197.1671999999999,383.7987698141876,687.9670488888888,497.36,1197.1671999999999,0.0,572.1271999999999
25%,1.0,1.0,625.04,175.0,0.0,625.04,354.40944,1199.2860799999999,518.8730433692997,778.2831892666666,625.04,1199.2860799999999,0.0,575.2172333333333
50%,1.0,1.0,625.04,175.0,0.0,625.04,420.88104337066665,1201.4049599999998,551.5957957035924,811.3284763786666,625.04,1201.4049599999998,0.0,576.3649599999999
75%,1.0,1.0,625.04,175.0,0.0,625.04,466.78984493866676,1203.5238399999998,598.178072344651,833.9888468657778,625.04,1203.5238399999998,0.0,578.4838399999999
max,1.0,True,625.04,175.0,0.0,625.04,657.2189478399999,1205.6427199999998,727.2761818760274,929.31195392,657.2189478399999,1205.6427199999998,159.85894783999993,708.2827199999998
