,per_hour_hood_data_count,occupancy,min_lab_cfm,min_hood_cfm,min_additional_hood_cfm,min_possible_lab_cfm,calc_hood_cfm,stream_hood_cfm,stream_and_calc_hood_cfm_std,stream_and_calc_hood_cfm_mean,calc_total_lab_cfm,stream_total_lab_cfm,calc_excess_cfm,stream_excess_cfm
count,1671.0,1671,1671.0,1671.0,1671.0,1671.0,1671.0,1671.0,1671.0,1671.0,1671.0,1671.0,1671.0,1671.0
mean,1.0,0.80849790544584077,600.5890125673333,175.0,0.0,600.5890125673333,519.5639633043601,1201.4879103690107,482.19304722293043,860.5259368366982,625.3353160501583,1201.4879103690107,24.746303482821943,600.8988978017106
std,0.0,0.39360100906492551,50.25497683743335,0.0,0.0,50.25497683743335,130.58808536747884,1.789255489273011,92.48612703656414,65.20262947482614,61.75474356148643,1.789255489273011,54.68134127610407,50.30967832585008
min,1.0,False,497.36,175.0,0.0,497.36,175.0,1197.1671999999999,304.0505230424976,687.9670488888888,497.36,1197.1671999999999,0.0,572.1271999999999
25%,1.0,1.0,625.04,175.0,0.0,625.04,443.0118,1199.2860799999999,438.4204786389686,823.0131397366665,625.04,1199.2860799999999,0.0,575.3055199999999
50%,1.0,1.0,625.04,175.0,0.0,625.04,525.5273333333334,1201.4049599999998,476.73977748357265,863.7201154733332,625.04,1201.4049599999998,0.0,576.3649599999999
75%,1.0,1.0,625.04,175.0,0.0,625.04,581.7688239066667,1203.5238399999998,534.9676232848952,890.5735305733333,625.04,1203.5238399999998,0.0,578.4838399999999
max,1.0,True,625.04,175.0,0.0,625.04,770.0,1205.6427199999998,727.2761818760274,985.7024799999999,770.0,1205.6427199999998,272.64,708.2827199999998
