,per_hour_hood_data_count,occupancy,min_lab_cfm,min_hood_cfm,min_additional_hood_cfm,min_possible_lab_cfm,calc_hood_cfm,stream_hood_cfm,stream_and_calc_hood_cfm_std,stream_and_calc_hood_cfm_mean,calc_total_lab_cfm,stream_total_lab_cfm,calc_excess_cfm,stream_excess_cfm
count,4813.0,4813,4813.0,4813.0,4813.0,4813.0,1671.0,1672.0,1671.0,1672.0,4813.0,4813.0,4813.0,4813.0
mean,0.3471847080822772,0.80801994597963844,600.5279867027031,175.0,0.0,600.5279867027031,417.74955198087673,1201.4878607575458,554.1867078922849,809.8530530821496,601.7296301584859,809.3767594404,1.2016434557828097,208.84877273772244
std,0.47612454991449354,0.39389840025920841,50.29294774496202,0.0,0.0,50.29294774496202,105.60316359281609,1.7887211748969494,74.819835556566,53.56073332972034,49.571829808774204,288.9748738464825,11.035229931842403,287.82398137376225
min,0.0,False,497.36,175.0,0.0,497.36,175.0,1197.1671999999999,383.7987698141876,687.9670488888888,497.36,497.36,0.0,0.0
25%,0.0,True,625.04,175.0,0.0,625.04,354.40944,1199.2860799999999,518.8730433692997,778.3006895,625.04,625.04,0.0,0.0
50%,0.0,1.0,625.04,175.0,0.0,625.04,420.88104337066665,1201.4049599999998,551.5957957035924,811.3697277519999,625.04,625.04,0.0,0.0
75%,1.0,True,625.04,175.0,0.0,625.04,466.78984493866676,1203.5238399999998,598.178072344651,834.016507384,625.04,1199.2860799999999,0.0,576.3649599999999
max,1.0,True,625.04,175.0,0.0,625.04,657.2189478399999,1205.6427199999998,727.2761818760274,1201.4049599999998,657.2189478399999,1205.6427199999998,159.85894783999993,708.2827199999998
