,per_hour_hood_data_count,occupancy,min_lab_cfm,min_hood_cfm,min_additional_hood_cfm,min_possible_lab_cfm,calc_hood_cfm,stream_hood_cfm,stream_and_calc_hood_cfm_std,stream_and_calc_hood_cfm_mean,calc_total_lab_cfm,stream_total_lab_cfm,calc_excess_cfm,stream_excess_cfm
count,1671.0,1671,1671.0,1671.0,1671.0,1671.0,1671.0,1671.0,1671.0,1671.0,1671.0,1671.0,1671.0,1671.0
mean,1.0,0.80969479353680429,600.7418312387874,175.0,0.0,600.7418312387874,518.8690560120453,1201.4879103690107,482.6844208816214,860.1784831905399,624.8314890395735,1201.4879103690107,24.08965780078305,600.7460791302562
std,0.0,0.3926593992243454,50.13475209298632,0.0,0.0,50.13475209298632,129.54692983609084,1.789255489273011,91.75291989979358,64.68002069791157,61.205355068965396,1.789255489273011,53.938527089269066,50.19660614161133
min,1.0,False,497.36,175.0,0.0,497.36,175.0,1197.1671999999999,304.0505230424976,687.9670488888888,497.36,1197.1671999999999,0.0,572.1271999999999
25%,1.0,1.0,625.04,175.0,0.0,625.04,443.0118,1199.2860799999999,439.43906342739683,823.0319059999999,625.04,1199.2860799999999,0.0,574.9523733333333
50%,1.0,1.0,625.04,175.0,0.0,625.04,524.1226478133332,1201.4049599999998,479.05676135398244,862.9431152399999,625.04,1201.4049599999998,0.0,576.3649599999999
75%,1.0,1.0,625.04,175.0,0.0,625.04,580.3095089244445,1203.5238399999998,535.7076236694512,890.5735305733333,625.04,1203.5238399999998,0.0,578.4838399999999
max,1.0,True,625.04,175.0,0.0,625.04,770.0,1205.6427199999998,727.2761818760274,985.7024799999999,770.0,1205.6427199999998,272.64,708.2827199999998
