,per_hour_hood_data_count,occupancy,min_lab_cfm,min_hood_cfm,min_additional_hood_cfm,min_possible_lab_cfm,calc_hood_cfm,stream_hood_cfm,stream_and_calc_hood_cfm_std,stream_and_calc_hood_cfm_mean,calc_total_lab_cfm,stream_total_lab_cfm,calc_excess_cfm,stream_excess_cfm
count,1671.0,1671,1671.0,1671.0,1671.0,1671.0,1671.0,1671.0,1671.0,1671.0,1671.0,1671.0,1671.0,1671.0
mean,1.0,0.81388390185517656,625.040000000014,175.0,0.0,625.040000000014,417.498398228985,1201.4879103690107,554.3643004133687,809.4931542990125,625.8338739433774,1201.4879103690107,0.7938739433632542,576.4479103690304
std,0.0,0.38931683868593081,4.998398027366777e-05,0.0,0.0,4.998398027366777e-05,105.93530796550179,1.789255489273011,75.05330721016341,52.87954229044782,4.199683648607951,1.789255489273011,4.199683648893664,1.789255469604649
min,1.0,False,625.04,175.0,0.0,625.04,175.0,1197.1671999999999,384.04848221694056,687.9670488888888,625.04,1197.1671999999999,0.0,572.1271999999999
25%,1.0,1.0,625.04,175.0,0.0,625.04,354.7980722346667,1199.2860799999999,520.1909322701849,778.6377066666666,625.04,1199.2860799999999,0.0,574.2460799999999
50%,1.0,1.0,625.04,175.0,0.0,625.04,420.4218666666667,1201.4049599999998,552.2222249725306,810.9933066666666,625.04,1201.4049599999998,0.0,576.3649599999999
75%,1.0,1.0,625.04,175.0,0.0,625.04,465.4887849173334,1203.5238399999998,598.178072344651,833.1080059786666,625.04,1203.5238399999998,0.0,578.4838399999999
max,1.0,True,625.04,175.0,0.0,625.04,657.2189478399999,1205.6427199999998,727.2761818760274,929.31195392,657.2189478399999,1205.6427199999998,32.17894783999998,580.6027199999999
