,per_hour_hood_data_count,occupancy,min_lab_cfm,min_hood_cfm,min_additional_hood_cfm,min_possible_lab_cfm,calc_hood_cfm,stream_hood_cfm,stream_and_calc_hood_cfm_std,stream_and_calc_hood_cfm_mean,calc_total_lab_cfm,stream_total_lab_cfm,calc_excess_cfm,stream_excess_cfm
count,4813.0,4813,4813.0,4813.0,4813.0,4813.0,1671.0,1672.0,1671.0,1672.0,4813.0,4813.0,4813.0,4813.0
mean,0.3471847080822772,0.80615001038853107,625.0400000000292,175.0,0.0,625.0400000000292,431.03486714878625,1201.4878607575458,544.7925714468539,816.4917377847712,628.0043854187022,825.2936511919213,2.9643854186725744,200.2536511919073
std,0.47612454991449354,0.39535382463388297,0.00011630236920928196,0.0,0.0,0.00011630236920928196,148.88764875190068,1.7887211748969494,105.40195382179517,74.93989899652932,18.805061604554556,274.5014218153972,18.805061604927733,274.50142181562234
min,0.0,False,625.04,175.0,0.0,625.04,175.0,1197.1671999999999,304.0505230424976,687.9670488888888,625.04,625.04,0.0,0.0
25%,0.0,True,625.04,175.0,0.0,625.04,312.57406835200004,1199.2860799999999,464.9811643463676,757.2422439763333,625.04,625.04,0.0,0.0
50%,0.0,1.0,625.04,175.0,0.0,625.04,429.5872,1201.4049599999998,545.6036271814778,816.3656432099999,625.04,625.04,0.0,0.0
75%,1.0,True,625.04,175.0,0.0,625.04,542.6259725599999,1203.5238399999998,629.4014370915593,872.1620191408333,625.04,1199.2860799999999,0.0,574.2460799999999
max,1.0,True,625.04,175.0,0.0,625.04,770.0,1205.6427199999998,727.7756066815344,1201.4049599999998,770.0,1205.6427199999998,144.96000000000004,580.6027199999999
