,per_hour_hood_data_count,occupancy,min_lab_cfm,min_hood_cfm,min_additional_hood_cfm,min_possible_lab_cfm,calc_hood_cfm,stream_hood_cfm,stream_and_calc_hood_cfm_std,stream_and_calc_hood_cfm_mean,calc_total_lab_cfm,stream_total_lab_cfm,calc_excess_cfm,stream_excess_cfm
count,4813.0,4813,4813.0,4813.0,4813.0,4813.0,1671.0,1672.0,1671.0,1672.0,4813.0,4813.0,4813.0,4813.0
mean,0.3471847080822772,0.80199459796384787,599.7586702680467,175.0,0.0,599.7586702680467,518.8690560120453,1201.4878607575458,482.6844208816214,860.382566011598,608.1222310794143,808.4748022411474,8.363560811366815,208.71613197312658
std,0.47612454991449354,0.39853765628696725,50.88528795458702,0.0,0.0,50.88528795458702,129.54692983609084,1.7887211748969494,91.75291989979358,65.19693202740987,56.2591173982574,289.7472116941805,33.782328827042626,287.6274518184226
min,0.0,False,497.36,175.0,0.0,497.36,175.0,1197.1671999999999,304.0505230424976,687.9670488888888,497.36,497.36,0.0,0.0
25%,0.0,True,625.04,175.0,0.0,625.04,443.0118,1199.2860799999999,439.43906342739683,823.0319059999999,625.04,625.04,0.0,0.0
50%,0.0,1.0,625.04,175.0,0.0,625.04,524.1226478133332,1201.4049599999998,479.05676135398244,862.9431152399999,625.04,625.04,0.0,0.0
75%,1.0,True,625.04,175.0,0.0,625.04,580.3095089244445,1203.5238399999998,535.7076236694512,890.5735305733333,625.04,1199.2860799999999,0.0,576.3649599999999
max,1.0,True,625.04,175.0,0.0,625.04,770.0,1205.6427199999998,727.2761818760274,1201.4049599999998,770.0,1205.6427199999998,272.64,708.2827199999998
