,per_hour_hood_data_count,occupancy,min_lab_cfm,min_hood_cfm,min_additional_hood_cfm,min_possible_lab_cfm,calc_hood_cfm,stream_hood_cfm,stream_and_calc_hood_cfm_std,stream_and_calc_hood_cfm_mean,calc_total_lab_cfm,stream_total_lab_cfm,calc_excess_cfm,stream_excess_cfm
count,4796.0,4796,4796.0,4796.0,4796.0,4796.0,1681.0,1686.0,1681.0,1686.0,4796.0,4796.0,4796.0,4796.0
mean,0.3505004170141785,0.53482068390325266,625.0400000000291,175.0,0.0,625.0400000000291,275.66807921830616,225.91580528008396,42.08684169568182,250.69171380432783,625.0784525311383,625.0413747790116,0.03845253110925778,0.0013747789824853543
std,0.4771764361313243,0.49883805463545294,0.00011629477263827248,0.0,0.0,0.00011629477263827248,74.89642798627015,61.93432103196599,26.736862887004747,63.99530699435687,1.4059664518157904,0.06899011606192461,1.4059664565774748,0.06899021422993537
min,0.0,False,625.04,175.0,0.0,625.04,175.0,200.58730666666665,0.009850704352798898,191.32512,625.04,625.04,0.0,0.0
25%,0.0,0.0,625.04,175.0,0.0,625.04,229.36619094666668,207.65024,19.585041309831123,218.06228992666666,625.04,625.04,0.0,0.0
50%,0.0,1.0,625.04,175.0,0.0,625.04,260.213324,207.65024000000003,33.846769168072846,234.02966762,625.04,625.04,0.0,0.0
75%,1.0,1.0,625.04,175.0,0.0,625.04,309.67859075999996,209.76912,67.60850928310896,259.5929262013889,625.04,625.04,0.0,0.0
max,1.0,True,625.04,175.0,0.0,625.04,708.38316192,629.30736,96.7322329241736,643.41870096,708.38316192,629.30736,83.34316192000006,4.267360000000053
