,per_hour_hood_data_count,occupancy,min_lab_cfm,min_hood_cfm,min_additional_hood_cfm,min_possible_lab_cfm,calc_hood_cfm,stream_hood_cfm,stream_and_calc_hood_cfm_std,stream_and_calc_hood_cfm_mean,calc_total_lab_cfm,stream_total_lab_cfm,calc_excess_cfm,stream_excess_cfm
count,1681.0,1681,1681.0,1681.0,1681.0,1681.0,1681.0,1681.0,1681.0,1681.0,1681.0,1681.0,1681.0,1681.0
mean,1.0,0.51992861392028555,625.0400000000142,175.0,0.0,625.0400000000142,275.66807921830616,225.9688742547421,42.08684169568182,250.81847673652393,625.1497075188718,625.0439223319594,0.10970751885782293,0.003922331945270529
std,0.0,0.49975136165139444,5.1239073825890566e-05,0.0,0.0,5.1239073825890566e-05,74.89642798627015,62.01869607017412,26.736862887004747,64.04809821195475,2.3736318879701295,0.11651108331796321,2.3736318885101104,0.11651109435131009
min,1.0,False,625.04,175.0,0.0,625.04,175.0,200.58730666666665,0.009850704352798898,191.32512,625.04,625.04,0.0,0.0
25%,1.0,False,625.04,175.0,0.0,625.04,229.36619094666668,207.65024,19.585041309831123,218.16534223333332,625.04,625.04,0.0,0.0
50%,1.0,1.0,625.04,175.0,0.0,625.04,260.213324,207.65024000000003,33.846769168072846,234.08858666666669,625.04,625.04,0.0,0.0
75%,1.0,True,625.04,175.0,0.0,625.04,309.67859075999996,209.76912,67.60850928310896,259.6007819533333,625.04,625.04,0.0,0.0
max,1.0,True,625.04,175.0,0.0,625.04,708.38316192,629.30736,96.7322329241736,643.41870096,708.38316192,629.30736,83.34316192000006,4.267360000000053
