,percent_open,datastream_flow,occupancy,evacuation_cfm,datastream_and_calculated_cfm_std,datastream_and_calculated_cfm_mean
count,1156.0,1159.0,4811,1156.0,1156.0,1159.0
mean,4.459715474721254,598.1097161748593,0.55622531698191646,185.04804156425686,292.07848960644617,392.11362746115327
std,11.615059736792826,0.8519611107216444,0.49688029901595554,44.32389276464706,31.390681929170693,24.475706708412417
min,0.0,597.5241599999999,False,175.0,74.13826879164088,386.26207999999997
25%,0.0,597.5241599999999,0.0,175.0,298.76969875114975,386.26207999999997
50%,0.0,597.5241599999999,1.0,175.0,298.76969875114975,386.26207999999997
75%,1.07,598.5835999999999,1.0,175.0,299.51883595941007,387.12287499999996
max,68.979996,599.6430399999999,True,492.6768147840001,300.2679731676703,599.6430399999999
