,percent_open,datastream_flow,occupancy,evacuation_cfm,datastream_and_calculated_cfm_std,datastream_and_calculated_cfm_mean
count,1156.0,1159.0,4811,1156.0,1156.0,1159.0
mean,4.459715474721254,598.1097161748593,0.55768031594263145,190.470283889898,288.38040978279145,394.81773105409593
std,11.615059736792826,0.8519611107216444,0.49671346319263709,65.82065883314056,45.741130870952766,34.43600616642883
min,0.0,597.5241599999999,False,175.0,8.366371667474759,386.26207999999997
25%,0.0,597.5241599999999,0.0,175.0,298.76969875114975,386.26207999999997
50%,0.0,597.5241599999999,1.0,175.0,298.76969875114975,386.26207999999997
75%,1.07,598.5835999999999,1.0,175.0,299.51883595941007,387.1449466666666
max,68.979996,599.6430399999999,True,638.3159524000001,300.2679731676703,617.9200562000001
