,per_hour_hood_data_count,occupancy,min_lab_cfm,min_hood_cfm,min_additional_hood_cfm,min_possible_lab_cfm,calc_hood_cfm,stream_hood_cfm,stream_and_calc_hood_cfm_std,stream_and_calc_hood_cfm_mean,calc_total_lab_cfm,stream_total_lab_cfm,calc_excess_cfm,stream_excess_cfm
count,1767.0,1767,1767.0,1767.0,1767.0,1767.0,1767.0,1767.0,1767.0,1767.0,1767.0,1767.0,1767.0,1767.0
mean,1.0,0.60215053763440862,399.12774193549444,175.0,0.0,399.12774193549444,290.88987356483364,215.03485090800618,55.9797854802952,252.96236223641998,402.3820446845105,399.7637864767758,3.2543027490179206,0.6360445412815184
std,0.0,0.4895926080252333,60.04363744814483,0.0,0.0,60.04363744814483,63.01329696820474,53.49634816694966,27.71282395150637,53.88712609524887,57.35304605970655,60.194536223435755,12.847236273808576,7.03728354258555
min,1.0,False,325.28000000000003,175.0,0.0,325.28000000000003,175.0,175.86704,0.319339051599659,176.49295999999998,325.28000000000003,325.28000000000003,0.0,0.0
25%,1.0,0.0,325.28000000000003,175.0,0.0,325.28000000000003,245.40217318400005,177.98592,33.9797515951995,213.0262477946667,325.28000000000003,325.28000000000003,0.0,0.0
50%,1.0,1.0,447.92,175.0,0.0,447.92,296.677905216,190.6992,67.33237248661891,244.45759626666666,447.92,447.92,0.0,0.0
75%,1.0,1.0,447.92,175.0,0.0,447.92,336.4345525333334,233.16508666666667,78.08950600739041,286.9322896,447.92,447.92,0.0,0.0
max,1.0,True,447.92,175.0,0.0,447.92,432.608571584,514.88784,97.88462201402614,466.96008,447.92,514.88784,96.05317333333335,164.18127999999996
