,per_hour_hood_data_count,occupancy,min_lab_cfm,min_hood_cfm,min_additional_hood_cfm,min_possible_lab_cfm,calc_hood_cfm,stream_hood_cfm,stream_and_calc_hood_cfm_std,stream_and_calc_hood_cfm_mean,calc_total_lab_cfm,stream_total_lab_cfm,calc_excess_cfm,stream_excess_cfm
count,4794.0,4794,4794.0,4794.0,4794.0,4794.0,1767.0,1769.0,1767.0,1769.0,4794.0,4794.0,4794.0,4794.0
mean,0.3685857321652065,0.60513141426783479,447.91999999997086,175.0,0.0,447.91999999997086,281.789479324377,215.18940062998692,52.47541989735412,248.52897903918054,448.69025911375417,448.0329625197873,0.770259113783664,0.11296251981643712
std,0.4824716017527104,0.48887343877765871,0.00020190208886784438,0.0,0.0,0.00020190208886784438,93.28043297450043,53.86891466965595,52.09128560268962,64.74053985562767,6.137579608048962,2.2397731015667177,6.137579604687528,2.2397730924745267
min,0.0,False,447.92,175.0,0.0,447.92,175.0,175.86704,0.06211225997586786,175.43352,447.92,447.92,0.0,0.0
25%,0.0,0.0,447.92,175.0,0.0,447.92,206.73742908,177.98592,10.904292339545863,192.72959552,447.92,447.92,0.0,0.0
50%,0.0,1.0,447.92,175.0,0.0,447.92,253.30535445600003,190.6992,25.63062856445585,238.875837144,447.92,447.92,0.0,0.0
75%,1.0,1.0,447.92,175.0,0.0,447.92,357.7349865133333,233.25337333333334,103.45157918884419,290.03008,447.92,447.92,0.0,0.0
max,1.0,True,447.92,175.0,0.0,447.92,531.7797333333334,514.88784,161.27238916962818,519.33912,531.7797333333334,514.88784,83.8597333333334,66.96783999999997
