,per_hour_hood_data_count,occupancy,min_lab_cfm,min_hood_cfm,min_additional_hood_cfm,min_possible_lab_cfm,calc_hood_cfm,stream_hood_cfm,stream_and_calc_hood_cfm_std,stream_and_calc_hood_cfm_mean,calc_total_lab_cfm,stream_total_lab_cfm,calc_excess_cfm,stream_excess_cfm
count,4794.0,4794,4794.0,4794.0,4794.0,4794.0,1767.0,1769.0,1767.0,1769.0,4794.0,4794.0,4794.0,4794.0
mean,0.3685857321652065,0.59219858156028371,447.91999999997086,175.0,0.0,447.91999999997086,291.2766914162267,215.18940062998692,56.32800077980223,253.26722204830963,447.91999999997086,448.0329625197873,0.0,0.11296251981643712
std,0.4824716017527104,0.49147716876487818,0.00020190208886784438,0.0,0.0,0.00020190208886784438,63.08371652020796,53.86891466965595,27.75979650073671,54.14731879006436,0.00020190208886784438,2.2397731015667177,0.0,2.2397730924745267
min,0.0,False,447.92,175.0,0.0,447.92,175.0,175.86704,0.10676703957264229,176.49295999999998,447.92,447.92,0.0,0.0
25%,0.0,0.0,447.92,175.0,0.0,447.92,247.44571390933336,177.98592,34.87390847902836,213.61188609066667,447.92,447.92,0.0,0.0
50%,0.0,1.0,447.92,175.0,0.0,447.92,295.9786592,190.6992,67.47653105886303,242.886472384,447.92,447.92,0.0,0.0
75%,1.0,1.0,447.92,175.0,0.0,447.92,336.048526016,233.25337333333334,79.05080461285175,287.24862924800004,447.92,447.92,0.0,0.0
max,1.0,True,447.92,175.0,0.0,447.92,441.175077952,514.88784,92.06356265093217,491.58016,447.92,514.88784,0.0,66.96783999999997
