,per_hour_hood_data_count,occupancy,min_lab_cfm,min_hood_cfm,min_additional_hood_cfm,min_possible_lab_cfm,calc_hood_cfm,stream_hood_cfm,stream_and_calc_hood_cfm_std,stream_and_calc_hood_cfm_mean,calc_total_lab_cfm,stream_total_lab_cfm,calc_excess_cfm,stream_excess_cfm
count,4794.0,4794,4794.0,4794.0,4794.0,4794.0,1767.0,1769.0,1767.0,1769.0,4794.0,4794.0,4794.0,4794.0
mean,0.3685857321652065,0.60304547350855231,399.23749687108455,175.0,0.0,399.23749687108455,290.88987356483364,215.18940062998692,55.9797854802952,253.07403178731153,400.43698643251764,399.4810410647525,1.1994895614340146,0.24354419366801064
std,0.4824716017527104,0.48931745768714169,60.009893010848494,0.0,0.0,60.009893010848494,63.01329696820474,53.86891466965595,27.71282395150637,54.16349569808468,59.05088373268602,60.07657927264982,7.9548173085376614,4.328348878575219
min,0.0,False,325.28000000000003,175.0,0.0,325.28000000000003,175.0,175.86704,0.319339051599659,176.49295999999998,325.28000000000003,325.28000000000003,0.0,0.0
25%,0.0,0.0,325.28000000000003,175.0,0.0,325.28000000000003,245.40217318400005,177.98592,33.9797515951995,213.02252616533335,325.28000000000003,325.28000000000003,0.0,0.0
50%,0.0,1.0,447.92,175.0,0.0,447.92,296.677905216,190.6992,67.33237248661891,244.45759626666666,447.92,447.92,0.0,0.0
75%,1.0,1.0,447.92,175.0,0.0,447.92,336.4345525333334,233.25337333333334,78.08950600739041,286.9322896,447.92,447.92,0.0,0.0
max,1.0,True,447.92,175.0,0.0,447.92,432.608571584,514.88784,97.88462201402614,491.58016,447.92,514.88784,96.05317333333335,164.18127999999996
