,per_hour_hood_data_count,occupancy,min_lab_cfm,min_hood_cfm,min_additional_hood_cfm,min_possible_lab_cfm,calc_hood_cfm,stream_hood_cfm,stream_and_calc_hood_cfm_std,stream_and_calc_hood_cfm_mean,calc_total_lab_cfm,stream_total_lab_cfm,calc_excess_cfm,stream_excess_cfm
count,1767.0,1767,1767.0,1767.0,1767.0,1767.0,1767.0,1767.0,1767.0,1767.0,1767.0,1767.0,1767.0,1767.0
mean,1.0,0.61120543293718166,447.9200000000106,175.0,0.0,447.9200000000106,194.98932121649634,215.03485090800618,15.09581931907308,205.01208606225092,447.9200000000106,448.2017669270054,0.0,0.28176692699490635
std,0.0,0.48761451158373698,0.00010129348055308766,0.0,0.0,0.00010129348055308766,23.96336890826207,53.49634816694966,26.006045842487314,36.96485149880427,0.00010129348055308766,3.5342654037118106,0.0,3.5342654051447746
min,1.0,False,447.92,175.0,0.0,447.92,175.0,175.86704,0.08042959215986804,175.43352,447.92,447.92,0.0,0.0
25%,1.0,0.0,447.92,175.0,0.0,447.92,175.0,177.98592,2.1113642800836105,176.49295999999998,447.92,447.92,0.0,0.0
50%,1.0,1.0,447.92,175.0,0.0,447.92,185.18687138,190.6992,4.201654213640201,189.18306333333334,447.92,447.92,0.0,0.0
75%,1.0,1.0,447.92,175.0,0.0,447.92,210.03032875999997,233.16508666666667,16.451902505416484,223.00258881,447.92,447.92,0.0,0.0
max,1.0,True,447.92,175.0,0.0,447.92,267.0304,514.88784,189.7862155625343,380.68872,447.92,514.88784,0.0,66.96783999999997
