,per_hour_hood_data_count,occupancy,min_lab_cfm,min_hood_cfm,min_additional_hood_cfm,min_possible_lab_cfm,calc_hood_cfm,stream_hood_cfm,stream_and_calc_hood_cfm_std,stream_and_calc_hood_cfm_mean,calc_total_lab_cfm,stream_total_lab_cfm,calc_excess_cfm,stream_excess_cfm
count,1006.0,1006,1006.0,1006.0,1006.0,1006.0,1006.0,1006.0,1006.0,1006.0,1006.0,1006.0,1006.0,1006.0
mean,2.0,0.65805168986083495,282.28000000000117,525.0,242.72000000000105,495.0,635.702967243828,912.424241124359,337.60454871834605,774.0636041840995,635.702967243828,912.424241124359,140.7029672438281,417.42424112436584
std,0.0,0.47459831804869895,2.8295925633041592e-05,0.0,2.245259196974862e-05,0.0,160.41629285215024,148.9153179767142,105.47790054525383,121.55890617221284,160.41629285215024,148.9153179767142,160.41629285215,148.91531797668893
min,2.0,False,282.28000000000003,525.0,242.71999999999997,495.0,525.0,805.1743999999999,30.29614335640397,665.0871999999999,525.0,805.1743999999999,30.0,310.1743999999999
25%,2.0,0.0,282.28000000000003,525.0,242.71999999999997,495.0,525.0,809.4121599999999,311.0594532425687,667.2060799999999,525.0,809.4121599999999,30.0,314.41215999999986
50%,2.0,1.0,282.28000000000003,525.0,242.71999999999997,495.0,525.0,809.41216,396.8342810626199,743.9845987133333,525.0,809.41216,30.0,314.41216
75%,2.0,1.0,282.28000000000003,525.0,242.71999999999997,495.0,682.2560185000001,982.4540266666666,400.6527771113622,866.2260585733334,682.2560185000001,982.4540266666666,187.25601850000012,487.45402666666655
max,2.0,True,282.28000000000003,525.0,242.71999999999997,495.0,1172.4168885333331,1229.185831111111,494.77155262594124,1195.680277522963,1172.4168885333331,1229.185831111111,677.4168885333331,734.1858311111109
