,per_hour_hood_data_count,occupancy,min_lab_cfm,min_hood_cfm,min_additional_hood_cfm,min_possible_lab_cfm,calc_hood_cfm,stream_hood_cfm,stream_and_calc_hood_cfm_std,stream_and_calc_hood_cfm_mean,calc_total_lab_cfm,stream_total_lab_cfm,calc_excess_cfm,stream_excess_cfm
count,1006.0,1006,1006.0,1006.0,1006.0,1006.0,1006.0,1006.0,1006.0,1006.0,1006.0,1006.0,1006.0,1006.0
mean,2.0,0.6749502982107356,262.52998011928247,525.0,262.47001988071764,495.0,544.404326862377,912.424241124359,383.69220890593687,728.4142839933712,544.404326862377,912.424241124359,49.40432686237715,417.42424112436584
std,0.0,0.46862639068311884,28.473739497935686,0.0,28.473739497901057,0.0,42.41217411302434,148.9153179767142,56.737809709463114,77.9083535092254,42.41217411302434,148.9153179767142,42.41217411302301,148.91531797668893
min,2.0,False,221.52,525.0,242.71999999999997,495.0,525.0,805.1743999999999,178.65185494052378,665.0871999999999,525.0,805.1743999999999,30.0,310.1743999999999
25%,2.0,0.0,221.52,525.0,242.71999999999997,495.0,525.0,809.4121599999999,340.36259878629124,667.2060799999999,525.0,809.4121599999999,30.0,314.41215999999986
50%,2.0,1.0,282.28000000000003,525.0,242.71999999999997,495.0,525.0,809.41216,399.4261793474275,687.7464604649999,525.0,809.41216,30.0,314.41216
75%,2.0,1.0,282.28000000000003,525.0,303.48,495.0,525.0,982.4540266666666,400.924453763948,763.5146198225,525.0,982.4540266666666,30.0,487.45402666666655
max,2.0,True,282.28000000000003,525.0,303.48,495.0,719.9140438,1229.185831111111,497.9345763941514,961.0992265088889,719.9140438,1229.185831111111,224.91404379999994,734.1858311111109
