,per_hour_hood_data_count,occupancy,min_lab_cfm,min_hood_cfm,min_additional_hood_cfm,min_possible_lab_cfm,calc_hood_cfm,stream_hood_cfm,stream_and_calc_hood_cfm_std,stream_and_calc_hood_cfm_mean,calc_total_lab_cfm,stream_total_lab_cfm,calc_excess_cfm,stream_excess_cfm
count,1006.0,1006,1006.0,1006.0,1006.0,1006.0,1006.0,1006.0,1006.0,1006.0,1006.0,1006.0,1006.0,1006.0
mean,2.0,0.68290258449304175,282.28000000000117,525.0,242.72000000000105,495.0,586.652395938032,912.424241124359,353.9927460659858,749.5383185312002,586.652395938032,912.424241124359,91.65239593803203,417.42424112436584
std,0.0,0.46557718359457972,2.8295925633041592e-05,0.0,2.245259196974862e-05,0.0,108.43142588618686,148.9153179767142,88.55024577812193,96.41658071443752,108.43142588618686,148.9153179767142,108.43142588618643,148.91531797668893
min,2.0,False,282.28000000000003,525.0,242.71999999999997,495.0,525.0,805.1743999999999,29.710464971184784,665.0871999999999,525.0,805.1743999999999,30.0,310.1743999999999
25%,2.0,0.0,282.28000000000003,525.0,242.71999999999997,495.0,525.0,809.4121599999999,307.3434108039046,667.2060799999999,525.0,809.4121599999999,30.0,314.41215999999986
50%,2.0,1.0,282.28000000000003,525.0,242.71999999999997,495.0,525.0,809.41216,399.4261793474271,718.4577294506666,525.0,809.41216,30.0,314.41216
75%,2.0,1.0,282.28000000000003,525.0,242.71999999999997,495.0,587.4308399306667,982.4540266666666,400.9244537639478,820.2550781146666,587.4308399306667,982.4540266666666,92.43083993066674,487.45402666666655
max,2.0,True,282.28000000000003,525.0,242.71999999999997,495.0,930.5489774933333,1229.185831111111,494.77155262594124,1071.2724246234075,930.5489774933333,1229.185831111111,435.54897749333327,734.1858311111109
