,per_hour_hood_data_count,occupancy,min_lab_cfm,min_hood_cfm,min_additional_hood_cfm,min_possible_lab_cfm,calc_hood_cfm,stream_hood_cfm,stream_and_calc_hood_cfm_std,stream_and_calc_hood_cfm_mean,calc_total_lab_cfm,stream_total_lab_cfm,calc_excess_cfm,stream_excess_cfm
count,4812.0,4812,4812.0,4812.0,4812.0,4812.0,1006.0,1012.0,1006.0,1012.0,4812.0,4812.0,4812.0,4812.0
mean,0.6577306733167082,0.6837073981712386,263.06206151290377,525.0,261.93793848709623,495.0,587.0880515766856,912.7494060188787,353.8134722373519,750.14431795794,514.2519908325322,582.8558601186855,19.251990832532368,87.85586011868497
std,0.8021072873282474,0.46507691972733828,28.25807364241783,0.0,28.258073642777127,0.0,109.64824274903742,149.12248386021807,89.06367479027766,97.68395951285687,62.56225455323284,183.472540406421,62.56225455323084,183.47254040642682
min,0.0,False,221.52,525.0,242.71999999999997,495.0,525.0,805.1743999999999,22.734982911199694,601.5603696746666,495.0,495.0,0.0,0.0
25%,0.0,0.0,221.52,525.0,242.71999999999997,495.0,525.0,809.4121599999999,308.33161657727356,667.2060799999999,495.0,495.0,0.0,0.0
50%,0.0,1.0,282.28000000000003,525.0,242.71999999999997,495.0,525.0,809.41216,399.4261793474271,719.449715,495.0,495.0,0.0,0.0
75%,1.0,1.0,282.28000000000003,525.0,303.48,495.0,587.42124,983.69004,400.924453763948,818.651697144,495.0,495.0,0.0,0.0
max,2.0,True,282.28000000000003,525.0,303.48,495.0,997.3256145066666,1229.185831111111,494.77155262594124,1087.1778399999998,997.3256145066666,1229.185831111111,502.3256145066666,734.1858311111109
