,per_hour_hood_data_count,occupancy,min_lab_cfm,min_hood_cfm,min_additional_hood_cfm,min_possible_lab_cfm,calc_hood_cfm,stream_hood_cfm,stream_and_calc_hood_cfm_std,stream_and_calc_hood_cfm_mean,calc_total_lab_cfm,stream_total_lab_cfm,calc_excess_cfm,stream_excess_cfm
count,1006.0,1006,1006.0,1006.0,1006.0,1006.0,1006.0,1006.0,1006.0,1006.0,1006.0,1006.0,1006.0,1006.0
mean,2.0,0.68588469184890655,263.1943538767377,525.0,261.8056461232624,495.0,635.8626200464195,912.424241124359,337.5752682570519,774.1434305853949,635.8626200464195,912.424241124359,140.86262004641918,417.42424112436584
std,0.0,0.4643934284015459,28.216544709707982,0.0,28.216544709670934,0.0,160.22365356336246,148.9153179767142,105.67410854147823,121.41070740989818,160.22365356336246,148.9153179767142,160.22365356336337,148.91531797668893
min,2.0,False,221.52,525.0,242.71999999999997,495.0,525.0,805.1743999999999,21.498792814805928,665.0871999999999,525.0,805.1743999999999,30.0,310.1743999999999
25%,2.0,0.0,221.52,525.0,242.71999999999997,495.0,525.0,809.4121599999999,311.87337335380755,667.2060799999999,525.0,809.4121599999999,30.0,314.41215999999986
50%,2.0,1.0,282.28000000000003,525.0,242.71999999999997,495.0,525.0,809.41216,398.0453912584306,744.7431486199999,525.0,809.41216,30.0,314.41216
75%,2.0,1.0,282.28000000000003,525.0,303.48,495.0,683.84396192,982.4540266666666,400.2834549543489,867.57329405,683.84396192,982.4540266666666,188.84396191999997,487.45402666666655
max,2.0,True,282.28000000000003,525.0,303.48,495.0,1237.8552195333332,1229.185831111111,494.77155262594124,1220.3336032414813,1237.8552195333332,1229.185831111111,742.8552195333332,734.1858311111109
