,per_hour_hood_data_count,occupancy,min_lab_cfm,min_hood_cfm,min_additional_hood_cfm,min_possible_lab_cfm,calc_hood_cfm,stream_hood_cfm,stream_and_calc_hood_cfm_std,stream_and_calc_hood_cfm_mean,calc_total_lab_cfm,stream_total_lab_cfm,calc_excess_cfm,stream_excess_cfm
count,1006.0,1006,1006.0,1006.0,1006.0,1006.0,1006.0,1006.0,1006.0,1006.0,1006.0,1006.0,1006.0,1006.0
mean,2.0,0.66699801192842945,262.0467992047693,525.0,262.9532007952306,495.0,586.6956784414963,912.424241124359,353.9742208232204,749.5599597829316,586.6956784414963,912.424241124359,91.6956784414965,417.42424112436584
std,0.0,0.47152165447920819,28.64965572618682,0.0,28.649655726150332,0.0,108.72662863736724,148.9153179767142,88.67590642085847,96.4656612744013,108.72662863736724,148.9153179767142,108.72662863736659,148.91531797668893
min,2.0,False,221.52,525.0,242.71999999999997,495.0,525.0,805.1743999999999,18.558618456437593,665.0871999999999,525.0,805.1743999999999,30.0,310.1743999999999
25%,2.0,0.0,221.52,525.0,242.71999999999997,495.0,525.0,809.4121599999999,308.4203675255087,667.2060799999999,525.0,809.4121599999999,30.0,314.41215999999986
50%,2.0,1.0,282.28000000000003,525.0,242.71999999999997,495.0,525.0,809.41216,399.4261793474271,719.4466926986665,525.0,809.41216,30.0,314.41216
75%,2.0,1.0,282.28000000000003,525.0,303.48,495.0,590.0570356053333,982.4540266666666,400.92445376394795,814.2913182266666,590.0570356053333,982.4540266666666,95.05703560533334,487.45402666666655
max,2.0,True,282.28000000000003,525.0,303.48,495.0,946.3200700799999,1229.185831111111,494.77155262594124,1069.2954588302223,946.3200700799999,1229.185831111111,451.32007007999994,734.1858311111109
