,per_hour_hood_data_count,occupancy,min_lab_cfm,min_hood_cfm,min_additional_hood_cfm,min_possible_lab_cfm,calc_hood_cfm,stream_hood_cfm,stream_and_calc_hood_cfm_std,stream_and_calc_hood_cfm_mean,calc_total_lab_cfm,stream_total_lab_cfm,calc_excess_cfm,stream_excess_cfm
count,4812.0,4812,4812.0,4812.0,4812.0,4812.0,1006.0,1012.0,1006.0,1012.0,4812.0,4812.0,4812.0,4812.0
mean,0.6577306733167082,0.66853699085619289,262.14030756444146,525.0,262.8596924355585,495.0,544.404326862377,912.7494060188787,383.69220890593687,728.8207807526335,505.3285022492833,582.8558601186855,10.328502249283336,87.85586011868497
std,0.8021072873282474,0.47078800201637983,28.60507900230698,0.0,28.605079002658886,0.0,42.41217411302434,149.12248386021807,56.737809709463114,79.3879660764259,27.918447229452752,183.472540406421,27.918447229450834,183.47254040642682
min,0.0,False,221.52,525.0,242.71999999999997,495.0,525.0,805.1743999999999,178.65185494052378,597.0906399999999,495.0,495.0,0.0,0.0
25%,0.0,0.0,221.52,525.0,242.71999999999997,495.0,525.0,809.4121599999999,340.36259878629124,667.2060799999999,495.0,495.0,0.0,0.0
50%,0.0,1.0,282.28000000000003,525.0,242.71999999999997,495.0,525.0,809.41216,399.4261793474275,687.7464604649999,495.0,495.0,0.0,0.0
75%,1.0,1.0,282.28000000000003,525.0,303.48,495.0,525.0,983.69004,400.924453763948,764.3091998225,495.0,495.0,0.0,0.0
max,2.0,True,282.28000000000003,525.0,303.48,495.0,719.9140438,1229.185831111111,497.9345763941514,1087.1778399999998,719.9140438,1229.185831111111,224.91404379999994,734.1858311111109
