,per_hour_hood_data_count,occupancy,min_lab_cfm,min_hood_cfm,min_additional_hood_cfm,min_possible_lab_cfm,calc_hood_cfm,stream_hood_cfm,stream_and_calc_hood_cfm_std,stream_and_calc_hood_cfm_mean,calc_total_lab_cfm,stream_total_lab_cfm,calc_excess_cfm,stream_excess_cfm
count,1006.0,1006,1006.0,1006.0,1006.0,1006.0,1006.0,1006.0,1006.0,1006.0,1006.0,1006.0,1006.0,1006.0
mean,2.0,0.68091451292246519,282.28000000000117,525.0,242.72000000000105,495.0,599.8222698002015,912.424241124359,352.5149537904455,756.1232554622851,599.8222698002015,912.424241124359,104.8222698002014,417.42424112436584
std,0.0,0.46635408008086621,2.8295925633041592e-05,0.0,2.245259196974862e-05,0.0,132.1599502596686,148.9153179767142,90.13251271545559,111.4483726012292,132.1599502596686,148.9153179767142,132.15995025966828,148.91531797668893
min,2.0,False,282.28000000000003,525.0,242.71999999999997,495.0,525.0,805.1743999999999,48.579850767411145,665.0871999999999,525.0,805.1743999999999,30.0,310.1743999999999
25%,2.0,0.0,282.28000000000003,525.0,242.71999999999997,495.0,525.0,809.4121599999999,317.0210864387965,667.2060799999999,525.0,809.4121599999999,30.0,314.41215999999986
50%,2.0,1.0,282.28000000000003,525.0,242.71999999999997,495.0,525.0,809.41216,399.4261793474271,710.1774363039999,525.0,809.41216,30.0,314.41216
75%,2.0,1.0,282.28000000000003,525.0,242.71999999999997,495.0,636.223079912,982.4540266666666,400.9244537639478,834.5275315399999,636.223079912,982.4540266666666,141.22307991199997,487.45402666666655
max,2.0,True,282.28000000000003,525.0,242.71999999999997,495.0,1192.3706666666667,1229.185831111111,496.2698270424619,1207.4822133333332,1192.3706666666667,1229.185831111111,697.3706666666667,734.1858311111109
