,per_hour_hood_data_count,occupancy,min_lab_cfm,min_hood_cfm,min_additional_hood_cfm,min_possible_lab_cfm,calc_hood_cfm,stream_hood_cfm,stream_and_calc_hood_cfm_std,stream_and_calc_hood_cfm_mean,calc_total_lab_cfm,stream_total_lab_cfm,calc_excess_cfm,stream_excess_cfm
count,4812.0,4812,4812.0,4812.0,4812.0,4812.0,1006.0,1012.0,1006.0,1012.0,4812.0,4812.0,4812.0,4812.0
mean,0.6577306733167082,0.6874480465502909,263.2893433084151,525.0,261.7106566915849,495.0,635.8626200464195,912.7494060188787,337.5752682570519,774.5046371806004,524.4488353629876,582.8558601186855,29.448835362987886,87.85586011868497
std,0.8021072873282474,0.46358159008920957,28.16721741360215,0.0,28.16721741396568,0.0,160.22365356336246,149.12248386021807,105.67410854147823,122.1079429711417,92.97523277901928,183.472540406421,92.97523277901725,183.47254040642682
min,0.0,False,221.52,525.0,242.71999999999997,495.0,525.0,805.1743999999999,21.498792814805928,622.5172,495.0,495.0,0.0,0.0
25%,0.0,0.0,221.52,525.0,242.71999999999997,495.0,525.0,809.4121599999999,311.87337335380755,667.2060799999999,495.0,495.0,0.0,0.0
50%,0.0,1.0,282.28000000000003,525.0,242.71999999999997,495.0,525.0,809.41216,398.0453912584306,744.7431486199999,495.0,495.0,0.0,0.0
75%,1.0,1.0,282.28000000000003,525.0,303.48,495.0,683.84396192,983.69004,400.2834549543489,867.7908418133334,495.0,495.0,0.0,0.0
max,2.0,True,282.28000000000003,525.0,303.48,495.0,1237.8552195333332,1229.185831111111,494.77155262594124,1220.3336032414813,1237.8552195333332,1229.185831111111,742.8552195333332,734.1858311111109
