,per_hour_hood_data_count,occupancy,min_lab_cfm,min_hood_cfm,min_additional_hood_cfm,min_possible_lab_cfm,calc_hood_cfm,stream_hood_cfm,stream_and_calc_hood_cfm_std,stream_and_calc_hood_cfm_mean,calc_total_lab_cfm,stream_total_lab_cfm,calc_excess_cfm,stream_excess_cfm
count,4812.0,4812,4812.0,4812.0,4812.0,4812.0,1006.0,1012.0,1006.0,1012.0,4812.0,4812.0,4812.0,4812.0
mean,0.6577306733167082,0.68017456359102246,282.2800000000223,525.0,242.7199999999786,495.0,587.0226549622495,912.7494060188787,353.69048774185967,750.1161628365434,514.238318971742,582.8558601186855,19.238318971742064,87.85586011868497
std,0.8021072873282474,0.46645722552887392,0.00013817316094940637,0.0,0.00010565371420554278,0.0,109.54985084030963,149.12248386021807,89.09287408555964,97.61946522775804,62.510311521472474,183.472540406421,62.510311521470946,183.47254040642682
min,0.0,False,282.28000000000003,525.0,242.71999999999997,495.0,525.0,805.1743999999999,16.656330981444356,606.2527028213333,495.0,495.0,0.0,0.0
25%,0.0,0.0,282.28000000000003,525.0,242.71999999999997,495.0,525.0,809.4121599999999,308.29479478925964,667.2060799999999,495.0,495.0,0.0,0.0
50%,0.0,1.0,282.28000000000003,525.0,242.71999999999997,495.0,525.0,809.41216,399.4261793474271,719.979435,495.0,495.0,0.0,0.0
75%,1.0,1.0,282.28000000000003,525.0,242.71999999999997,495.0,586.5029139946666,983.69004,400.924453763948,816.214156444,495.0,495.0,0.0,0.0
max,2.0,True,282.28000000000003,525.0,242.71999999999997,495.0,949.0103108266667,1229.185831111111,494.77155262594124,1087.1778399999998,949.0103108266667,1229.185831111111,454.0103108266667,734.1858311111109
