,per_hour_hood_data_count,occupancy,min_lab_cfm,min_hood_cfm,min_additional_hood_cfm,min_possible_lab_cfm,calc_hood_cfm,stream_hood_cfm,stream_and_calc_hood_cfm_std,stream_and_calc_hood_cfm_mean,calc_total_lab_cfm,stream_total_lab_cfm,calc_excess_cfm,stream_excess_cfm
count,4812.0,4812,4812.0,4812.0,4812.0,4812.0,1006.0,1012.0,1006.0,1012.0,4812.0,4812.0,4812.0,4812.0
mean,0.6577306733167082,0.67892768079800503,282.2800000000223,525.0,242.7199999999786,495.0,635.702967243828,912.7494060188787,337.60454871834605,774.41758267538,524.4154582392541,582.8558601186855,29.41545823925417,87.85586011868497
std,0.8021072873282474,0.46693703507782985,0.00013817316094940637,0.0,0.00010565371420554278,0.0,160.41629285215024,149.12248386021807,105.47790054525383,122.2446010835392,93.00463596486203,183.472540406421,93.00463596486162,183.47254040642682
min,0.0,False,282.28000000000003,525.0,242.71999999999997,495.0,525.0,805.1743999999999,30.29614335640397,621.0335522333332,495.0,495.0,0.0,0.0
25%,0.0,0.0,282.28000000000003,525.0,242.71999999999997,495.0,525.0,809.4121599999999,311.0594532425687,667.2060799999999,495.0,495.0,0.0,0.0
50%,0.0,1.0,282.28000000000003,525.0,242.71999999999997,495.0,525.0,809.41216,396.8342810626199,743.9845987133333,495.0,495.0,0.0,0.0
75%,1.0,1.0,282.28000000000003,525.0,242.71999999999997,495.0,682.2560185000001,983.69004,400.6527771113622,866.3617930266666,495.0,495.0,0.0,0.0
max,2.0,True,282.28000000000003,525.0,242.71999999999997,495.0,1172.4168885333331,1229.185831111111,494.77155262594124,1195.680277522963,1172.4168885333331,1229.185831111111,677.4168885333331,734.1858311111109
