,per_hour_hood_data_count,occupancy,min_lab_cfm,min_hood_cfm,min_additional_hood_cfm,min_possible_lab_cfm,calc_hood_cfm,stream_hood_cfm,stream_and_calc_hood_cfm_std,stream_and_calc_hood_cfm_mean,calc_total_lab_cfm,stream_total_lab_cfm,calc_excess_cfm,stream_excess_cfm
count,1006.0,1006,1006.0,1006.0,1006.0,1006.0,1006.0,1006.0,1006.0,1006.0,1006.0,1006.0,1006.0,1006.0
mean,2.0,0.67097415506958247,282.28000000000117,525.0,242.72000000000105,495.0,544.4174607510977,912.424241124359,383.68292184415907,728.4208509377315,544.4174607510977,912.424241124359,49.417460751097565,417.42424112436584
std,0.0,0.47009308417491785,2.8295925633041592e-05,0.0,2.245259196974862e-05,0.0,42.53713371856974,148.9153179767142,56.67308443185631,77.9906417326823,42.53713371856974,148.9153179767142,42.53713371857024,148.91531797668893
min,2.0,False,282.28000000000003,525.0,242.71999999999997,495.0,525.0,805.1743999999999,175.98278627902278,665.0871999999999,525.0,805.1743999999999,30.0,310.1743999999999
25%,2.0,0.0,282.28000000000003,525.0,242.71999999999997,495.0,525.0,809.4121599999999,340.44928772432564,667.2060799999999,525.0,809.4121599999999,30.0,314.41215999999986
50%,2.0,1.0,282.28000000000003,525.0,242.71999999999997,495.0,525.0,809.41216,399.4261793474275,686.2057392299998,525.0,809.41216,30.0,314.41216
75%,2.0,1.0,282.28000000000003,525.0,242.71999999999997,495.0,525.0,982.4540266666666,400.924453763948,762.1698974383332,525.0,982.4540266666666,30.0,487.45402666666655
max,2.0,True,282.28000000000003,525.0,242.71999999999997,495.0,723.6886768999999,1229.185831111111,497.9345763941514,963.7992509066667,723.6886768999999,1229.185831111111,228.6886768999999,734.1858311111109
