,per_hour_hood_data_count,occupancy,min_lab_cfm,min_hood_cfm,min_additional_hood_cfm,min_possible_lab_cfm,calc_hood_cfm,stream_hood_cfm,stream_and_calc_hood_cfm_std,stream_and_calc_hood_cfm_mean,calc_total_lab_cfm,stream_total_lab_cfm,calc_excess_cfm,stream_excess_cfm
count,1006.0,1006,1006.0,1006.0,1006.0,1006.0,1006.0,1006.0,1006.0,1006.0,1006.0,1006.0,1006.0,1006.0
mean,2.0,0.69483101391650104,263.7379324055648,525.0,261.2620675944355,495.0,587.0880515766856,912.424241124359,353.8134722373519,749.7561463505265,587.0880515766856,912.424241124359,92.08805157668564,417.42424112436584
std,0.0,0.4607080007581299,27.992618126094143,0.0,27.992618126056538,0.0,109.64824274903742,148.9153179767142,89.06367479027766,96.68373381202674,109.64824274903742,148.9153179767142,109.64824274903621,148.91531797668893
min,2.0,False,221.52,525.0,242.71999999999997,495.0,525.0,805.1743999999999,22.734982911199694,665.0871999999999,525.0,805.1743999999999,30.0,310.1743999999999
25%,2.0,0.0,221.52,525.0,242.71999999999997,495.0,525.0,809.4121599999999,308.33161657727356,667.2060799999999,525.0,809.4121599999999,30.0,314.41215999999986
50%,2.0,1.0,282.28000000000003,525.0,242.71999999999997,495.0,525.0,809.41216,399.4261793474271,718.3240599999999,525.0,809.41216,30.0,314.41216
75%,2.0,1.0,282.28000000000003,525.0,303.48,495.0,587.42124,982.4540266666666,400.924453763948,817.7302728586667,587.42124,982.4540266666666,92.42124000000004,487.45402666666655
max,2.0,True,282.28000000000003,525.0,303.48,495.0,997.3256145066666,1229.185831111111,494.77155262594124,1077.0750133333331,997.3256145066666,1229.185831111111,502.3256145066666,734.1858311111109
