,per_hour_hood_data_count,occupancy,min_lab_cfm,min_hood_cfm,min_additional_hood_cfm,min_possible_lab_cfm,calc_hood_cfm,stream_hood_cfm,stream_and_calc_hood_cfm_std,stream_and_calc_hood_cfm_mean,calc_total_lab_cfm,stream_total_lab_cfm,calc_excess_cfm,stream_excess_cfm
count,1006.0,1006,1006.0,1006.0,1006.0,1006.0,1006.0,1006.0,1006.0,1006.0,1006.0,1006.0,1006.0,1006.0
mean,2.0,0.68787276341948311,263.3151491053659,525.0,261.6848508946343,495.0,635.8860768713186,912.424241124359,337.51778567733857,774.1551589978446,635.8860768713186,912.424241124359,140.88607687131878,417.42424112436584
std,0.0,0.46359191150370538,28.167844542995162,0.0,28.167844542957265,0.0,159.94849607102023,148.9153179767142,105.24260666087558,121.40984806575041,159.94849607102023,148.9153179767142,159.9484960710198,148.91531797668893
min,2.0,False,221.52,525.0,242.71999999999997,495.0,525.0,805.1743999999999,29.80850786255008,665.0871999999999,525.0,805.1743999999999,30.0,310.1743999999999
25%,2.0,0.0,221.52,525.0,242.71999999999997,495.0,525.0,809.4121599999999,309.02149357602224,667.2060799999999,525.0,809.4121599999999,30.0,314.41215999999986
50%,2.0,1.0,282.28000000000003,525.0,242.71999999999997,495.0,525.0,809.41216,394.11072096593705,744.7431486199999,525.0,809.41216,30.0,314.41216
75%,2.0,1.0,282.28000000000003,525.0,303.48,495.0,681.83312232,982.4540266666666,400.17531655568786,866.5320038075,681.83312232,982.4540266666666,186.83312231999997,487.45402666666655
max,2.0,True,282.28000000000003,525.0,303.48,495.0,1236.1486666666667,1229.185831111111,494.77155262594124,1195.9671484170372,1236.1486666666667,1229.185831111111,741.1486666666667,734.1858311111109
