,per_hour_hood_data_count,occupancy,min_lab_cfm,min_hood_cfm,min_additional_hood_cfm,min_possible_lab_cfm,calc_hood_cfm,stream_hood_cfm,stream_and_calc_hood_cfm_std,stream_and_calc_hood_cfm_mean,calc_total_lab_cfm,stream_total_lab_cfm,calc_excess_cfm,stream_excess_cfm,description
0,2.0,0.6796628029504742,1015.8800000000042,350.0,0.0,955.8800000000042,407.4582920448527,404.001182135582,52.79599228436374,405.7297370902175,955.9580993584962,955.8800000000042,0.07809935849197978,0.0,current operation
1,2.0,0.6649104320337197,933.126280295055,350.0,0.0,873.1262802950546,407.42886139294455,404.001182135582,52.87830197071184,405.7150217642632,874.1950614592181,873.3492294204499,1.0687811641634466,0.22294912539515266,reduced unoccupied ach
2,2.0,0.6817702845100105,1015.8800000000042,350.0,0.0,955.8800000000042,386.7589351952627,404.001182135582,42.24102232755133,395.3800586654227,955.8800000000042,955.8800000000042,0.0,0.0,reduced unoccupied face velocity
3,2.0,0.6617492096944152,1015.8800000000042,350.0,0.0,955.8800000000042,379.9310337528877,404.001182135582,37.295753274706435,391.96610794423566,955.8800000000042,955.8800000000042,0.0,0.0,sash reduced 20%
4,2.0,0.6870389884088515,1015.8800000000042,350.0,0.0,955.8800000000042,357.11505777242115,404.001182135582,34.640887635423724,380.55811995400194,955.8800000000042,955.8800000000042,0.0,0.0,sash reduced 50%
5,2.0,0.6701791359325606,934.4274394099125,350.0,0.0,874.4274394099123,379.9274460540215,404.001182135582,37.24457558319397,391.9643140948025,874.4274394099123,874.4417893361504,0.0,0.014349926238145258,"reduced ach, sash reduced 20%"
6,2.0,0.6817702845100105,937.2899894625999,350.0,0.0,877.2899894625992,357.1005811987617,404.001182135582,34.66926094075407,380.55088166717223,877.2899894625992,877.3623908956866,0.0,0.07240143308746029,"reduced ach, sash reduced 50%"
7,2.0,0.684931506849315,938.0706849315146,350.0,0.0,878.0706849315144,357.18013874088405,404.001182135582,34.59654634687534,380.5906604382334,878.0706849315144,878.0706849315144,0.0,0.0,"all reduced (ach, face vel, sash 50%)"
