count,132.0
mean,286.6136363636364
std,38.971441437860854
min,164.0
25%,277.75
50%,299.0
75%,316.0
max,326.0
