description,base lab cfm,equipment inc cfm,sash driven cfm,lab total cfm,savings cfm,lab total cad,savings cad
current operation,211.0200000000005,488.98,735.47504016847,905.4750401684689,0.0,181.09500803369377,0.0
reduced unoccupied ach,203.1946407185641,496.8053592814375,736.8250472882428,906.8250472882436,0.0,181.3650094576487,0.0
reduced unoccupied face velocity,211.0200000000005,488.98,673.295654411026,843.2956544110257,62.179385757443356,168.65913088220515,310.8969287872168
sash reduced 20%,211.0200000000005,488.98,668.7013171226688,838.7013171226683,66.7737230458008,167.74026342453368,333.86861522900404
sash reduced 50%,211.0200000000005,488.98,578.146685594061,748.146685594061,157.32835457440808,149.6293371188122,786.6417728720404
"reduced ach, sash reduced 20%",201.9488123752508,498.05118762475183,669.0571971069539,839.0571971069537,66.41784306151533,167.81143942139073,332.08921530757664
"reduced ach, sash reduced 50%",202.33813373253608,497.6618662674656,577.6045956200761,747.6045956200763,157.87044454839278,149.52091912401528,789.3522227419639
"all reduced (ach, face vel, sash 50%)",202.2992015968076,497.70079840319465,578.0345066662812,748.0345066662817,157.44053350218735,149.60690133325633,787.2026675109367
