description,base lab cfm,equipment inc cfm,sash driven cfm,lab total cfm,savings cfm,lab total cad,savings cad
current operation,454.43999999999323,0.0,0.6719222713219372,455.11192227131517,0.0,91.02238445426303,0.0
reduced unoccupied ach,392.65476923077364,0.0,1.3283970076524212,393.9831662384257,61.128756032889214,78.79663324768515,305.64378016444607
reduced unoccupied face velocity,454.43999999999323,0.0,0.5870461091566952,455.02704610915004,0.08487616216507377,91.00540922183,0.4243808108253688
sash reduced 20%,454.43999999999323,0.0,0.009517385627350449,454.4495173856205,0.6624048856945707,90.8899034771241,3.3120244284728533
sash reduced 50%,454.43999999999323,0.0,0.0,454.43999999999323,0.6719222713218755,90.88799999999864,3.3596113566093777
"reduced ach, sash reduced 20%",395.73046153846514,0.0,0.19016911256068375,395.9206306510257,59.19129162028935,79.18412613020514,295.95645810144674
"reduced ach, sash reduced 50%",396.0923076923114,0.0,0.0,396.0923076923114,59.0196145790037,79.21846153846228,295.0980728950185
"all reduced (ach, face vel, sash 50%)",397.6301538461572,0.0,0.0,397.6301538461572,57.48176842515777,79.52603076923144,287.40884212578885
