description,base lab cfm,equipment inc cfm,sash driven cfm,lab total cfm,savings cfm,lab total cad,savings cad
current operation,617.6999999999792,0.0,0.0,617.6999999999792,0.0,3088.4999999998963,0.0
reduced unoccupied ach,548.7518867924446,0.0,0.036373616566777685,548.7882604090113,68.91173959096795,2743.9413020450565,344.5586979548398
reduced unoccupied face velocity,617.6999999999792,0.0,0.01211266327783947,617.7121126632571,0.0,3088.560563316286,0.0
sash reduced 20%,617.6999999999792,0.0,0.0,617.6999999999792,0.0,3088.4999999998963,0.0
sash reduced 50%,617.6999999999792,0.0,0.0,617.6999999999792,0.0,3088.4999999998963,0.0
"reduced ach, sash reduced 20%",547.6761006289223,0.0,0.0,547.6761006289223,70.02389937105681,2738.380503144612,350.11949685528407
"reduced ach, sash reduced 50%",546.991509433954,0.0,0.0,546.991509433954,70.70849056602528,2734.95754716977,353.54245283012636
"all reduced (ach, face vel, sash 50%)",547.8716981131996,0.0,0.0,547.8716981131996,69.82830188677963,2739.358490565998,349.14150943389814
