description,base lab cfm,equipment inc cfm,sash driven cfm,lab total cfm,savings cfm,lab total cad,savings cad
current operation,282.28000000000117,242.72000000000102,140.6002674162307,635.6002674162304,0.0,127.12005348324608,0.0
reduced unoccupied ach,262.28838966202574,262.7116103379742,140.90760795070074,635.9076079507009,0.0,127.18152159014019,0.0
reduced unoccupied face velocity,282.28000000000117,242.72000000000102,104.2622065078642,599.2622065078641,36.33806090836629,119.85244130157282,181.69030454183144
sash reduced 20%,282.28000000000117,242.72000000000102,92.03700877014614,587.0370087701465,48.563258646083916,117.4074017540293,242.81629323041957
sash reduced 50%,282.28000000000117,242.72000000000102,49.21504797175419,544.2150479717544,91.38521944447596,108.84300959435089,456.92609722237984
"reduced ach, sash reduced 20%",263.25475149105176,261.7452485089484,92.12003935403996,587.1200393540403,48.480228062190115,117.42400787080805,242.40114031095058
"reduced ach, sash reduced 50%",263.13395626242357,261.8660437375765,49.4199861583914,544.4199861583911,91.18028125783928,108.88399723167822,455.9014062891964
"all reduced (ach, face vel, sash 50%)",263.5567395626224,261.44326043737783,49.41724669631305,544.4172466963131,91.1830207199173,108.88344933926263,455.9151035995865
