description,base lab cfm,equipment inc cfm,sash driven cfm,lab total cfm,savings cfm,lab total cad,savings cad
current operation,899.1200000000117,0.0,238.26447399755108,1107.3844739975657,0.0,221.47689479951313,0.0
reduced unoccupied ach,830.6452958579869,0.0,282.19907499002477,1082.8443708480204,24.540103149545303,216.56887416960407,122.70051574772651
reduced unoccupied face velocity,899.1200000000117,0.0,148.49761180605728,1017.617611806072,89.76686219149346,203.5235223612144,448.8343109574673
sash reduced 20%,899.1200000000117,0.0,127.35559564172468,996.4755956417398,110.90887835582566,199.29511912834795,554.5443917791283
sash reduced 50%,899.1200000000117,0.0,22.407440509350337,891.5274405093597,215.8570334882057,178.30548810187196,1079.2851674410285
"reduced ach, sash reduced 20%",829.8759171597617,0.0,152.94035982904012,952.8162769888124,154.56819700875315,190.56325539776248,772.8409850437657
"reduced ach, sash reduced 50%",832.7995562130168,0.0,28.412598617062997,831.2121548300807,276.1723191674847,166.24243096601614,1380.8615958374235
"all reduced (ach, face vel, sash 50%)",830.7991715976311,0.0,29.48438451066322,830.283556108296,277.10091788926945,166.0567112216592,1385.5045894463474
