description,base lab cfm,equipment inc cfm,sash driven cfm,lab total cfm,savings cfm,lab total cad,savings cad
current operation,447.9200000000106,0.0,4.760896933154748,452.6808969331615,0.0,2263.4044846658076,0.0
reduced unoccupied ach,398.85011884551176,0.0,23.832450147296893,422.6825689928024,29.99832794035916,2113.412844964012,149.9916397017958
reduced unoccupied face velocity,447.9200000000106,0.0,2.5099213297968914,450.42992132980606,2.2509756033554704,2252.1496066490304,11.254878016777353
sash reduced 20%,447.9200000000106,0.0,0.0,447.9200000000106,4.760896933150946,2239.600000000053,23.804484665754728
sash reduced 50%,447.9200000000106,0.0,0.0,447.9200000000106,4.760896933150946,2239.600000000053,23.804484665754728
"reduced ach, sash reduced 20%",398.3642784380416,0.0,3.990470289871848,402.35474872791156,50.32614820525003,2011.7737436395578,251.63074102625015
"reduced ach, sash reduced 50%",398.43368421053736,0.0,0.0,398.43368421053736,54.24721272262417,1992.1684210526869,271.23606361312085
"all reduced (ach, face vel, sash 50%)",398.1560611205543,0.0,0.0,398.1560611205543,54.52483581260725,1990.7803056027715,272.62417906303625
