description,base lab cfm,equipment inc cfm,sash driven cfm,lab total cfm,savings cfm,lab total cad,savings cad
current operation,432.90000000000566,0.0,72.41555208314209,505.3155520831488,0.0,2526.5777604157443,0.0
reduced unoccupied ach,412.38423855165337,1.8875399361022416,78.60066496281003,492.87244345056763,12.44310863258113,2464.362217252838,62.21554316290565
reduced unoccupied face velocity,432.90000000000566,0.0,57.77117452141663,490.67117452142253,14.64437756172623,2453.355872607113,73.22188780863115
sash reduced 20%,432.90000000000566,0.0,40.888670278244426,473.7886702782504,31.52688180489833,2368.943351391252,157.63440902449165
sash reduced 50%,432.90000000000566,0.0,7.556748835817458,440.4567488358226,64.85880324732614,2202.283744179113,324.2940162366307
"reduced ach, sash reduced 20%",411.60638977636046,1.9591054313099103,45.63665946120412,459.20215466887606,46.11339741427275,2296.01077334438,230.56698707136374
"reduced ach, sash reduced 50%",409.46730564430453,2.155910543130999,9.93015301835976,421.5533692057963,83.76218287735247,2107.7668460289815,418.81091438676236
"all reduced (ach, face vel, sash 50%)",411.02300319489024,2.012779552715662,9.545897493471973,422.5816802410788,82.73387184206996,2112.908401205394,413.6693592103498
