,per_hour_hood_data_count,occupancy,min_lab_cfm,min_hood_cfm,min_additional_hood_cfm,min_possible_lab_cfm,calc_hood_cfm,stream_hood_cfm,stream_and_calc_hood_cfm_std,stream_and_calc_hood_cfm_mean,calc_total_lab_cfm,stream_total_lab_cfm,calc_excess_cfm,stream_excess_cfm,description
0,1.0,0.9774859287054409,262.1099999999906,175.0,0.0,262.1099999999906,222.6087433303388,228.93082353276336,33.80087079998717,225.76978343155,294.12236004740777,274.411115626425,32.0123600474157,12.301115626433175,current operation
1,1.0,0.9762351469668543,260.6832374400573,175.0,0.0,260.6832374400573,222.5612700062726,228.93082353276336,33.801889906641726,225.74604676951688,292.91846251068574,273.3124050656581,32.235225070626974,12.629167625599322,reduced unoccupied ach
2,1.0,0.9662288930581614,262.1099999999906,175.0,0.0,262.1099999999906,222.6536822704175,228.93082353276336,33.84890547144192,225.7922529015893,294.1958777002558,274.411115626425,32.08587770026356,12.301115626433175,reduced unoccupied face velocity
3,1.0,0.9743589743589743,262.1099999999906,175.0,0.0,262.1099999999906,206.4787224690613,228.93082353276336,24.96440268674009,217.70477300091147,278.74132889010957,274.411115626425,16.631328890117803,12.301115626433175,sash reduced 20%
4,1.0,0.9774859287054409,262.1099999999906,175.0,0.0,262.1099999999906,183.68489203016244,228.93082353276336,31.993704986591638,206.30785778146154,262.47624730035477,274.411115626425,0.36624730036423125,12.301115626433175,sash reduced 50%
5,1.0,0.9799874921826142,260.9085157389941,175.0,0.0,260.9085157389941,206.8831084641499,228.93082353276336,25.18203632481809,217.90696599845603,278.06950297108733,273.44289739002744,17.160987232092303,12.534381651031879,"reduced ach, sash reduced 20%"
6,1.0,0.975609756097561,260.64569105690117,175.0,0.0,260.64569105690117,183.7721844061528,228.93082353276336,31.931979955583,206.35150396945662,261.1165216862892,273.22613069417594,0.4708306293880424,12.580439637273287,"reduced ach, sash reduced 50%"
7,1.0,0.9799874921826142,260.90851573899414,175.0,0.0,260.90851573899414,183.77450646124862,228.93082353276336,31.93033801467838,206.35266499700467,261.3655665716259,273.39686558681706,0.4570508326317362,12.488349847821542,"all reduced (ach, face vel, sash 50%)"
