,description,base lab cfm,hood inc cfm,sash driven cfm,lab total cfm,savings cad
0,current operation,262.1099999999906,0.0,32.0123600474157,294.12236004740777,
1,reduced unoccupied ach,260.6832374400573,0.0,32.235225070626974,292.91846251068574,00:00
2,reduced unoccupied face velocity,262.1099999999906,0.0,32.08587770026356,294.1958777002558,
3,sash reduced 20%,262.1099999999906,0.0,16.631328890117803,278.74132889010957,00:0000:0000:0000:0000:0000:0000:0000:0000:0000:0000:0000:0000:0000:0000:00
4,sash reduced 50%,262.1099999999906,0.0,0.36624730036423125,262.47624730035477,00:0000:0000:0000:0000:0000:0000:0000:0000:0000:0000:0000:0000:0000:0000:0000:0000:0000:0000:0000:0000:0000:0000:0000:0000:0000:0000:0000:0000:0000:0000:00
5,"reduced ach, sash reduced 20%",260.9085157389941,0.0,17.160987232092303,278.06950297108733,00:0000:0000:0000:0000:0000:0000:0000:0000:0000:0000:0000:0000:0000:0000:0000:00
6,"reduced ach, sash reduced 50%",260.64569105690117,0.0,0.4708306293880424,261.1165216862892,00:0000:0000:0000:0000:0000:0000:0000:0000:0000:0000:0000:0000:0000:0000:0000:0000:0000:0000:0000:0000:0000:0000:0000:0000:0000:0000:0000:0000:0000:0000:0000:0000:00
7,"all reduced (ach, face vel, sash 50%)",260.90851573899414,0.0,0.4570508326317362,261.3655665716259,00:0000:0000:0000:0000:0000:0000:0000:0000:0000:0000:0000:0000:0000:0000:0000:0000:0000:0000:0000:0000:0000:0000:0000:0000:0000:0000:0000:0000:0000:0000:0000:00
