,per_hour_hood_data_count,occupancy,min_lab_cfm,min_hood_cfm,min_additional_hood_cfm,min_possible_lab_cfm,calc_hood_cfm,stream_hood_cfm,stream_and_calc_hood_cfm_std,stream_and_calc_hood_cfm_mean,calc_total_lab_cfm,stream_total_lab_cfm,calc_excess_cfm,stream_excess_cfm
count,1802.0,1802,1802.0,1802.0,1802.0,1802.0,1802.0,1802.0,1802.0,1802.0,1802.0,1802.0,1802.0,1802.0
mean,1.0,0.61376248612652606,549.6320754716896,175.0,0.0,549.6320754716896,181.55541685448625,600.1118934800745,295.96412293150377,390.8336551672802,549.6320754716896,610.9139421667118,0.0,61.28186669503036
std,0.0,0.48702127527193001,85.8293827454802,0.0,0.0,85.8293827454802,27.944906773994845,0.799241953206326,19.705055942824924,14.022613390616687,85.8293827454802,8.57270478151469,0.0,77.27435311283011
min,1.0,False,441.46666666666664,175.0,0.0,441.46666666666664,175.0,595.40528,74.27584338139283,385.20264,441.46666666666664,595.40528,0.0,0.0
25%,1.0,0.0,441.46666666666664,175.0,0.0,441.46666666666664,175.0,599.6430399999999,300.2679731676703,387.32151999999996,441.46666666666664,599.6430399999999,0.0,0.0
50%,1.0,1.0,617.7,175.0,0.0,617.7,175.0,599.6430399999999,300.2679731676703,387.32151999999996,617.7,617.7,0.0,0.0
75%,1.0,1.0,617.7,175.0,0.0,617.7,175.0,600.7024799999999,300.7673979731771,387.85123999999996,617.7,617.7,0.0,158.1763733333333
max,1.0,True,617.7,175.0,0.0,617.7,496.7200149333334,601.7619199999999,301.7662475841908,549.2409674666667,617.7,617.7,0.0,160.29525333333328
