,per_hour_hood_data_count,occupancy,min_lab_cfm,min_hood_cfm,min_additional_hood_cfm,min_possible_lab_cfm,calc_hood_cfm,stream_hood_cfm,stream_and_calc_hood_cfm_std,stream_and_calc_hood_cfm_mean,calc_total_lab_cfm,stream_total_lab_cfm,calc_excess_cfm,stream_excess_cfm
count,1802.0,1802,1802.0,1802.0,1802.0,1802.0,1802.0,1802.0,1802.0,1802.0,1802.0,1802.0,1802.0,1802.0
mean,1.0,0.60099889012208652,547.3827044025076,175.0,0.0,547.3827044025076,186.86112398079035,600.1118934800745,292.21282255442145,393.48650873043226,547.3893527111128,610.6875858959015,0.006648308605253462,63.30488149340253
std,0.0,0.48982892116974314,86.32418354087032,0.0,0.0,86.32418354087032,45.43194047581228,0.799241953206326,32.0676104148241,22.76108318911104,86.3164828143065,8.625096359238356,0.28222050452413694,77.71729487900495
min,1.0,False,441.46666666666664,175.0,0.0,441.46666666666664,175.0,595.40528,0.36140093681940155,385.20264,441.46666666666664,595.40528,0.0,0.0
25%,1.0,0.0,441.46666666666664,175.0,0.0,441.46666666666664,175.0,599.6430399999999,300.2679731676703,387.32151999999996,441.46666666666664,599.6430399999999,0.0,0.0
50%,1.0,1.0,617.7,175.0,0.0,617.7,175.0,599.6430399999999,300.2679731676703,387.32151999999996,617.7,617.7,0.0,0.0
75%,1.0,1.0,617.7,175.0,0.0,617.7,175.0,600.7024799999999,300.7673979731771,387.85123999999996,617.7,617.7,0.0,158.1763733333333
max,1.0,True,617.7,175.0,0.0,617.7,602.2730181066667,601.7619199999999,301.7662475841908,602.0174690533333,617.7,617.7,11.98025210666674,160.29525333333328
