,per_hour_hood_data_count,occupancy,min_lab_cfm,min_hood_cfm,min_additional_hood_cfm,min_possible_lab_cfm,calc_hood_cfm,stream_hood_cfm,stream_and_calc_hood_cfm_std,stream_and_calc_hood_cfm_mean,calc_total_lab_cfm,stream_total_lab_cfm,calc_excess_cfm,stream_excess_cfm
count,3953.0,3953,3953.0,3953.0,3953.0,3953.0,1802.0,1805.0,1802.0,1805.0,3953.0,3953.0,3953.0,3953.0
mean,0.45585631166202883,0.59600303566911206,546.5022683193857,175.0,0.0,546.5022683193857,175.86991961715626,600.1122881169497,299.9843765824379,388.34385684244006,546.5022683193857,576.0851896309158,0.0,29.582921311521556
std,0.49811053071173583,0.49075894706091405,86.48808510384407,0.0,0.0,86.48808510384407,6.381342792511722,0.7996737835190939,4.47162894022819,9.248524070238423,86.48808510384407,71.30237997270058,0.0,61.805605749157195
min,0.0,False,441.46666666666664,175.0,0.0,441.46666666666664,175.0,595.40528,208.18384054099994,385.20264,441.46666666666664,441.46666666666664,0.0,0.0
25%,0.0,False,441.46666666666664,175.0,0.0,441.46666666666664,175.0,599.6430399999999,300.2679731676703,387.32151999999996,441.46666666666664,599.6430399999999,0.0,0.0
50%,0.0,1.0,617.7,175.0,0.0,617.7,175.0,599.6430399999999,300.2679731676703,387.32151999999996,617.7,617.7,0.0,0.0
75%,1.0,True,617.7,175.0,0.0,617.7,175.0,600.7024799999999,300.7673979731771,387.85123999999996,617.7,617.7,0.0,0.0
max,1.0,True,617.7,175.0,0.0,617.7,307.34550924,601.7619199999999,301.7662475841908,601.7619199999999,617.7,617.7,0.0,160.29525333333328
