,per_hour_hood_data_count,occupancy,min_lab_cfm,min_hood_cfm,min_additional_hood_cfm,min_possible_lab_cfm,calc_hood_cfm,stream_hood_cfm,stream_and_calc_hood_cfm_std,stream_and_calc_hood_cfm_mean,calc_total_lab_cfm,stream_total_lab_cfm,calc_excess_cfm,stream_excess_cfm
count,1802.0,1802,1802.0,1802.0,1802.0,1802.0,1802.0,1802.0,1802.0,1802.0,1802.0,1802.0,1802.0,1802.0
mean,1.0,0.60432852386237512,547.9694968553379,175.0,0.0,547.9694968553379,186.87421192907055,600.1118934800745,292.2181864884387,393.49305270457256,547.9945865550864,610.745781873211,0.025089699748427632,62.776285017881484
std,0.0,0.48913017421322491,86.20104103556226,0.0,0.0,86.20104103556226,45.578870726152786,0.799241953206326,32.03669550045857,22.835714617494396,86.17766391847903,8.612665134136972,0.8314055176032599,77.60597381036334
min,1.0,False,441.46666666666664,175.0,0.0,441.46666666666664,175.0,595.40528,13.532679346213701,385.20264,441.46666666666664,595.40528,0.0,0.0
25%,1.0,0.0,441.46666666666664,175.0,0.0,441.46666666666664,175.0,599.6430399999999,300.2679731676703,387.32151999999996,441.46666666666664,599.6430399999999,0.0,0.0
50%,1.0,1.0,617.7,175.0,0.0,617.7,175.0,599.6430399999999,300.2679731676703,387.32151999999996,617.7,617.7,0.0,0.0
75%,1.0,1.0,617.7,175.0,0.0,617.7,175.0,600.7024799999999,300.7673979731771,387.85123999999996,617.7,617.7,0.0,158.1763733333333
max,1.0,True,617.7,175.0,0.0,617.7,620.9000186666667,601.7619199999999,301.7662475841908,611.3309693333333,620.9000186666667,617.7,34.297171719999994,160.29525333333328
