,per_hour_hood_data_count,occupancy,min_lab_cfm,min_hood_cfm,min_additional_hood_cfm,min_possible_lab_cfm,calc_hood_cfm,stream_hood_cfm,stream_and_calc_hood_cfm_std,stream_and_calc_hood_cfm_mean,calc_total_lab_cfm,stream_total_lab_cfm,calc_excess_cfm,stream_excess_cfm
count,1802.0,1802,1802.0,1802.0,1802.0,1802.0,1802.0,1802.0,1802.0,1802.0,1802.0,1802.0,1802.0,1802.0
mean,1.0,0.59100998890122092,545.6223270440173,175.0,0.0,545.6223270440173,175.86991961715626,600.1118934800745,299.9843765824379,387.99090654861504,545.6223270440173,610.5176033727793,0.0,64.89527632877065
std,0.0,0.49178389022094232,86.66871425332262,0.0,0.0,86.66871425332262,6.381342792511722,0.799241953206326,4.47162894022819,3.2683985500029795,86.66871425332262,8.65331827681416,0.0,78.03422757583189
min,1.0,False,441.46666666666664,175.0,0.0,441.46666666666664,175.0,595.40528,208.18384054099994,385.20264,441.46666666666664,595.40528,0.0,0.0
25%,1.0,0.0,441.46666666666664,175.0,0.0,441.46666666666664,175.0,599.6430399999999,300.2679731676703,387.32151999999996,441.46666666666664,599.6430399999999,0.0,0.0
50%,1.0,1.0,617.7,175.0,0.0,617.7,175.0,599.6430399999999,300.2679731676703,387.32151999999996,617.7,617.7,0.0,0.0
75%,1.0,1.0,617.7,175.0,0.0,617.7,175.0,600.7024799999999,300.7673979731771,387.85123999999996,617.7,617.7,0.0,158.1763733333333
max,1.0,True,617.7,175.0,0.0,617.7,307.34550924,601.7619199999999,301.7662475841908,454.55371461999994,617.7,617.7,0.0,160.29525333333328
