,per_hour_hood_data_count,occupancy,min_lab_cfm,min_hood_cfm,min_additional_hood_cfm,min_possible_lab_cfm,calc_hood_cfm,stream_hood_cfm,stream_and_calc_hood_cfm_std,stream_and_calc_hood_cfm_mean,calc_total_lab_cfm,stream_total_lab_cfm,calc_excess_cfm,stream_excess_cfm
count,1802.0,1802,1802.0,1802.0,1802.0,1802.0,1802.0,1802.0,1802.0,1802.0,1802.0,1802.0,1802.0,1802.0
mean,1.0,0.59211986681465034,545.8179245282943,175.0,0.0,545.8179245282943,175.89110890672092,600.1118934800745,299.9693934920982,388.00150119339736,545.8179245282943,610.5194024022528,0.0,64.70147787396738
std,0.0,0.49157708453887033,86.63226819861647,0.0,0.0,86.63226819861647,6.498390136755167,0.799241953206326,4.555042623247426,3.325616392248006,86.63226819861647,8.66957697223659,0.0,77.97993701516484
min,1.0,False,441.46666666666664,175.0,0.0,441.46666666666664,175.0,595.40528,212.57426667738022,385.20264,441.46666666666664,595.40528,0.0,0.0
25%,1.0,0.0,441.46666666666664,175.0,0.0,441.46666666666664,175.0,599.6430399999999,300.2679731676703,387.32151999999996,441.46666666666664,599.6430399999999,0.0,0.0
50%,1.0,1.0,617.7,175.0,0.0,617.7,175.0,599.6430399999999,300.2679731676703,387.32151999999996,617.7,617.7,0.0,0.0
75%,1.0,1.0,617.7,175.0,0.0,617.7,175.0,600.7024799999999,300.7673979731771,387.85123999999996,617.7,617.7,0.0,158.1763733333333
max,1.0,True,617.7,175.0,0.0,617.7,301.1365090533333,601.7619199999999,301.7662475841908,451.44921452666665,617.7,617.7,0.0,160.29525333333328
