,per_hour_hood_data_count,occupancy,min_lab_cfm,min_hood_cfm,min_additional_hood_cfm,min_possible_lab_cfm,calc_hood_cfm,stream_hood_cfm,stream_and_calc_hood_cfm_std,stream_and_calc_hood_cfm_mean,calc_total_lab_cfm,stream_total_lab_cfm,calc_excess_cfm,stream_excess_cfm
count,1802.0,1802,1802.0,1802.0,1802.0,1802.0,1802.0,1802.0,1802.0,1802.0,1802.0,1802.0,1802.0,1802.0
mean,1.0,0.6082130965593785,617.6999999999792,175.0,0.0,617.6999999999792,182.8215718995347,600.1118934800745,295.06881611311627,391.4667326898045,617.6999999999792,617.6999999999792,0.0,0.0
std,0.0,0.48828499415778431,0.00015670582791905922,0.0,0.0,0.00015670582791905922,35.70640521507767,0.799241953206326,25.2005784570907,17.895767747145797,0.00015670582791905922,0.00015670582791905922,0.0,0.0
min,1.0,False,617.7,175.0,0.0,617.7,175.0,595.40528,56.222990988651304,385.20264,617.7,617.7,0.0,0.0
25%,1.0,0.0,617.7,175.0,0.0,617.7,175.0,599.6430399999999,300.2679731676703,387.32151999999996,617.7,617.7,0.0,0.0
50%,1.0,1.0,617.7,175.0,0.0,617.7,175.0,599.6430399999999,300.2679731676703,387.32151999999996,617.7,617.7,0.0,0.0
75%,1.0,1.0,617.7,175.0,0.0,617.7,175.0,600.7024799999999,300.7673979731771,387.85123999999996,617.7,617.7,0.0,0.0
max,1.0,True,617.7,175.0,0.0,617.7,520.1317236266667,601.7619199999999,301.7662475841908,559.8873818133334,617.7,617.7,0.0,0.0
