,per_hour_hood_data_count,occupancy,min_lab_cfm,min_hood_cfm,min_additional_hood_cfm,min_possible_lab_cfm,calc_hood_cfm,stream_hood_cfm,stream_and_calc_hood_cfm_std,stream_and_calc_hood_cfm_mean,calc_total_lab_cfm,stream_total_lab_cfm,calc_excess_cfm,stream_excess_cfm
count,3953.0,3953,3953.0,3953.0,3953.0,3953.0,1802.0,1805.0,1802.0,1805.0,3953.0,3953.0,3953.0,3953.0
mean,0.45585631166202883,0.61042246395142929,549.0434522303404,175.0,0.0,549.0434522303404,181.55541685448625,600.1122881169497,295.96412293150377,391.18188067115733,549.0434522303404,577.0191922146082,0.0,27.975739984259555
std,0.49811053071173583,0.4877161605487616,85.95184469418498,0.0,0.0,85.95184469418498,27.944906773994845,0.7996737835190939,19.705055942824924,16.406893868663023,85.95184469418498,70.88185914787275,0.0,60.47414124341276
min,0.0,False,441.46666666666664,175.0,0.0,441.46666666666664,175.0,595.40528,74.27584338139283,385.20264,441.46666666666664,441.46666666666664,0.0,0.0
25%,0.0,False,441.46666666666664,175.0,0.0,441.46666666666664,175.0,599.6430399999999,300.2679731676703,387.32151999999996,441.46666666666664,599.6430399999999,0.0,0.0
50%,0.0,1.0,617.7,175.0,0.0,617.7,175.0,599.6430399999999,300.2679731676703,387.32151999999996,617.7,617.7,0.0,0.0
75%,1.0,True,617.7,175.0,0.0,617.7,175.0,600.7024799999999,300.7673979731771,387.85123999999996,617.7,617.7,0.0,0.0
max,1.0,True,617.7,175.0,0.0,617.7,496.7200149333334,601.7619199999999,301.7662475841908,601.7619199999999,617.7,617.7,0.0,160.29525333333328
