,per_hour_hood_data_count,occupancy,min_lab_cfm,min_hood_cfm,min_additional_hood_cfm,min_possible_lab_cfm,calc_hood_cfm,stream_hood_cfm,stream_and_calc_hood_cfm_std,stream_and_calc_hood_cfm_mean,calc_total_lab_cfm,stream_total_lab_cfm,calc_excess_cfm,stream_excess_cfm
count,1802.0,1802,1802.0,1802.0,1802.0,1802.0,1802.0,1802.0,1802.0,1802.0,1802.0,1802.0,1802.0,1802.0
mean,1.0,0.59100998890122092,545.6223270440174,175.0,0.0,545.6223270440174,181.51209420394986,600.1118934800745,295.994756671477,390.8119938420121,545.6223270440174,610.5095194105153,0.0,64.88719236650648
std,0.0,0.49178389022094232,86.66871425332072,0.0,0.0,86.66871425332072,28.02063880390488,0.799241953206326,19.756632181728584,14.061836144732265,86.66871425332072,8.662514287088115,0.0,78.02445125760003
min,1.0,False,441.46666666666664,175.0,0.0,441.46666666666664,175.0,595.40528,84.81286610870659,385.20264,441.46666666666664,595.40528,0.0,0.0
25%,1.0,0.0,441.46666666666664,175.0,0.0,441.46666666666664,175.0,599.6430399999999,300.2679731676703,387.32151999999996,441.46666666666664,599.6430399999999,0.0,0.0
50%,1.0,1.0,617.7,175.0,0.0,617.7,175.0,599.6430399999999,300.2679731676703,387.32151999999996,617.7,617.7,0.0,0.0
75%,1.0,1.0,617.7,175.0,0.0,617.7,175.0,600.7024799999999,300.7673979731771,387.85123999999996,617.7,617.7,0.0,158.1763733333333
max,1.0,True,617.7,175.0,0.0,617.7,481.81841448533345,601.7619199999999,301.7662475841908,541.7901672426667,617.7,617.7,0.0,160.29525333333328
