,description,base lab cfm,hood inc cfm,sash driven cfm,lab total cfm,savings cad
0,current operation,450.2399999999925,0.0,0.0,450.2399999999925,
1,reduced unoccupied ach,446.92980477222716,0.0,0.0,446.92980477222716,00:0000:0000:00
2,reduced unoccupied face velocity,450.2399999999925,0.0,0.0,450.2399999999925,
3,sash reduced 20%,450.2399999999925,0.0,0.0,450.2399999999925,
4,sash reduced 50%,450.2399999999925,0.0,0.0,450.2399999999925,
5,"reduced ach, sash reduced 20%",447.2608242950036,0.0,0.0,447.2608242950036,00:0000:00
6,"reduced ach, sash reduced 50%",447.2608242950037,0.0,0.0,447.2608242950037,00:0000:00
7,"all reduced (ach, face vel, sash 50%)",446.59878524945054,0.0,0.0,446.59878524945054,00:0000:0000:00
