,per_hour_hood_data_count,occupancy,min_lab_cfm,min_hood_cfm,min_additional_hood_cfm,min_possible_lab_cfm,calc_hood_cfm,stream_hood_cfm,stream_and_calc_hood_cfm_std,stream_and_calc_hood_cfm_mean,calc_total_lab_cfm,stream_total_lab_cfm,calc_excess_cfm,stream_excess_cfm,description
0,1.0,0.9804772234273319,450.2399999999925,175.0,0.0,450.2399999999925,175.0,598.229926677519,299.2687511547599,386.61496333876244,450.2399999999925,598.229926677519,0.0,147.98992667751529,current operation
1,1.0,0.972885032537961,446.92980477222716,175.0,0.0,446.92980477222716,175.0,598.229926677519,299.2687511547599,386.61496333876244,446.92980477222716,598.229926677519,0.0,151.30012190528043,reduced unoccupied ach
2,1.0,0.9761388286334056,450.2399999999925,175.0,0.0,450.2399999999925,175.0,598.229926677519,299.2687511547599,386.61496333876244,450.2399999999925,598.229926677519,0.0,147.98992667751529,reduced unoccupied face velocity
3,1.0,0.9761388286334056,450.2399999999925,175.0,0.0,450.2399999999925,175.0,598.229926677519,299.2687511547599,386.61496333876244,450.2399999999925,598.229926677519,0.0,147.98992667751529,sash reduced 20%
4,1.0,0.9783080260303688,450.2399999999925,175.0,0.0,450.2399999999925,175.0,598.229926677519,299.2687511547599,386.61496333876244,450.2399999999925,598.229926677519,0.0,147.98992667751529,sash reduced 50%
5,1.0,0.9755965292841648,447.2608242950036,175.0,0.0,447.2608242950036,175.0,598.229926677519,299.2687511547599,386.61496333876244,447.2608242950036,598.229926677519,0.0,150.96910238250402,"reduced ach, sash reduced 20%"
6,1.0,0.9755965292841648,447.2608242950037,175.0,0.0,447.2608242950037,175.0,598.229926677519,299.2687511547599,386.61496333876244,447.2608242950037,598.229926677519,0.0,150.96910238250396,"reduced ach, sash reduced 50%"
7,1.0,0.970173535791757,446.59878524945054,175.0,0.0,446.59878524945054,175.0,598.229926677519,299.2687511547599,386.61496333876244,446.59878524945054,598.229926677519,0.0,151.63114142805702,"all reduced (ach, face vel, sash 50%)"
