,per_hour_hood_data_count,occupancy,min_lab_cfm,min_hood_cfm,min_additional_hood_cfm,min_possible_lab_cfm,calc_hood_cfm,stream_hood_cfm,stream_and_calc_hood_cfm_std,stream_and_calc_hood_cfm_mean,calc_total_lab_cfm,stream_total_lab_cfm,calc_excess_cfm,stream_excess_cfm
count,4812.0,4812,4812.0,4812.0,4812.0,4812.0,1929.0,1933.0,1929.0,1933.0,4812.0,4812.0,4812.0,4812.0
mean,0.4008728179551122,0.55881130507065668,700.5600000000468,175.0,0.0,700.5600000000468,437.8646799933825,598.1788576248852,130.58058792145198,518.1886065121906,701.0131941233842,700.5600000000468,0.45319412333758125,0.0
std,0.49012623229573044,0.49658078468163558,0.00020740166179706218,0.0,0.0,0.00020740166179706218,161.48230179236904,1.1647968990857218,94.00510352042077,80.73924901500187,4.940586193002243,0.00020740166179706218,4.940586197290943,0.0
min,0.0,False,700.5600000000001,175.0,0.0,700.5600000000001,175.0,595.40528,0.2703440061352236,385.20264,700.5600000000001,700.5600000000001,0.0,0.0
25%,0.0,0.0,700.5600000000001,175.0,0.0,700.5600000000001,316.9420722346667,597.5241599999999,48.7756386828307,457.757269248,700.5600000000001,700.5600000000001,0.0,0.0
50%,0.0,1.0,700.5600000000001,175.0,0.0,700.5600000000001,451.6343846186667,598.0538799999999,106.03856007082017,525.6387123093333,700.5600000000001,700.5600000000001,0.0,0.0
75%,1.0,1.0,700.5600000000001,175.0,0.0,700.5600000000001,552.5788825386667,599.6430399999999,199.48795236550356,576.0926133333334,700.5600000000001,700.5600000000001,0.0,0.0
max,1.0,True,700.5600000000001,175.0,0.0,700.5600000000001,770.0,599.6430399999999,300.2679731676703,684.82152,770.0,700.5600000000001,69.43999999999994,0.0
