,per_hour_hood_data_count,occupancy,min_lab_cfm,min_hood_cfm,min_additional_hood_cfm,min_possible_lab_cfm,calc_hood_cfm,stream_hood_cfm,stream_and_calc_hood_cfm_std,stream_and_calc_hood_cfm_mean,calc_total_lab_cfm,stream_total_lab_cfm,calc_excess_cfm,stream_excess_cfm
count,1929.0,1929,1929.0,1929.0,1929.0,1929.0,1929.0,1929.0,1929.0,1929.0,1929.0,1929.0,1929.0,1929.0
mean,1.0,0.5640228097459824,620.113488854353,175.0,0.0,620.113488854353,283.27059850774265,598.1769199113025,222.6723953029632,440.7237592095214,620.113488854353,655.9003039341272,0.0,35.78681507977649
std,0.0,0.49601272351229519,91.52426774227811,0.0,0.0,91.52426774227811,87.14859428397867,1.1644761674070405,61.63584237590152,43.57325111255652,91.52426774227811,50.81490076334627,0.0,40.72153608192102
min,1.0,False,516.04,175.0,0.0,516.04,175.0,595.40528,71.28326147396463,385.20264,516.04,595.40528,0.0,0.0
25%,1.0,False,516.04,175.0,0.0,516.04,198.66558656,597.5241599999999,178.97822417660007,398.35973328,516.04,598.2304533333332,0.0,0.0
50%,1.0,1.0,700.5600000000001,175.0,0.0,700.5600000000001,282.27149038666664,598.0538799999999,223.9227416321832,440.82508185999995,700.5600000000001,700.5600000000001,0.0,0.0
75%,1.0,True,700.5600000000001,175.0,0.0,700.5600000000001,345.30951961333335,599.6430399999999,282.35473344630174,471.44010000000003,700.5600000000001,700.5600000000001,0.0,81.48415999999997
max,1.0,True,700.5600000000001,175.0,0.0,700.5600000000001,497.0514418903703,599.6430399999999,300.2679731676703,547.5820898340739,700.5600000000001,700.5600000000001,0.0,83.60303999999996
