,per_hour_hood_data_count,occupancy,min_lab_cfm,min_hood_cfm,min_additional_hood_cfm,min_possible_lab_cfm,calc_hood_cfm,stream_hood_cfm,stream_and_calc_hood_cfm_std,stream_and_calc_hood_cfm_mean,calc_total_lab_cfm,stream_total_lab_cfm,calc_excess_cfm,stream_excess_cfm
count,4812.0,4812,4812.0,4812.0,4812.0,4812.0,1929.0,1933.0,1929.0,1933.0,4812.0,4812.0,4812.0,4812.0
mean,0.4008728179551122,0.57128013300083125,700.5600000000468,175.0,0.0,700.5600000000468,283.1173682398526,598.1788576248852,222.78074546447138,440.97506166672866,700.5600000000468,700.5600000000468,0.0,0.0
std,0.49012623229573044,0.49494449264158996,0.00020740166179706218,0.0,0.0,0.00020740166179706218,87.17063333454568,1.1647968990857218,61.6541116829772,44.129075045587065,0.00020740166179706218,0.00020740166179706218,0.0,0.0
min,0.0,False,700.5600000000001,175.0,0.0,700.5600000000001,175.0,595.40528,71.54066206961414,385.20264,700.5600000000001,700.5600000000001,0.0,0.0
25%,0.0,0.0,700.5600000000001,175.0,0.0,700.5600000000001,198.08879514666666,597.5241599999999,179.12622070666373,398.54287551999994,700.5600000000001,700.5600000000001,0.0,0.0
50%,0.0,1.0,700.5600000000001,175.0,0.0,700.5600000000001,282.88434519333333,598.0538799999999,223.9227416321832,440.9572651933333,700.5600000000001,700.5600000000001,0.0,0.0
75%,1.0,1.0,700.5600000000001,175.0,0.0,700.5600000000001,345.9399875555556,599.6430399999999,282.56748773462505,472.37327328,700.5600000000001,700.5600000000001,0.0,0.0
max,1.0,True,700.5600000000001,175.0,0.0,700.5600000000001,496.7144048533333,599.6430399999999,300.2679731676703,599.6430399999999,700.5600000000001,700.5600000000001,0.0,0.0
