,per_hour_hood_data_count,occupancy,min_lab_cfm,min_hood_cfm,min_additional_hood_cfm,min_possible_lab_cfm,calc_hood_cfm,stream_hood_cfm,stream_and_calc_hood_cfm_std,stream_and_calc_hood_cfm_mean,calc_total_lab_cfm,stream_total_lab_cfm,calc_excess_cfm,stream_excess_cfm
count,4812.0,4812,4812.0,4812.0,4812.0,4812.0,1929.0,1933.0,1929.0,1933.0,4812.0,4812.0,4812.0,4812.0
mean,0.4008728179551122,0.56296758104738154,619.9187780549012,175.0,0.0,619.9187780549012,532.6660157708891,598.1788576248852,116.40616248437235,565.4911871419922,638.8668968850318,634.3545993798286,18.948118830134064,14.435821324928403
std,0.49012623229573044,0.49607078512049163,91.5349812702075,0.0,0.0,91.5349812702075,192.2636420030992,1.1647968990857218,84.11687932329512,96.03899256045224,92.66790426365463,79.72601998987932,54.546282021054736,31.26275452826714
min,0.0,False,516.04,175.0,0.0,516.04,175.0,595.40528,0.3781759234013888,385.20264,516.04,516.04,0.0,0.0
25%,0.0,0.0,516.04,175.0,0.0,516.04,396.1775902933333,597.5241599999999,45.49364103964464,496.4189739644444,516.04,516.04,0.0,0.0
50%,0.0,1.0,700.5600000000001,175.0,0.0,700.5600000000001,566.7386485599999,598.0538799999999,118.79335721974766,583.0180665599999,700.5600000000001,700.5600000000001,0.0,0.0
75%,1.0,1.0,700.5600000000001,175.0,0.0,700.5600000000001,691.6466293333333,599.6430399999999,142.9843253177379,645.0823892999999,700.5600000000001,700.5600000000001,0.0,0.0
max,1.0,True,700.5600000000001,175.0,0.0,700.5600000000001,770.0,599.6430399999999,300.2679731676703,684.82152,770.0,700.5600000000001,253.96000000000004,83.60303999999996
