,per_hour_hood_data_count,occupancy,min_lab_cfm,min_hood_cfm,min_additional_hood_cfm,min_possible_lab_cfm,calc_hood_cfm,stream_hood_cfm,stream_and_calc_hood_cfm_std,stream_and_calc_hood_cfm_mean,calc_total_lab_cfm,stream_total_lab_cfm,calc_excess_cfm,stream_excess_cfm
count,1929.0,1929,1929.0,1929.0,1929.0,1929.0,1929.0,1929.0,1929.0,1929.0,1929.0,1929.0,1929.0,1929.0
mean,1.0,0.56039398652151373,700.5600000000333,175.0,0.0,700.5600000000333,437.8646799933825,598.1769199113025,130.58058792145198,518.0207999523404,701.6905184663368,700.5600000000333,1.1305184663040129,0.0
std,0.0,0.49646786665344311,0.0002626840069742694,0.0,0.0,0.0002626840069742694,161.48230179236904,1.1644761674070405,94.00510352042077,80.73867850128977,7.755218292737115,0.0002626840069742694,7.755218297118434,0.0
min,1.0,False,700.5600000000001,175.0,0.0,700.5600000000001,175.0,595.40528,0.2703440061352236,385.20264,700.5600000000001,700.5600000000001,0.0,0.0
25%,1.0,False,700.5600000000001,175.0,0.0,700.5600000000001,316.9420722346667,597.5241599999999,48.7756386828307,457.4307963786666,700.5600000000001,700.5600000000001,0.0,0.0
50%,1.0,1.0,700.5600000000001,175.0,0.0,700.5600000000001,451.6343846186667,598.0538799999999,106.03856007082017,525.6387123093333,700.5600000000001,700.5600000000001,0.0,0.0
75%,1.0,True,700.5600000000001,175.0,0.0,700.5600000000001,552.5788825386667,599.6430399999999,199.48795236550356,575.5394156906666,700.5600000000001,700.5600000000001,0.0,0.0
max,1.0,True,700.5600000000001,175.0,0.0,700.5600000000001,770.0,599.6430399999999,300.2679731676703,684.82152,770.0,700.5600000000001,69.43999999999994,0.0
