,per_hour_hood_data_count,occupancy,min_lab_cfm,min_hood_cfm,min_additional_hood_cfm,min_possible_lab_cfm,calc_hood_cfm,stream_hood_cfm,stream_and_calc_hood_cfm_std,stream_and_calc_hood_cfm_mean,calc_total_lab_cfm,stream_total_lab_cfm,calc_excess_cfm,stream_excess_cfm
count,4812.0,4812,4812.0,4812.0,4812.0,4812.0,1929.0,1933.0,1929.0,1933.0,4812.0,4812.0,4812.0,4812.0
mean,0.4008728179551122,0.56525353283458024,700.5600000000468,175.0,0.0,700.5600000000468,283.45101149675713,598.1788576248852,222.54482405501696,441.14153808746516,700.5600000000468,700.5600000000468,0.0,0.0
std,0.49012623229573044,0.4957752067633342,0.00020740166179706218,0.0,0.0,0.00020740166179706218,87.21813334778273,1.1647968990857218,61.684516793395595,44.15346037881944,0.00020740166179706218,0.00020740166179706218,0.0,0.0
min,0.0,False,700.5600000000001,175.0,0.0,700.5600000000001,175.0,595.40528,71.8531329710572,385.20264,700.5600000000001,700.5600000000001,0.0,0.0
25%,0.0,0.0,700.5600000000001,175.0,0.0,700.5600000000001,197.30012605333337,597.5241599999999,178.70170198994373,398.03373426333326,700.5600000000001,700.5600000000001,0.0,0.0
50%,0.0,1.0,700.5600000000001,175.0,0.0,700.5600000000001,285.0119902933333,598.0538799999999,222.4777488194256,442.06265514666666,700.5600000000001,700.5600000000001,0.0,0.0
75%,1.0,1.0,700.5600000000001,175.0,0.0,700.5600000000001,346.07580952,599.6430399999999,283.44405255692806,472.7331773333333,700.5600000000001,700.5600000000001,0.0,0.0
max,1.0,True,700.5600000000001,175.0,0.0,700.5600000000001,497.3210715199999,599.6430399999999,300.2679731676703,599.6430399999999,700.5600000000001,700.5600000000001,0.0,0.0
