,per_hour_hood_data_count,occupancy,min_lab_cfm,min_hood_cfm,min_additional_hood_cfm,min_possible_lab_cfm,calc_hood_cfm,stream_hood_cfm,stream_and_calc_hood_cfm_std,stream_and_calc_hood_cfm_mean,calc_total_lab_cfm,stream_total_lab_cfm,calc_excess_cfm,stream_excess_cfm
count,4812.0,4812,4812.0,4812.0,4812.0,4812.0,1929.0,1933.0,1929.0,1933.0,4812.0,4812.0,4812.0,4812.0
mean,0.4008728179551122,0.56733167082294267,700.5600000000468,175.0,0.0,700.5600000000468,532.4541192545939,598.1788576248852,116.41585419100709,565.3854581249368,705.9677328105507,700.5600000000468,5.407732810507816,0.0
std,0.49012623229573044,0.49549719274875936,0.00020740166179706218,0.0,0.0,0.00020740166179706218,192.06915239195897,1.1647968990857218,83.9680391497154,95.94010423163648,18.002386116328168,0.00020740166179706218,18.002386117348212,0.0
min,0.0,False,700.5600000000001,175.0,0.0,700.5600000000001,175.0,595.40528,0.051510011850297306,385.20264,700.5600000000001,700.5600000000001,0.0,0.0
25%,0.0,0.0,700.5600000000001,175.0,0.0,700.5600000000001,397.33117312,597.5241599999999,44.226524694790285,498.0619198933333,700.5600000000001,700.5600000000001,0.0,0.0
50%,0.0,1.0,700.5600000000001,175.0,0.0,700.5600000000001,565.9369237200001,598.0538799999999,118.46948630978142,582.78998186,700.5600000000001,700.5600000000001,0.0,0.0
75%,1.0,1.0,700.5600000000001,175.0,0.0,700.5600000000001,692.6406186,599.6430399999999,142.02407217499513,645.7072800000001,700.5600000000001,700.5600000000001,0.0,0.0
max,1.0,True,700.5600000000001,175.0,0.0,700.5600000000001,770.0,599.6430399999999,300.2679731676703,684.82152,770.0,700.5600000000001,69.43999999999994,0.0
