,per_hour_hood_data_count,occupancy,min_lab_cfm,min_hood_cfm,min_additional_hood_cfm,min_possible_lab_cfm,calc_hood_cfm,stream_hood_cfm,stream_and_calc_hood_cfm_std,stream_and_calc_hood_cfm_mean,calc_total_lab_cfm,stream_total_lab_cfm,calc_excess_cfm,stream_excess_cfm
count,4812.0,4812,4812.0,4812.0,4812.0,4812.0,1929.0,1933.0,1929.0,1933.0,4812.0,4812.0,4812.0,4812.0
mean,0.4008728179551122,0.56546134663341641,620.3789276808365,175.0,0.0,620.3789276808365,437.8832690468683,598.1788576248852,130.1106566978363,518.197881805562,626.1899646236698,634.7305094426346,5.81103694283477,14.351581761799203
std,0.49012623229573044,0.49574780447245426,91.47538488103135,0.0,0.0,91.47538488103135,161.26791184385394,1.1647968990857218,94.4588492482511,80.63063655474535,89.53147081213339,79.65689753053832,27.891126247671558,31.192228041477886
min,0.0,False,516.04,175.0,0.0,516.04,175.0,595.40528,0.10675868062361835,385.20264,516.04,516.04,0.0,0.0
25%,0.0,0.0,516.04,175.0,0.0,516.04,317.5244722346667,597.5241599999999,48.39748051806384,458.04769591466663,516.04,516.04,0.0,0.0
50%,0.0,1.0,700.5600000000001,175.0,0.0,700.5600000000001,452.7495389760001,598.0538799999999,104.65792389444334,526.196289488,700.5600000000001,700.5600000000001,0.0,0.0
75%,1.0,1.0,700.5600000000001,175.0,0.0,700.5600000000001,551.8239925333335,599.6430399999999,198.1219348317554,575.4461542826666,700.5600000000001,700.5600000000001,0.0,0.0
max,1.0,True,700.5600000000001,175.0,0.0,700.5600000000001,770.0,599.6430399999999,300.2679731676703,684.2918,770.0,700.5600000000001,253.96000000000004,83.60303999999996
