,per_hour_hood_data_count,occupancy,min_lab_cfm,min_hood_cfm,min_additional_hood_cfm,min_possible_lab_cfm,calc_hood_cfm,stream_hood_cfm,stream_and_calc_hood_cfm_std,stream_and_calc_hood_cfm_mean,calc_total_lab_cfm,stream_total_lab_cfm,calc_excess_cfm,stream_excess_cfm
count,4795.0,4795,4795.0,4795.0,4795.0,4795.0,1682.0,1686.0,1682.0,1686.0,4795.0,4795.0,4795.0,4795.0
mean,0.3507820646506778,0.53931178310740358,620.9027737226662,175.0,0.0,620.9027737226662,213.02527257885072,236.92902584618204,27.1278073599524,224.98585413235446,620.9027737226662,620.9027737226662,0.0,0.0
std,0.47726461395644426,0.4985041723628954,91.40470500459898,0.0,0.0,91.40470500459898,61.39422092159376,54.3818458072148,14.06403798158453,55.0979481088414,91.40470500459898,91.40470500459898,0.0,0.0
min,0.0,False,516.04,175.0,0.0,516.04,175.0,205.53135999999998,0.021156634999933692,190.26567999999997,516.04,516.04,0.0,0.0
25%,0.0,0.0,516.04,175.0,0.0,516.04,175.0,214.00688,22.670247044962125,194.50344,516.04,516.04,0.0,0.0
50%,0.0,1.0,700.5600000000001,175.0,0.0,700.5600000000001,175.0,216.12575999999999,27.58202936092981,201.91045333333332,700.5600000000001,700.5600000000001,0.0,0.0
75%,1.0,1.0,700.5600000000001,175.0,0.0,700.5600000000001,228.53375805866665,235.19567999999995,29.417852984563012,230.26841572400002,700.5600000000001,700.5600000000001,0.0,0.0
max,1.0,True,700.5600000000001,175.0,0.0,700.5600000000001,579.0303010240002,625.0695999999999,152.90680683130904,602.0499505120001,700.5600000000001,700.5600000000001,0.0,0.0
