,per_hour_hood_data_count,occupancy,min_lab_cfm,min_hood_cfm,min_additional_hood_cfm,min_possible_lab_cfm,calc_hood_cfm,stream_hood_cfm,stream_and_calc_hood_cfm_std,stream_and_calc_hood_cfm_mean,calc_total_lab_cfm,stream_total_lab_cfm,calc_excess_cfm,stream_excess_cfm
count,1929.0,1929,1929.0,1929.0,1929.0,1929.0,1929.0,1929.0,1929.0,1929.0,1929.0,1929.0,1929.0,1929.0
mean,1.0,0.55987558320373254,619.3482426127771,175.0,0.0,619.3482426127771,532.4809082515848,598.1769199113025,116.29147572236919,565.3289140814422,667.6048640801537,655.4980566269442,48.25662146738331,36.149814014169664
std,0.0,0.4965306869687347,91.6198423592602,0.0,0.0,91.6198423592602,191.9595705149339,1.1644761674070405,84.00467491108176,95.97246447073137,86.62651881034735,50.842451259745324,78.65344407450685,40.78947031395048
min,1.0,False,516.04,175.0,0.0,516.04,175.0,595.40528,0.3781759234013888,385.20264,516.04,595.40528,0.0,0.0
25%,1.0,False,516.04,175.0,0.0,516.04,396.9055902933334,597.5241599999999,45.464501791446224,498.09231514666664,615.9999999999999,598.4070266666666,0.0,0.0
50%,1.0,1.0,700.5600000000001,175.0,0.0,700.5600000000001,566.4073241866666,598.0538799999999,118.93286061483867,582.5573307488887,700.5600000000001,700.5600000000001,0.0,0.0
75%,1.0,True,700.5600000000001,175.0,0.0,700.5600000000001,690.5033333333333,599.6430399999999,141.4469442255474,644.1817953333334,700.5600000000001,700.5600000000001,69.43999999999994,81.48415999999997
max,1.0,True,700.5600000000001,175.0,0.0,700.5600000000001,770.0,599.6430399999999,300.2679731676703,684.82152,770.0,700.5600000000001,253.96000000000004,83.60303999999996
