,per_hour_hood_data_count,occupancy,min_lab_cfm,min_hood_cfm,min_additional_hood_cfm,min_possible_lab_cfm,calc_hood_cfm,stream_hood_cfm,stream_and_calc_hood_cfm_std,stream_and_calc_hood_cfm_mean,calc_total_lab_cfm,stream_total_lab_cfm,calc_excess_cfm,stream_excess_cfm
count,1929.0,1929,1929.0,1929.0,1929.0,1929.0,1929.0,1929.0,1929.0,1929.0,1929.0,1929.0,1929.0,1929.0
mean,1.0,0.57128045619491963,700.5600000000333,175.0,0.0,700.5600000000333,532.4541192545939,598.1769199113025,116.41585419100709,565.3155195829461,714.0498964666716,700.5600000000333,13.489896466647803,0.0
std,0.0,0.4950213422581678,0.0002626840069742694,0.0,0.0,0.0002626840069742694,192.06915239195897,1.1644761674070405,83.9680391497154,96.02725310596317,26.450289508600946,0.0002626840069742694,26.450289509604495,0.0
min,1.0,False,700.5600000000001,175.0,0.0,700.5600000000001,175.0,595.40528,0.051510011850297306,385.20264,700.5600000000001,700.5600000000001,0.0,0.0
25%,1.0,False,700.5600000000001,175.0,0.0,700.5600000000001,397.33117312,597.5241599999999,44.226524694790285,498.03790655999995,700.5600000000001,700.5600000000001,0.0,0.0
50%,1.0,1.0,700.5600000000001,175.0,0.0,700.5600000000001,565.9369237200001,598.0538799999999,118.46948630978142,582.5937096377777,700.5600000000001,700.5600000000001,0.0,0.0
75%,1.0,True,700.5600000000001,175.0,0.0,700.5600000000001,692.6406186,599.6430399999999,142.02407217499513,645.8053674399999,700.5600000000001,700.5600000000001,0.0,0.0
max,1.0,True,700.5600000000001,175.0,0.0,700.5600000000001,770.0,599.6430399999999,300.2679731676703,684.82152,770.0,700.5600000000001,69.43999999999994,0.0
