,per_hour_hood_data_count,occupancy,min_lab_cfm,min_hood_cfm,min_additional_hood_cfm,min_possible_lab_cfm,calc_hood_cfm,stream_hood_cfm,stream_and_calc_hood_cfm_std,stream_and_calc_hood_cfm_mean,calc_total_lab_cfm,stream_total_lab_cfm,calc_excess_cfm,stream_excess_cfm
count,4812.0,4812,4812.0,4812.0,4812.0,4812.0,1929.0,1933.0,1929.0,1933.0,4812.0,4812.0,4812.0,4812.0
mean,0.4008728179551122,0.56379883624272653,620.0721612635464,175.0,0.0,620.0721612635464,532.4809082515848,598.1788576248852,116.29147572236919,565.3988249058986,639.4169290961661,634.5983868066319,19.34476783262311,14.526225543086717
std,0.49012623229573044,0.49596454178107535,91.515377249218,0.0,0.0,91.515377249218,191.9595705149339,1.1647968990857218,84.00467491108176,95.88536961645416,92.46500428782271,79.59037477867554,55.12335457649469,31.346147858840563
min,0.0,False,516.04,175.0,0.0,516.04,175.0,595.40528,0.3781759234013888,385.20264,516.04,516.04,0.0,0.0
25%,0.0,0.0,516.04,175.0,0.0,516.04,396.9055902933334,597.5241599999999,45.464501791446224,498.27431514666665,516.04,516.04,0.0,0.0
50%,0.0,1.0,700.5600000000001,175.0,0.0,700.5600000000001,566.4073241866666,598.0538799999999,118.93286061483867,582.78998186,700.5600000000001,700.5600000000001,0.0,0.0
75%,1.0,1.0,700.5600000000001,175.0,0.0,700.5600000000001,690.5033333333333,599.6430399999999,141.4469442255474,644.128182,700.5600000000001,700.5600000000001,0.0,0.0
max,1.0,True,700.5600000000001,175.0,0.0,700.5600000000001,770.0,599.6430399999999,300.2679731676703,684.82152,770.0,700.5600000000001,253.96000000000004,83.60303999999996
