,per_hour_hood_data_count,occupancy,min_lab_cfm,min_hood_cfm,min_additional_hood_cfm,min_possible_lab_cfm,calc_hood_cfm,stream_hood_cfm,stream_and_calc_hood_cfm_std,stream_and_calc_hood_cfm_mean,calc_total_lab_cfm,stream_total_lab_cfm,calc_excess_cfm,stream_excess_cfm
count,4812.0,4812,4812.0,4812.0,4812.0,4812.0,1929.0,1933.0,1929.0,1933.0,4812.0,4812.0,4812.0,4812.0
mean,0.4008728179551122,0.56442227763923525,620.18719867003,175.0,0.0,620.18719867003,283.27059850774265,598.1788576248852,222.6723953029632,441.05151825926896,620.18719867003,634.5852816727075,0.0,14.398083002678478
std,0.49012623229573044,0.49588392970337958,91.5005027086425,0.0,0.0,91.5005027086425,87.14859428397867,1.1647968990857218,61.63584237590152,44.1195200433903,91.5005027086425,79.6726450464916,0.0,31.22581890209406
min,0.0,False,516.04,175.0,0.0,516.04,175.0,595.40528,71.28326147396463,385.20264,516.04,516.04,0.0,0.0
25%,0.0,0.0,516.04,175.0,0.0,516.04,198.66558656,597.5241599999999,178.97822417660007,398.39893327999994,516.04,516.04,0.0,0.0
50%,0.0,1.0,700.5600000000001,175.0,0.0,700.5600000000001,282.27149038666664,598.0538799999999,223.9227416321832,440.8900732799999,700.5600000000001,700.5600000000001,0.0,0.0
75%,1.0,1.0,700.5600000000001,175.0,0.0,700.5600000000001,345.30951961333335,599.6430399999999,282.35473344630174,472.23468,700.5600000000001,700.5600000000001,0.0,0.0
max,1.0,True,700.5600000000001,175.0,0.0,700.5600000000001,497.0514418903703,599.6430399999999,300.2679731676703,599.6430399999999,700.5600000000001,700.5600000000001,0.0,83.60303999999996
