,per_hour_hood_data_count,occupancy,min_lab_cfm,min_hood_cfm,min_additional_hood_cfm,min_possible_lab_cfm,calc_hood_cfm,stream_hood_cfm,stream_and_calc_hood_cfm_std,stream_and_calc_hood_cfm_mean,calc_total_lab_cfm,stream_total_lab_cfm,calc_excess_cfm,stream_excess_cfm
count,4812.0,4812,4812.0,4812.0,4812.0,4812.0,1929.0,1933.0,1929.0,1933.0,4812.0,4812.0,4812.0,4812.0
mean,0.4008728179551122,0.56026600166251039,700.5600000000468,175.0,0.0,700.5600000000468,418.7546581052323,598.1788576248852,157.84592306037501,508.65336796530954,703.0232453194842,700.5600000000468,2.4632453194389026,0.0
std,0.49012623229573044,0.49640630370442257,0.00020740166179706218,0.0,0.0,0.00020740166179706218,182.3756156924445,1.1647968990857218,88.39535995696524,91.17094913338607,12.43092411576197,0.00020740166179706218,12.430924117389695,0.0
min,0.0,False,700.5600000000001,175.0,0.0,700.5600000000001,175.0,595.40528,0.3781759234013888,385.20264,700.5600000000001,700.5600000000001,0.0,0.0
25%,0.0,0.0,700.5600000000001,175.0,0.0,700.5600000000001,258.422634344,597.5241599999999,91.87512339082035,428.65057880999996,700.5600000000001,700.5600000000001,0.0,0.0
50%,0.0,1.0,700.5600000000001,175.0,0.0,700.5600000000001,396.1238400000001,598.0538799999999,142.93038675489194,497.16700000000003,700.5600000000001,700.5600000000001,0.0,0.0
75%,1.0,1.0,700.5600000000001,175.0,0.0,700.5600000000001,543.95879076,599.6430399999999,240.1041114994047,571.5971426599998,700.5600000000001,700.5600000000001,0.0,0.0
max,1.0,True,700.5600000000001,175.0,0.0,700.5600000000001,770.0,599.6430399999999,300.2679731676703,684.82152,770.0,700.5600000000001,69.43999999999994,0.0
