,per_hour_hood_data_count,occupancy,min_lab_cfm,min_hood_cfm,min_additional_hood_cfm,min_possible_lab_cfm,calc_hood_cfm,stream_hood_cfm,stream_and_calc_hood_cfm_std,stream_and_calc_hood_cfm_mean,calc_total_lab_cfm,stream_total_lab_cfm,calc_excess_cfm,stream_excess_cfm,description
0,1.0,0.567651632970451,700.5600000000333,175.0,0.0,700.5600000000333,532.8064830668027,598.1769199113025,116.13325167639141,565.4917014890494,714.2880383631857,700.5600000000333,13.728038363162195,0.0,current operation
1,1.0,0.5598755832037325,619.3482426127771,175.0,0.0,619.3482426127771,532.4809082515848,598.1769199113025,116.29147572236919,565.3289140814422,667.6048640801537,655.4980566269442,48.25662146738331,36.149814014169664,reduced unoccupied ach
2,1.0,0.5712804561949196,700.5600000000333,175.0,0.0,700.5600000000333,532.4541192545939,598.1769199113025,116.41585419100709,565.3155195829461,714.0498964666716,700.5600000000333,13.489896466647803,0.0,reduced unoccupied face velocity
3,1.0,0.5603939865215137,700.5600000000333,175.0,0.0,700.5600000000333,437.8646799933825,598.1769199113025,130.58058792145198,518.0207999523404,701.6905184663368,700.5600000000333,1.1305184663040129,0.0,sash reduced 20%
4,1.0,0.5686884396060135,700.5600000000333,175.0,0.0,700.5600000000333,283.45101149675713,598.1769199113025,222.54482405501696,440.81396570402813,700.5600000000333,700.5600000000333,0.0,0.0,sash reduced 50%
5,1.0,0.5650596163815449,620.3048004147472,175.0,0.0,620.3048004147472,437.8832690468683,598.1769199113025,130.1106566978363,518.0300944790831,634.8007619331065,656.0189556028099,14.495961518362318,35.7141551880652,"reduced ach, sash reduced 20%"
6,1.0,0.5505443234836703,617.626438569231,175.0,0.0,617.626438569231,283.3238755080441,598.1769199113025,222.63472277476848,440.7503977096722,617.626438569231,654.5376093416495,0.0,36.91117077242086,"reduced ach, sash reduced 50%"
7,1.0,0.5640228097459824,620.113488854353,175.0,0.0,620.113488854353,283.27059850774265,598.1769199113025,222.6723953029632,440.7237592095214,620.113488854353,655.9003039341272,0.0,35.78681507977649,"all reduced (ach, face vel, sash 50%)"
