,percent_open,datastream_flow,occupancy,evacuation_cfm,datastream_and_calculated_cfm_std,datastream_and_calculated_cfm_mean
count,1502.0,1506.0,4502,1502.0,1502.0,1506.0
mean,18.994958617241856,210.04785417736363,0.22390048867170145,176.34713090789353,24.137900386742615,193.237656777811
std,9.57931657411547,21.775152347428428,0.41690246654538415,13.647632162514014,9.857168658329234,16.57567933948558
min,0.9033333333333333,195.9964,False,175.0,1.1210659470673925,185.4982
25%,12.179999,207.29709333333332,0.0,175.0,22.58778130586134,191.258905
50%,19.765,207.65024,0.0,175.0,23.08720611136823,191.32512
75%,24.914998999999998,209.76912,0.0,175.0,24.585480527888613,192.38456
max,121.38499499999999,627.1884799999999,True,566.46331,248.10357316747348,594.707015
