,percent_open,datastream_flow,occupancy,evacuation_cfm,datastream_and_calculated_cfm_std,datastream_and_calculated_cfm_mean
count,1752.0,1756.0,4794,1752.0,1752.0,1756.0
mean,20.845586538162987,297.86790935523277,0.23007926574885273,208.4378007327268,71.46711321978258,253.40354488368945
std,17.580241162659323,155.67275936563198,0.42092725721764579,78.4756889790796,102.74302711702579,97.21175447761952
min,0.05,205.53135999999998,False,175.0,0.056653395910730285,190.26567999999997
25%,10.264999000000001,205.53135999999998,0.0,175.0,21.58893169484791,190.26567999999997
50%,15.245,208.70968,0.0,175.0,23.08720611136823,192.38456
75%,26.724687312500002,301.46953777777776,0.0,206.52464000000003,27.094283590640952,298.6040941008333
max,92.754997,628.2479199999999,True,770.0,318.2472661659168,695.7690666666667
