,per_hour_hood_data_count,occupancy,min_lab_cfm,min_hood_cfm,min_additional_hood_cfm,min_possible_lab_cfm,calc_hood_cfm,stream_hood_cfm,stream_and_calc_hood_cfm_std,stream_and_calc_hood_cfm_mean,calc_total_lab_cfm,stream_total_lab_cfm,calc_excess_cfm,stream_excess_cfm,description
0,2.0,0.6978131212723658,282.28000000000117,525.0,242.72000000000105,495.0,635.6779437100421,912.424241124359,337.62310544079287,774.0510924172054,635.6779437100421,912.424241124359,140.67794371004217,417.42424112436584,current operation
1,2.0,0.6858846918489065,263.1943538767377,525.0,261.8056461232624,495.0,635.8626200464195,912.424241124359,337.5752682570519,774.1434305853949,635.8626200464195,912.424241124359,140.86262004641918,417.42424112436584,reduced unoccupied ach
2,2.0,0.658051689860835,282.28000000000117,525.0,242.72000000000105,495.0,635.702967243828,912.424241124359,337.60454871834605,774.0636041840995,635.702967243828,912.424241124359,140.7029672438281,417.42424112436584,reduced unoccupied face velocity
3,2.0,0.6958250497017893,282.28000000000117,525.0,242.72000000000105,495.0,587.0226549622495,912.424241124359,353.69048774185967,749.7234480433084,587.0226549622495,912.424241124359,92.0226549622493,417.42424112436584,sash reduced 20%
4,2.0,0.6709741550695825,282.28000000000117,525.0,242.72000000000105,495.0,544.4174607510977,912.424241124359,383.68292184415907,728.4208509377315,544.4174607510977,912.424241124359,49.417460751097565,417.42424112436584,sash reduced 50%
5,2.0,0.694831013916501,263.7379324055648,525.0,261.2620675944355,495.0,587.0880515766856,912.424241124359,353.8134722373519,749.7561463505265,587.0880515766856,912.424241124359,92.08805157668564,417.42424112436584,"reduced ach, sash reduced 20%"
6,2.0,0.6600397614314115,261.6240159045705,525.0,263.3759840954293,495.0,544.4264471613566,912.424241124359,383.67656749252683,728.4253441428606,544.4264471613566,912.424241124359,49.42644716135642,417.42424112436584,"reduced ach, sash reduced 50%"
7,2.0,0.6749502982107356,262.52998011928247,525.0,262.47001988071764,495.0,544.404326862377,912.424241124359,383.69220890593687,728.4142839933712,544.404326862377,912.424241124359,49.40432686237715,417.42424112436584,"all reduced (ach, face vel, sash 50%)"
