,percent_open,datastream_flow,occupancy,evacuation_cfm,datastream_and_calculated_cfm_std,datastream_and_calculated_cfm_mean
count,1287.0,1294.0,4795,1287.0,1287.0,1294.0
mean,18.08667077591095,209.68690560020227,0.4419186652763295,179.2531138980539,23.87885593603323,194.5468180500213
std,3.396906152818664,22.01060155846314,0.49666689379885032,29.726457548620516,7.447806629404439,24.533269872755444
min,16.775,205.53135999999998,False,175.0,7.018188895989756,190.26567999999997
25%,17.125,207.65024,0.0,175.0,23.087206111367912,191.32512
50%,17.315001000000002,207.65024,0.0,175.0,23.08720611136823,191.32512
75%,18.324999,207.65024000000003,1.0,175.0,23.08720611136823,191.32512000000003
max,58.174999,627.1884799999999,True,537.53699076,91.33375851894426,569.6338142799999
