,percent_open,datastream_flow,occupancy,evacuation_cfm,datastream_and_calculated_cfm_std,datastream_and_calculated_cfm_mean
count,1517.0,1519.0,4502,1517.0,1517.0,1519.0
mean,17.415306797278966,193.50622002926036,0.44424700133274103,228.4283207495592,28.529356731125127,210.93406275230987
std,16.432225039323534,50.53713142194836,0.4969370742366051,104.27798451840081,48.81128215991873,73.59346539804037
min,0.0,163.15375999999998,False,175.0,0.38575974746803277,169.07688
25%,4.61875,177.98592,0.0,175.0,2.1113642800836105,176.49295999999998
50%,13.174999,180.10479999999998,0.0,175.0,3.6096386966019964,177.55239999999998
75%,24.33999833333333,180.10479999999998,1.0,225.82921666666667,30.122639160716254,202.94922666666668
max,94.77333066666665,538.19552,True,770.0,341.71416667018804,635.02784
