,percent_open,datastream_flow,occupancy,evacuation_cfm,datastream_and_calculated_cfm_std,datastream_and_calculated_cfm_mean
count,1517.0,1519.0,4502,1517.0,1517.0,1519.0
mean,17.415306797278966,193.50622002926036,0.43536206130608618,203.2880011428293,13.542028561376402,198.38045352143192
std,16.432225039323534,50.53713142194836,0.49585940733420469,76.66387409886,31.495440930042868,60.40729255832592
min,0.0,163.15375999999998,False,175.0,0.16272377200420712,169.07688
25%,4.61875,177.98592,0.0,175.0,2.1113642800836105,176.49295999999998
50%,13.174999,180.10479999999998,0.0,175.0,3.6096386966019964,177.55239999999998
75%,24.33999833333333,180.10479999999998,1.0,180.9210666666667,3.6096386966019964,180.92077152266666
max,94.77333066666665,538.19552,True,728.8700950471111,300.1368956384429,598.814488
