,percent_open,datastream_flow,occupancy,evacuation_cfm,datastream_and_calculated_cfm_std,datastream_and_calculated_cfm_mean
count,1287.0,1294.0,4795,1287.0,1287.0,1294.0
mean,18.08667077591095,209.68690560020227,0.4419186652763295,177.39090358766327,23.565959441569795,193.620749785155
std,3.396906152818664,22.01060155846314,0.49666689379885032,18.973664700268404,6.8316478076514064,19.55624712258093
min,16.775,205.53135999999998,False,175.0,1.8027913887018334,190.26567999999997
25%,17.125,207.65024,0.0,175.0,23.08720611136823,191.32512
50%,17.315001000000002,207.65024,0.0,175.0,23.08720611136823,191.32512
75%,18.324999,207.65024000000003,1.0,175.0,23.08720611136823,191.32512000000003
max,58.174999,627.1884799999999,True,447.40452564266667,176.3993932552783,520.5375660159999
