,percent_open,datastream_flow,occupancy,evacuation_cfm,datastream_and_calculated_cfm_std,datastream_and_calculated_cfm_mean
count,1287.0,1294.0,4795,1287.0,1287.0,1294.0
mean,18.08667077591095,209.68690560020227,0.43941605839416059,177.6604605981761,23.60787398180855,193.75479919494268
std,3.396906152818664,22.01060155846314,0.49636777585966413,23.0580734728596,7.827561884875584,21.33632873182728
min,16.775,205.53135999999998,False,175.0,4.008907558826312,190.26567999999997
25%,17.125,207.65024,0.0,175.0,23.087206111367912,191.32512
50%,17.315001000000002,207.65024,0.0,175.0,23.08720611136823,191.32512
75%,18.324999,207.65024000000003,1.0,175.0,23.08720611136823,191.32512000000003
max,58.174999,627.1884799999999,True,548.66931392,230.71196551990246,547.2867910399999
