,percent_open,datastream_flow,occupancy,evacuation_cfm,datastream_and_calculated_cfm_std,datastream_and_calculated_cfm_mean
count,1287.0,1294.0,4795,1287.0,1287.0,1294.0
mean,18.08667077591095,209.68690560020227,0.4419186652763295,177.38550157281807,23.53401289662024,193.61806338905544
std,3.396906152818664,22.01060155846314,0.49666689379885032,18.961561190789705,6.3594938194915285,19.650747046904677
min,16.775,205.53135999999998,False,175.0,0.3258671845848497,190.26567999999997
25%,17.125,207.65024,0.0,175.0,23.08720611136823,191.32512
50%,17.315001000000002,207.65024,0.0,175.0,23.08720611136823,191.32512
75%,18.324999,207.65024000000003,1.0,175.0,23.08720611136823,191.32512000000003
max,58.174999,627.1884799999999,True,439.22665113599993,179.165972001302,533.207565568
