,percent_open,datastream_flow,occupancy,evacuation_cfm,datastream_and_calculated_cfm_std,datastream_and_calculated_cfm_mean
count,1357.0,1361.0,4812,1357.0,1357.0,1361.0
mean,44.62586747197662,599.5576291909521,0.56234413965087282,412.70807174843515,138.82334222352927,506.40755284772933
std,10.493303043395994,0.527209950138359,0.49614953854955735,87.73449997793489,45.13187786296242,44.0669203397027
min,28.305,595.40528,False,256.2546,7.653765151183484,427.94881999999996
25%,40.759997999999996,599.6430399999999,0.0,372.81811503999995,106.6823728000692,486.23057751999994
50%,41.959998999999996,599.6430399999999,1.0,397.72971746666667,142.7742795752266,498.6863787333333
75%,48.744999,599.6430399999999,1.0,450.40379075999994,160.38944258134563,525.02341538
max,100.814995,601.7619199999999,True,770.0,242.81229450506987,684.82152
