,percent_open,datastream_flow,occupancy,evacuation_cfm,datastream_and_calculated_cfm_std,datastream_and_calculated_cfm_mean
count,1255.0,1256.0,4792,1255.0,1255.0,1256.0
mean,19.945834813180713,225.70031778838975,0.56427378964941566,196.66254330258724,25.751537185386,211.18496112538634
std,9.114032268113725,69.82021527637202,0.49590341687709488,69.40344093774783,15.791374889600926,67.81349799489996
min,16.176665666666665,205.53135999999998,False,175.0,1.9620895602156818,190.26567999999997
25%,16.4,205.53135999999998,0.0,175.0,21.58893169484791,190.26567999999997
50%,16.514999,207.1940922222222,1.0,175.0,21.58893169484791,191.32512
75%,16.775,207.65024,1.0,175.0,23.08720611136823,191.32512
max,63.753332666666665,625.0695999999999,True,577.1801717422222,241.5665214599835,582.5221951466667
