,percent_open,datastream_flow,occupancy,evacuation_cfm,datastream_and_calculated_cfm_std,datastream_and_calculated_cfm_mean
count,1357.0,1361.0,4812,1357.0,1357.0,1361.0
mean,44.62586747197662,599.5576291909521,0.56234413965087282,331.21286515283043,192.5858843759018,465.77970738474664
std,10.493303043395994,0.527209950138359,0.49614953854955735,78.07439453662379,44.36043337331133,39.61741024773269
min,28.305,595.40528,False,202.89024000000003,27.27699603111419,401.26664
25%,40.759997999999996,599.6430399999999,0.0,297.74228601600004,169.2248001004981,448.772552832
50%,41.959998999999996,599.6430399999999,1.0,318.5089676906667,198.59567514309046,459.5441599999999
75%,48.744999,599.6430399999999,1.0,360.323032608,213.47607038741816,480.241756304
max,100.814995,601.7619199999999,True,770.0,280.54659533475,684.82152
