,percent_open,datastream_flow,occupancy,evacuation_cfm,datastream_and_calculated_cfm_std,datastream_and_calculated_cfm_mean
count,1255.0,1256.0,4792,1255.0,1255.0,1256.0
mean,19.945834813180713,225.70031778838975,0.56427378964941566,191.97608670907994,25.01183569522379,208.84359845625772
std,9.114032268113725,69.82021527637202,0.49590341687709488,52.57354443727646,20.28333022967135,59.87009757514829
min,16.176665666666665,205.53135999999998,False,175.0,0.0015839172456653568,190.26567999999997
25%,16.4,205.53135999999998,0.0,175.0,21.58893169484791,190.26567999999997
50%,16.514999,207.1940922222222,1.0,175.0,21.58893169484791,191.32512
75%,16.775,207.65024,1.0,175.0,23.08720611136823,191.32512
max,63.753332666666665,625.0695999999999,True,480.7851327502223,173.54771139102556,530.3218589013334
