,percent_open,datastream_flow,occupancy,evacuation_cfm,datastream_and_calculated_cfm_std,datastream_and_calculated_cfm_mean
count,1357.0,1361.0,4812,1357.0,1357.0,1361.0
mean,44.62586747197662,599.5576291909521,0.56234413965087282,331.07743715679817,192.57746492812893,465.7121923992158
std,10.493303043395994,0.527209950138359,0.49614953854955735,78.1392286033259,44.86215317410175,39.64944015903273
min,28.305,595.40528,False,205.68892978666668,27.27699603111419,402.6659848933333
25%,40.759997999999996,599.6430399999999,0.0,297.63625957333335,169.42595804879903,448.6396497866666
50%,41.959998999999996,599.6430399999999,1.0,318.044144768,199.12048839318723,458.895953336
75%,48.744999,599.6430399999999,1.0,360.03855230933334,213.5510424040127,479.84079615466663
max,100.814995,601.7619199999999,True,770.0,278.56762280816054,684.55666
