,percent_open,datastream_flow,occupancy,evacuation_cfm,datastream_and_calculated_cfm_std,datastream_and_calculated_cfm_mean
count,1697.0,1700.0,4795,1697.0,1697.0,1700.0
mean,10.964147826470724,234.4737114555545,0.45172054223149116,176.2256953612398,41.17606992902182,205.40921414778475
std,4.935482484668529,71.90087693711082,0.49771553749442948,8.388040382617428,46.99945170683673,39.01130043331
min,7.175,188.58032,False,175.0,9.602736362682556,181.79016000000001
25%,8.22,210.47541333333334,0.0,175.0,25.084905333395714,192.73770666666667
50%,8.84,211.88799999999998,0.0,175.0,26.08375494440906,193.444
75%,11.184999,211.888,1.0,175.0,26.083754944409336,193.44400000000002
max,35.355,637.78288,True,264.40959223466666,308.7477158404884,447.85943253333335
