,percent_open,datastream_flow,occupancy,evacuation_cfm,datastream_and_calculated_cfm_std,datastream_and_calculated_cfm_mean
count,1657.0,1667.0,4796,1657.0,1657.0,1667.0
mean,12.878143708023117,228.97812548356453,0.44870725604670558,198.97035970854665,25.553133021586994,214.00599686207622
std,15.338052060781358,71.97669281328395,0.49741395575105268,71.46315226261935,19.555463600930196,69.55874058739994
min,1.865,197.05584,False,175.0,0.13982412838103678,186.02792
25%,3.095,207.65024,0.0,175.0,23.087206111367912,191.32512
50%,6.0275,207.65024,0.0,175.0,23.08720611136823,191.32512
75%,15.28,207.65024000000003,1.0,175.0,23.08720611136823,191.32512000000003
max,90.0,658.97168,True,692.4347578026668,309.2576196667937,660.8710589013334
