,percent_open,datastream_flow,occupancy,evacuation_cfm,datastream_and_calculated_cfm_std,datastream_and_calculated_cfm_mean
count,1697.0,1700.0,4795,1697.0,1697.0,1700.0
mean,10.964147826470724,234.4737114555545,0.45172054223149116,176.24575583300782,41.161885033400885,205.41922668325245
std,4.935482484668529,71.90087693711082,0.49771553749442948,8.24498929056483,46.95508233966207,39.02272788647499
min,7.175,188.58032,False,175.0,9.602736362682556,181.79016000000001
25%,8.22,210.47541333333334,0.0,175.0,25.084905333395714,192.73770666666667
50%,8.84,211.88799999999998,0.0,175.0,26.08375494440906,193.444
75%,11.184999,211.888,1.0,175.0,26.083754944409336,193.44400000000002
max,35.355,637.78288,True,270.442301024,312.41369685821184,446.569752608
