,percent_open,datastream_flow,occupancy,evacuation_cfm,datastream_and_calculated_cfm_std,datastream_and_calculated_cfm_mean
count,1754.0,1759.0,4794,1754.0,1754.0,1759.0
mean,12.485192901423847,258.08260552207497,0.43929912390488113,181.33352541337402,54.293718806754924,219.80027742137162
std,16.622470578526148,96.49253607304449,0.49635349731323586,27.15269872924951,54.66900874263944,59.524273337283844
min,0.0,205.53135999999998,False,175.0,21.58893169484791,190.26567999999997
25%,0.0,207.65024,0.0,175.0,23.08720611136823,191.32512
50%,3.4175,209.76912000000002,0.0,175.0,24.585480527888613,192.38456000000002
75%,16.52,239.43344,1.0,175.0,45.56132235917645,207.21672
max,91.754997,629.30736,True,438.99207109333327,240.06354417242773,530.9713955466666
