,percent_open,datastream_flow,occupancy,evacuation_cfm,datastream_and_calculated_cfm_std,datastream_and_calculated_cfm_mean
count,1657.0,1667.0,4796,1657.0,1657.0,1667.0
mean,12.878143708023117,228.97812548356453,0.44391159299416177,211.77577180027365,30.486571336365873,220.37029435337544
std,15.338052060781358,71.97669281328395,0.49689593695432477,100.94397979240335,23.504458877220166,83.61840809664044
min,1.865,197.05584,False,175.0,0.8510765879885863,186.02792
25%,3.095,207.65024,0.0,175.0,23.08720611136823,191.32512
50%,6.0275,207.65024,0.0,175.0,23.08720611136823,191.32512
75%,15.28,207.65024000000003,1.0,175.0,23.08720611136823,191.47962166666667
max,90.0,658.97168,True,770.0,309.2576196667937,714.48584
