,percent_open,datastream_flow,occupancy,evacuation_cfm,datastream_and_calculated_cfm_std,datastream_and_calculated_cfm_mean
count,1657.0,1667.0,4796,1657.0,1657.0,1667.0
mean,12.878143708023117,228.97812548356453,0.44870725604670558,180.7857799473626,34.16001088684167,204.96824981220186
std,15.338052060781358,71.97669281328395,0.49741395575105268,28.42842210628021,35.24870891006789,48.719015319510284
min,1.865,197.05584,False,175.0,10.502974483625092,186.02792
25%,3.095,207.65024,0.0,175.0,23.08720611136823,191.32512
50%,6.0275,207.65024,0.0,175.0,23.08720611136823,191.32512
75%,15.28,207.65024000000003,1.0,175.0,23.08720611136823,191.32512000000003
max,90.0,658.97168,True,424.2,309.2576196667937,522.04744231
