,percent_open,datastream_flow,occupancy,evacuation_cfm,datastream_and_calculated_cfm_std,datastream_and_calculated_cfm_mean
count,1289.0,1294.0,4812,1289.0,1289.0,1294.0
mean,13.618341694045737,597.7534278739452,0.44555278470490439,256.56612945050216,245.94449413316022,427.8193262019301
std,24.751351899645893,0.644773485899304,0.49707831254572127,163.49011672703944,105.29045608301946,82.24988033232924
min,0.0,597.5241599999999,False,175.0,0.6508370582408886,386.26207999999997
25%,0.0,597.5241599999999,0.0,175.0,298.76969875114975,386.26207999999997
50%,0.0,597.5241599999999,0.0,175.0,298.76969875114975,386.26207999999997
75%,9.0,597.5241599999999,1.0,175.0,298.76969875114975,387.32151999999996
max,77.18,601.7619199999999,True,711.5472,301.7662475841908,654.53568
