,percent_open,datastream_flow,occupancy,evacuation_cfm,datastream_and_calculated_cfm_std,datastream_and_calculated_cfm_mean
count,1754.0,1759.0,4794,1754.0,1754.0,1759.0
mean,12.485192901423847,258.08260552207497,0.4407592824363788,202.63745382096002,40.667155407764376,230.42196315954922
std,16.622470578526148,96.49253607304449,0.496529923142428,86.86436659210891,32.87793013191813,88.487925125102
min,0.0,205.53135999999998,False,175.0,0.807524741747399,190.26567999999997
25%,0.0,207.65024,0.0,175.0,23.08720611136823,191.32512
50%,3.4175,209.76912000000002,0.0,175.0,24.585480527888613,192.38456000000002
75%,16.52,239.43344,1.0,175.0,45.56132235917645,207.21672
max,91.754997,629.30736,True,770.0,189.95626060127427,698.5942399999999
