,per_hour_hood_data_count,occupancy,min_lab_cfm,min_hood_cfm,min_additional_hood_cfm,min_possible_lab_cfm,calc_hood_cfm,stream_hood_cfm,stream_and_calc_hood_cfm_std,stream_and_calc_hood_cfm_mean,calc_total_lab_cfm,stream_total_lab_cfm,calc_excess_cfm,stream_excess_cfm,description
0,1.0,0.6752546434991012,862.5200000000143,175.0,0.0,862.5200000000143,193.91510291019497,218.18788050729145,26.640925625586508,206.05149170874031,862.5200000000143,862.5200000000143,0.0,0.0,current operation
1,1.0,0.6608747753145596,795.7665907729281,175.0,0.0,795.7665907729281,194.10155070289707,218.18788050729145,26.83301241896098,206.1447156050915,795.7665907729281,795.7665907729281,0.0,0.0,reduced unoccupied ach
2,1.0,0.6716596764529659,862.5200000000143,175.0,0.0,862.5200000000143,186.25458844686412,218.18788050729145,25.70777737482633,202.22123447707483,862.5200000000143,862.5200000000143,0.0,0.0,reduced unoccupied face velocity
3,1.0,0.6848412222887957,862.5200000000143,175.0,0.0,862.5200000000143,186.2873455227772,218.18788050729145,24.732236509112994,202.23761301503149,862.5200000000143,862.5200000000143,0.0,0.0,sash reduced 20%
4,1.0,0.6752546434991012,862.5200000000143,175.0,0.0,862.5200000000143,177.03014767930785,218.18788050729145,29.102911980929917,197.60901409329688,862.5200000000143,862.5200000000143,0.0,0.0,sash reduced 50%
5,1.0,0.6752546434991012,798.5971240263724,175.0,0.0,798.5971240263724,186.330300674016,218.18788050729145,24.817700310077367,202.259090590651,798.5971240263724,798.5971240263724,0.0,0.0,"reduced ach, sash reduced 20%"
6,1.0,0.6722588376273217,798.0074295985725,175.0,0.0,798.0074295985725,177.0452901665178,218.18788050729145,29.092204625539758,197.61658533690175,798.0074295985725,798.0074295985725,0.0,0.0,"reduced ach, sash reduced 50%"
7,1.0,0.6782504493708807,799.1868184541748,175.0,0.0,799.1868184541748,177.12175909156417,218.18788050729145,29.038132930089382,197.65481979942498,799.1868184541748,799.1868184541748,0.0,0.0,"all reduced (ach, face vel, sash 50%)"
