,description,base lab cfm,hood inc cfm,sash driven cfm,lab total cfm,savings cad
0,current operation,862.5200000000143,0.0,0.0,862.5200000000143,0.0
1,reduced unoccupied ach,799.0688795686144,0.0,0.0,799.0688795686144,317.25560215699943
2,reduced unoccupied face velocity,862.5200000000143,0.0,0.0,862.5200000000143,0.0
3,sash reduced 20%,862.5200000000143,0.0,0.0,862.5200000000143,0.0
4,sash reduced 50%,862.5200000000143,0.0,0.0,862.5200000000143,0.0
5,"reduced ach, sash reduced 20%",797.5356740563312,0.0,0.0,797.5356740563312,324.9216297184154
6,"reduced ach, sash reduced 50%",800.955901737578,0.0,0.0,800.955901737578,307.82049131218173
7,"all reduced (ach, face vel, sash 50%)",797.1818573996505,0.0,0.0,797.1818573996505,326.69071300181884
