,per_hour_hood_data_count,occupancy,min_lab_cfm,min_hood_cfm,min_additional_hood_cfm,min_possible_lab_cfm,calc_hood_cfm,stream_hood_cfm,stream_and_calc_hood_cfm_std,stream_and_calc_hood_cfm_mean,calc_total_lab_cfm,stream_total_lab_cfm,calc_excess_cfm,stream_excess_cfm,description
0,1.0,0.6686638705811864,862.5200000000143,175.0,0.0,862.5200000000143,194.08328595408082,218.18788050729145,26.849777716727036,206.13558323068335,862.5200000000143,862.5200000000143,0.0,0.0,current operation
1,1.0,0.6554823247453565,794.7051408028854,175.0,0.0,794.7051408028854,194.05982724954285,218.18788050729145,26.756874807691375,206.12385387841448,794.7051408028854,794.7051408028854,0.0,0.0,reduced unoccupied ach
2,1.0,0.6866387058118634,862.5200000000143,175.0,0.0,862.5200000000143,193.8947675705878,218.18788050729145,26.69198126041834,206.0413240389369,862.5200000000143,862.5200000000143,0.0,0.0,reduced unoccupied face velocity
3,1.0,0.6914319952067106,862.5200000000143,175.0,0.0,862.5200000000143,186.31300892669356,218.18788050729145,24.73920179559265,202.25044471698968,862.5200000000143,862.5200000000143,0.0,0.0,sash reduced 20%
4,1.0,0.6824445775913721,862.5200000000143,175.0,0.0,862.5200000000143,177.06832990844535,218.18788050729145,29.07591306778594,197.62810520786567,862.5200000000143,862.5200000000143,0.0,0.0,sash reduced 50%
5,1.0,0.6662672258837627,796.8280407429697,175.0,0.0,796.8280407429697,186.25303304396903,218.18788050729145,24.828524509548565,202.22045677562747,796.8280407429697,796.8280407429697,0.0,0.0,"reduced ach, sash reduced 20%"
6,1.0,0.6788496105452366,799.304757339735,175.0,0.0,799.304757339735,177.0895084864165,218.18788050729145,29.060937551686642,197.6386944968512,799.304757339735,799.304757339735,0.0,0.0,"reduced ach, sash reduced 50%"
7,1.0,0.6758538046734571,798.7150629119336,175.0,0.0,798.7150629119336,177.16800641698387,218.18788050729145,29.005431132673344,197.67794346213486,798.7150629119336,798.7150629119336,0.0,0.0,"all reduced (ach, face vel, sash 50%)"
