,per_hour_hood_data_count,occupancy,min_lab_cfm,min_hood_cfm,min_additional_hood_cfm,min_possible_lab_cfm,calc_hood_cfm,stream_hood_cfm,stream_and_calc_hood_cfm_std,stream_and_calc_hood_cfm_mean,calc_total_lab_cfm,stream_total_lab_cfm,calc_excess_cfm,stream_excess_cfm
count,4502.0,4502,4502.0,4502.0,4502.0,4502.0,949.0,954.0,949.0,954.0,4502.0,4502.0,4502.0,4502.0
mean,0.5837405597512216,0.68480675255442025,1015.879999999915,350.0,0.0,955.8799999999165,380.1527087082901,404.1292552690434,37.30887073733679,392.42887827738076,955.8799999999165,955.8799999999165,0.0,0.0
std,0.815307042830382,0.4646444010579579,0.00038208074141205873,0.0,0.0,0.0003391918836406667,75.79628682369948,56.889537062629465,33.04407402898163,62.714192875305294,0.0003391918836406667,0.0003391918836406667,0.0,0.0
min,0.0,False,1015.88,350.0,0.0,955.88,350.0,378.22008,21.684074914788937,364.11004,955.88,955.88,0.0,0.0
25%,0.0,0.0,1015.88,350.0,0.0,955.88,350.0,385.63616,25.198570391451522,367.81808,955.88,955.88,0.0,0.0
50%,0.0,1.0,1015.88,350.0,0.0,955.88,350.0,387.75504,26.696844807970226,368.87752,955.88,955.88,0.0,0.0
75%,1.0,1.0,1015.88,350.0,0.0,955.88,359.09190379377776,387.75504,28.19511922449061,375.31702474400004,955.88,955.88,0.0,0.0
max,2.0,True,1015.88,350.0,0.0,955.88,841.7315277653333,883.57296,292.2705443948277,808.397932032,955.88,955.88,0.0,0.0
