,per_hour_hood_data_count,occupancy,min_lab_cfm,min_hood_cfm,min_additional_hood_cfm,min_possible_lab_cfm,calc_hood_cfm,stream_hood_cfm,stream_and_calc_hood_cfm_std,stream_and_calc_hood_cfm_mean,calc_total_lab_cfm,stream_total_lab_cfm,calc_excess_cfm,stream_excess_cfm
count,4502.0,4502,4502.0,4502.0,4502.0,4502.0,949.0,954.0,949.0,954.0,4502.0,4502.0,4502.0,4502.0
mean,0.5837405597512216,0.67681030653043095,1015.879999999915,350.0,0.0,955.8799999999165,407.8413450808674,404.1292552690434,53.023584112364276,406.3395093621181,955.9036159682843,955.8799999999165,0.02361596836763906,0.0
std,0.815307042830382,0.46774641973535713,0.00038208074141205873,0.0,0.0,0.0003391918836406667,106.73491830221079,56.889537062629465,49.38763956892283,77.59850175488666,1.5845593619695097,0.0003391918836406667,1.5845593256990604,0.0
min,0.0,False,1015.88,350.0,0.0,955.88,350.0,378.22008,19.98600890654789,364.11004,955.88,955.88,0.0,0.0
25%,0.0,0.0,1015.88,350.0,0.0,955.88,350.0,385.63616,25.198570391451838,368.01688119,955.88,955.88,0.0,0.0
50%,0.0,1.0,1015.88,350.0,0.0,955.88,354.09639038666666,387.75504,30.16723714279655,377.8227207472222,955.88,955.88,0.0,0.0
75%,1.0,1.0,1015.88,350.0,0.0,955.88,407.33979076,387.75504,55.044466487348956,398.590820905,955.88,955.88,0.0,0.0
max,2.0,True,1015.88,350.0,0.0,955.88,1062.199089591111,883.57296,365.29238139473523,919.9140247955554,1062.199089591111,955.88,106.31908959111104,0.0
