,per_hour_hood_data_count,occupancy,min_lab_cfm,min_hood_cfm,min_additional_hood_cfm,min_possible_lab_cfm,calc_hood_cfm,stream_hood_cfm,stream_and_calc_hood_cfm_std,stream_and_calc_hood_cfm_mean,calc_total_lab_cfm,stream_total_lab_cfm,calc_excess_cfm,stream_excess_cfm
count,949.0,949,949.0,949.0,949.0,949.0,949.0,949.0,949.0,949.0,949.0,949.0,949.0,949.0
mean,2.0,0.69546891464699689,1015.8800000000042,350.0,0.0,955.8800000000042,357.0518911942622,404.001182135582,34.67258730770133,380.52653666492256,955.8800000000042,955.8800000000042,0.0,0.0
std,0.0,0.46045120543607426,0.00016857963173135692,0.0,0.0,0.00015699250416124889,28.34162039179454,56.84488880198401,29.72971349977482,39.53473331482668,0.00015699250416124889,0.00015699250416124889,0.0,0.0
min,2.0,False,1015.88,350.0,0.0,955.88,350.0,378.22008,23.47296585883626,364.11004,955.88,955.88,0.0,0.0
25%,2.0,False,1015.88,350.0,0.0,955.88,350.0,385.63616,25.198570391451522,367.81808,955.88,955.88,0.0,0.0
50%,2.0,1.0,1015.88,350.0,0.0,955.88,350.0,387.75504,26.69684480796991,368.87752,955.88,955.88,0.0,0.0
75%,2.0,True,1015.88,350.0,0.0,955.88,350.0,387.75504,26.696844807970226,368.87752,955.88,955.88,0.0,0.0
max,2.0,True,1015.88,350.0,0.0,955.88,567.6664045733332,883.57296,312.11710925704625,676.6073039533333,955.88,955.88,0.0,0.0
