,per_hour_hood_data_count,occupancy,min_lab_cfm,min_hood_cfm,min_additional_hood_cfm,min_possible_lab_cfm,calc_hood_cfm,stream_hood_cfm,stream_and_calc_hood_cfm_std,stream_and_calc_hood_cfm_mean,calc_total_lab_cfm,stream_total_lab_cfm,calc_excess_cfm,stream_excess_cfm
count,949.0,949,949.0,949.0,949.0,949.0,949.0,949.0,949.0,949.0,949.0,949.0,949.0,949.0
mean,2.0,0.69652265542676506,1015.8800000000042,350.0,0.0,955.8800000000042,388.95709826180695,404.001182135582,43.25557378567819,396.4791401986947,955.9414218037649,955.8800000000042,0.061421803760683666,0.0
std,0.0,0.46000197757200617,0.00016857963173135692,0.0,0.0,0.00015699250416124889,95.93933939994146,56.84488880198401,42.82101126680246,71.86056173818834,1.892150473825112,0.00015699250416124889,1.8921504803735674,0.0
min,2.0,False,1015.88,350.0,0.0,955.88,350.0,378.22008,20.088960222064,365.54736848,955.88,955.88,0.0,0.0
25%,2.0,False,1015.88,350.0,0.0,955.88,350.0,385.63616,25.198570391451838,367.81808,955.88,955.88,0.0,0.0
50%,2.0,1.0,1015.88,350.0,0.0,955.88,350.0,387.75504,26.696844807970226,368.87752,955.88,955.88,0.0,0.0
75%,2.0,True,1015.88,350.0,0.0,955.88,380.73952,387.75504,40.519492774531805,385.5384477777777,955.88,955.88,0.0,0.0
max,2.0,True,1015.88,350.0,0.0,955.88,1014.1692917688888,883.57296,365.29238139473523,897.8177951333332,1014.1692917688888,955.88,58.2892917688888,0.0
