,per_hour_hood_data_count,occupancy,min_lab_cfm,min_hood_cfm,min_additional_hood_cfm,min_possible_lab_cfm,calc_hood_cfm,stream_hood_cfm,stream_and_calc_hood_cfm_std,stream_and_calc_hood_cfm_mean,calc_total_lab_cfm,stream_total_lab_cfm,calc_excess_cfm,stream_excess_cfm
count,4502.0,4502,4502.0,4502.0,4502.0,4502.0,949.0,954.0,949.0,954.0,4502.0,4502.0,4502.0,4502.0
mean,0.5837405597512216,0.66859173700577523,934.0354153708739,350.0,0.0,874.0354153708757,379.7829776838164,404.1292552690434,37.09608167853065,392.2314220474716,874.0354153708757,874.0436174499516,0.0,0.00820207907596623
std,0.815307042830382,0.47077176483775568,116.26179504484345,0.0,0.0,116.26179504479836,74.6988694840651,56.889537062629465,32.19527708499605,62.307238706221874,116.26179504479836,116.25144590017878,0.0,0.5503344469140111
min,0.0,False,768.9200000000001,350.0,0.0,708.9200000000001,350.0,378.22008,17.544808879534088,364.11004,708.9200000000001,708.9200000000001,0.0,0.0
25%,0.0,0.0,768.9200000000001,350.0,0.0,708.9200000000001,350.0,385.63616,25.198570391451522,367.81808,708.9200000000001,708.9200000000001,0.0,0.0
50%,0.0,1.0,1015.88,350.0,0.0,955.88,350.0,387.75504,26.696844807970226,368.87752,955.88,955.88,0.0,0.0
75%,1.0,1.0,1015.88,350.0,0.0,955.88,358.99433934933336,387.75504,28.19511922449061,375.81386431000004,955.88,955.88,0.0,0.0
max,2.0,True,1015.88,350.0,0.0,955.88,836.9330322702222,883.57296,279.9052211999425,809.8445986239999,955.88,955.88,0.0,36.92575999999997
