,per_hour_hood_data_count,occupancy,min_lab_cfm,min_hood_cfm,min_additional_hood_cfm,min_possible_lab_cfm,calc_hood_cfm,stream_hood_cfm,stream_and_calc_hood_cfm_std,stream_and_calc_hood_cfm_mean,calc_total_lab_cfm,stream_total_lab_cfm,calc_excess_cfm,stream_excess_cfm
count,949.0,949,949.0,949.0,949.0,949.0,949.0,949.0,949.0,949.0,949.0,949.0,949.0,949.0
mean,2.0,0.69125395152792413,1015.8800000000042,350.0,0.0,955.8800000000042,380.1527087082901,404.001182135582,37.30887073733679,392.0769454219366,955.8800000000042,955.8800000000042,0.0,0.0
std,0.0,0.46221970386268135,0.00016857963173135692,0.0,0.0,0.00015699250416124889,75.79628682369948,56.84488880198401,33.04407402898163,62.36180434847404,0.00015699250416124889,0.00015699250416124889,0.0,0.0
min,2.0,False,1015.88,350.0,0.0,955.88,350.0,378.22008,21.684074914788937,364.11004,955.88,955.88,0.0,0.0
25%,2.0,False,1015.88,350.0,0.0,955.88,350.0,385.63616,25.198570391451522,367.81808,955.88,955.88,0.0,0.0
50%,2.0,1.0,1015.88,350.0,0.0,955.88,350.0,387.75504,26.696844807970226,368.87752,955.88,955.88,0.0,0.0
75%,2.0,True,1015.88,350.0,0.0,955.88,359.09190379377776,387.75504,28.19511922449061,374.5278666666667,955.88,955.88,0.0,0.0
max,2.0,True,1015.88,350.0,0.0,955.88,841.7315277653333,883.57296,292.2705443948277,808.397932032,955.88,955.88,0.0,0.0
