,per_hour_hood_data_count,occupancy,min_lab_cfm,min_hood_cfm,min_additional_hood_cfm,min_possible_lab_cfm,calc_hood_cfm,stream_hood_cfm,stream_and_calc_hood_cfm_std,stream_and_calc_hood_cfm_mean,calc_total_lab_cfm,stream_total_lab_cfm,calc_excess_cfm,stream_excess_cfm
count,4502.0,4502,4502.0,4502.0,4502.0,4502.0,949.0,954.0,949.0,954.0,4502.0,4502.0,4502.0,4502.0
mean,0.5837405597512216,0.68436250555308753,937.9301643713176,350.0,0.0,877.9301643713194,357.10204296527536,404.1292552690434,34.62793009461535,380.78861233936004,877.9301643713194,877.9322479608351,0.0,0.0020835895157707398
std,0.815307042830382,0.46482088830782264,114.79216657701538,0.0,0.0,114.79216657697386,28.197456011979714,56.889537062629465,29.561005852008794,39.74174511918565,114.79216657697386,114.7891832886856,0.0,0.1398024907023273
min,0.0,False,768.9200000000001,350.0,0.0,708.9200000000001,350.0,378.22008,23.47296585883626,364.11004,708.9200000000001,708.9200000000001,0.0,0.0
25%,0.0,0.0,768.9200000000001,350.0,0.0,708.9200000000001,350.0,385.63616,25.198570391451522,367.81808,708.9200000000001,708.9200000000001,0.0,0.0
50%,0.0,1.0,1015.88,350.0,0.0,955.88,350.0,387.75504,26.69684480796991,368.87752,955.88,955.88,0.0,0.0
75%,1.0,1.0,1015.88,350.0,0.0,955.88,350.0,387.75504,26.696844807970226,368.87752,955.88,955.88,0.0,0.0
max,2.0,True,1015.88,350.0,0.0,955.88,571.1299844444445,883.57296,303.5962810215194,668.8979709466666,955.88,955.88,0.0,9.38031999999987
