,per_hour_hood_data_count,occupancy,min_lab_cfm,min_hood_cfm,min_additional_hood_cfm,min_possible_lab_cfm,calc_hood_cfm,stream_hood_cfm,stream_and_calc_hood_cfm_std,stream_and_calc_hood_cfm_mean,calc_total_lab_cfm,stream_total_lab_cfm,calc_excess_cfm,stream_excess_cfm
count,949.0,949,949.0,949.0,949.0,949.0,949.0,949.0,949.0,949.0,949.0,949.0,949.0,949.0
mean,2.0,0.68071654373024237,1015.8800000000042,350.0,0.0,955.8800000000042,357.1233220971481,404.001182135582,34.679769813159865,380.56225211636576,955.8800000000042,955.8800000000042,0.0,0.0
std,0.0,0.46644484565740707,0.00016857963173135692,0.0,0.0,0.00015699250416124889,28.09720985821997,56.84488880198401,29.610553550189884,39.51317969470027,0.00015699250416124889,0.00015699250416124889,0.0,0.0
min,2.0,False,1015.88,350.0,0.0,955.88,350.0,378.22008,23.47296585883626,364.11004,955.88,955.88,0.0,0.0
25%,2.0,False,1015.88,350.0,0.0,955.88,350.0,385.63616,25.198570391451522,367.81808,955.88,955.88,0.0,0.0
50%,2.0,1.0,1015.88,350.0,0.0,955.88,350.0,387.75504,26.69684480796991,368.87752,955.88,955.88,0.0,0.0
75%,2.0,True,1015.88,350.0,0.0,955.88,350.0,387.75504,26.696844807970226,368.87752,955.88,955.88,0.0,0.0
max,2.0,True,1015.88,350.0,0.0,955.88,575.6800046666666,883.57296,306.51770763151507,679.4773038599999,955.88,955.88,0.0,0.0
