,per_hour_hood_data_count,occupancy,min_lab_cfm,min_hood_cfm,min_additional_hood_cfm,min_possible_lab_cfm,calc_hood_cfm,stream_hood_cfm,stream_and_calc_hood_cfm_std,stream_and_calc_hood_cfm_mean,calc_total_lab_cfm,stream_total_lab_cfm,calc_excess_cfm,stream_excess_cfm
count,949.0,949,949.0,949.0,949.0,949.0,949.0,949.0,949.0,949.0,949.0,949.0,949.0,949.0
mean,2.0,0.67650158061116961,935.9888303477416,350.0,0.0,875.9888303477411,407.7082709356035,404.001182135582,52.93417796628686,405.8547265355931,876.3335690722065,875.9888303477411,0.34473872446551873,0.0
std,0.0,0.46805773523162425,115.5915382927131,0.0,0.0,115.5915382927305,106.00322869694212,56.84488880198401,48.78371439629765,76.88196630855505,115.53349579970048,115.5915382927305,5.6048975100903595,0.0
min,2.0,False,768.9200000000001,350.0,0.0,708.9200000000001,350.0,378.22008,19.992731431991583,364.69220186,708.9200000000001,708.9200000000001,0.0,0.0
25%,2.0,False,768.9200000000001,350.0,0.0,708.9200000000001,350.0,385.63616,25.198570391451838,367.81808,708.9200000000001,708.9200000000001,0.0,0.0
50%,2.0,1.0,1015.88,350.0,0.0,955.88,354.09639038666666,387.75504,28.920377644166184,375.5873066666667,955.88,955.88,0.0,0.0
75%,2.0,True,1015.88,350.0,0.0,955.88,406.43680000000006,387.75504,55.991259790442896,397.54741537999996,955.88,955.88,0.0,0.0
max,2.0,True,1015.88,350.0,0.0,955.88,1083.301755511111,883.57296,364.80137278155627,930.4653577555555,1083.301755511111,955.88,127.42175551111097,0.0
