,per_hour_hood_data_count,occupancy,min_lab_cfm,min_hood_cfm,min_additional_hood_cfm,min_possible_lab_cfm,calc_hood_cfm,stream_hood_cfm,stream_and_calc_hood_cfm_std,stream_and_calc_hood_cfm_mean,calc_total_lab_cfm,stream_total_lab_cfm,calc_excess_cfm,stream_excess_cfm
count,949.0,949,949.0,949.0,949.0,949.0,949.0,949.0,949.0,949.0,949.0,949.0,949.0,949.0
mean,2.0,0.67860906217070605,1015.8800000000042,350.0,0.0,955.8800000000042,407.8413450808674,404.001182135582,53.023584112364276,405.92126360822465,955.9920327603742,955.8800000000042,0.11203276036998001,0.0
std,0.0,0.46725674413419388,0.00016857963173135692,0.0,0.0,0.00015699250416124889,106.73491830221079,56.84488880198401,49.38763956892283,77.1412829909581,3.4512636906038883,0.00015699250416124889,3.4512636942017894,0.0
min,2.0,False,1015.88,350.0,0.0,955.88,350.0,378.22008,19.98600890654789,364.11004,955.88,955.88,0.0,0.0
25%,2.0,False,1015.88,350.0,0.0,955.88,350.0,385.63616,25.198570391451838,367.81808,955.88,955.88,0.0,0.0
50%,2.0,1.0,1015.88,350.0,0.0,955.88,354.09639038666666,387.75504,30.16723714279655,375.8967019533333,955.88,955.88,0.0,0.0
75%,2.0,True,1015.88,350.0,0.0,955.88,407.33979076,387.75504,55.044466487348956,397.75951524,955.88,955.88,0.0,0.0
max,2.0,True,1015.88,350.0,0.0,955.88,1062.199089591111,883.57296,365.29238139473523,919.9140247955554,1062.199089591111,955.88,106.31908959111104,0.0
