,per_hour_hood_data_count,occupancy,min_lab_cfm,min_hood_cfm,min_additional_hood_cfm,min_possible_lab_cfm,calc_hood_cfm,stream_hood_cfm,stream_and_calc_hood_cfm_std,stream_and_calc_hood_cfm_mean,calc_total_lab_cfm,stream_total_lab_cfm,calc_excess_cfm,stream_excess_cfm
count,4502.0,4502,4502.0,4502.0,4502.0,4502.0,949.0,954.0,949.0,954.0,4502.0,4502.0,4502.0,4502.0
mean,0.5837405597512216,0.67969791203909369,936.7781963571018,350.0,0.0,876.7781963571036,407.7082709356035,404.1292552690434,52.93417796628686,406.2807816498067,876.8508656262104,876.7781963571036,0.07266926910656982,0.0
std,0.815307042830382,0.4666444356921518,115.24250983904759,0.0,0.0,115.24250983900438,106.00322869694212,56.889537062629465,48.78371439629765,77.35617278176854,115.22983822698697,115.24250983900438,2.576115750048274,0.0
min,0.0,False,768.9200000000001,350.0,0.0,708.9200000000001,350.0,378.22008,19.992731431991583,364.69220186,708.9200000000001,708.9200000000001,0.0,0.0
25%,0.0,0.0,768.9200000000001,350.0,0.0,708.9200000000001,350.0,385.63616,25.198570391451838,367.8689163216667,708.9200000000001,708.9200000000001,0.0,0.0
50%,0.0,1.0,1015.88,350.0,0.0,955.88,354.09639038666666,387.75504,28.920377644166184,378.1566775775,955.88,955.88,0.0,0.0
75%,1.0,1.0,1015.88,350.0,0.0,955.88,406.43680000000006,387.75504,55.991259790442896,397.6614086666666,955.88,955.88,0.0,0.0
max,2.0,True,1015.88,350.0,0.0,955.88,1083.301755511111,883.57296,364.80137278155627,930.4653577555555,1083.301755511111,955.88,127.42175551111097,0.0
