,per_hour_hood_data_count,occupancy,min_lab_cfm,min_hood_cfm,min_additional_hood_cfm,min_possible_lab_cfm,calc_hood_cfm,stream_hood_cfm,stream_and_calc_hood_cfm_std,stream_and_calc_hood_cfm_mean,calc_total_lab_cfm,stream_total_lab_cfm,calc_excess_cfm,stream_excess_cfm
count,949.0,949,949.0,949.0,949.0,949.0,949.0,949.0,949.0,949.0,949.0,949.0,949.0,949.0
mean,2.0,0.69336143308746045,940.152539515286,350.0,0.0,880.1525395152855,357.13521770956993,404.001182135582,34.674336982415,380.56819992257647,880.1525395152855,880.1525395152855,0.0,0.0
std,0.0,0.4613411208388507,113.93280320227336,0.0,0.0,113.93280320228881,28.386398052309424,56.84488880198401,29.814941542851674,39.525499123648885,113.93280320228881,113.93280320228881,0.0,0.0
min,2.0,False,768.9200000000001,350.0,0.0,708.9200000000001,350.0,378.22008,23.47296585883626,364.11004,708.9200000000001,708.9200000000001,0.0,0.0
25%,2.0,False,768.9200000000001,350.0,0.0,708.9200000000001,350.0,385.63616,25.198570391451522,367.81808,708.9200000000001,708.9200000000001,0.0,0.0
50%,2.0,1.0,1015.88,350.0,0.0,955.88,350.0,387.75504,26.69684480796991,368.87752,955.88,955.88,0.0,0.0
75%,2.0,True,1015.88,350.0,0.0,955.88,350.0,387.75504,26.696844807970226,368.87752,955.88,955.88,0.0,0.0
max,2.0,True,1015.88,350.0,0.0,955.88,575.6800046666666,883.57296,313.9835764655566,668.8979709466666,955.88,955.88,0.0,0.0
