,per_hour_hood_data_count,occupancy,min_lab_cfm,min_hood_cfm,min_additional_hood_cfm,min_possible_lab_cfm,calc_hood_cfm,stream_hood_cfm,stream_and_calc_hood_cfm_std,stream_and_calc_hood_cfm_mean,calc_total_lab_cfm,stream_total_lab_cfm,calc_excess_cfm,stream_excess_cfm
count,949.0,949,949.0,949.0,949.0,949.0,949.0,949.0,949.0,949.0,949.0,949.0,949.0,949.0
mean,2.0,0.68177028451001054,1015.8800000000042,350.0,0.0,955.8800000000042,379.9243488292515,404.001182135582,37.258748338526004,391.9627654824176,955.8800000000042,955.8800000000042,0.0,0.0
std,0.0,0.46603478836711204,0.00016857963173135692,0.0,0.0,0.00015699250416124889,75.21119647890238,56.84488880198401,32.60735451090259,62.09750307572292,0.00015699250416124889,0.00015699250416124889,0.0,0.0
min,2.0,False,1015.88,350.0,0.0,955.88,350.0,378.22008,20.21351892569679,364.11004,955.88,955.88,0.0,0.0
25%,2.0,False,1015.88,350.0,0.0,955.88,350.0,385.63616,25.198570391451522,367.81808,955.88,955.88,0.0,0.0
50%,2.0,1.0,1015.88,350.0,0.0,955.88,350.0,387.75504,26.696844807970226,368.87752,955.88,955.88,0.0,0.0
75%,2.0,True,1015.88,350.0,0.0,955.88,358.99433934933336,387.75504,28.19511922449061,375.5873066666667,955.88,955.88,0.0,0.0
max,2.0,True,1015.88,350.0,0.0,955.88,834.1602941155556,883.57296,279.9052211999425,805.1158495928888,955.88,955.88,0.0,0.0
