,per_hour_hood_data_count,occupancy,min_lab_cfm,min_hood_cfm,min_additional_hood_cfm,min_possible_lab_cfm,calc_hood_cfm,stream_hood_cfm,stream_and_calc_hood_cfm_std,stream_and_calc_hood_cfm_mean,calc_total_lab_cfm,stream_total_lab_cfm,calc_excess_cfm,stream_excess_cfm
count,4502.0,4502,4502.0,4502.0,4502.0,4502.0,949.0,954.0,949.0,954.0,4502.0,4502.0,4502.0,4502.0
mean,0.5837405597512216,0.6816970235450911,1015.879999999915,350.0,0.0,955.8799999999165,379.9243488292515,404.1292552690434,37.258748338526004,392.314022187412,955.8799999999165,955.8799999999165,0.0,0.0
std,0.815307042830382,0.46586950970799151,0.00038208074141205873,0.0,0.0,0.0003391918836406667,75.21119647890238,56.889537062629465,32.60735451090259,62.46359279776165,0.0003391918836406667,0.0003391918836406667,0.0,0.0
min,0.0,False,1015.88,350.0,0.0,955.88,350.0,378.22008,20.21351892569679,364.11004,955.88,955.88,0.0,0.0
25%,0.0,0.0,1015.88,350.0,0.0,955.88,350.0,385.63616,25.198570391451522,367.81808,955.88,955.88,0.0,0.0
50%,0.0,1.0,1015.88,350.0,0.0,955.88,350.0,387.75504,26.696844807970226,368.87752,955.88,955.88,0.0,0.0
75%,1.0,1.0,1015.88,350.0,0.0,955.88,358.99433934933336,387.75504,28.19511922449061,376.03603843288886,955.88,955.88,0.0,0.0
max,2.0,True,1015.88,350.0,0.0,955.88,834.1602941155556,883.57296,279.9052211999425,805.1158495928888,955.88,955.88,0.0,0.0
