,per_hour_hood_data_count,occupancy,min_lab_cfm,min_hood_cfm,min_additional_hood_cfm,min_possible_lab_cfm,calc_hood_cfm,stream_hood_cfm,stream_and_calc_hood_cfm_std,stream_and_calc_hood_cfm_mean,calc_total_lab_cfm,stream_total_lab_cfm,calc_excess_cfm,stream_excess_cfm
count,806.0,806,806.0,806.0,806.0,806.0,806.0,806.0,806.0,806.0,806.0,806.0,806.0,806.0
mean,3.0,0.65260545905707201,802.5029693961859,690.0,2.753680727874281,805.2566501240624,813.8762884050064,1038.2615329721539,284.2606640351259,926.0689106885806,862.2563051172318,1038.2615329721539,56.99965499316822,233.00488284808387
std,0.0,0.47643803705233889,87.92028723092207,0.0,3.776565507034829,84.143721723846,116.99417711716033,101.26720866139789,55.016702786256666,102.48225209291216,105.77622663060009,101.26720866139789,101.91450395573702,122.3441738860038
min,3.0,False,682.0733333333334,690.0,0.0,690.0,690.0,981.0414399999999,99.41577604734458,837.6396,690.0,981.0414399999999,0.0,114.43143999999972
25%,3.0,0.0,682.0733333333334,690.0,0.0,690.0,754.5118750000001,985.2792,254.35773917273423,872.3555916,808.4071606187499,985.2792,0.0,121.18536999999975
50%,3.0,1.0,866.6100000000001,690.0,0.0,866.6100000000001,786.6176692222223,995.8735999999999,271.1380034974328,892.950595,866.6100000000001,995.8735999999999,0.0,190.7111199999997
75%,3.0,1.0,866.6100000000001,690.0,7.92666666666662,866.6100000000001,831.4385360375001,1038.2512,310.96372690844066,933.2616811140624,866.6100000000001,1038.2512,92.94052041076384,303.37407333333323
max,3.0,True,866.6100000000001,690.0,7.92666666666662,866.6100000000001,1584.1334942999997,1755.49208,563.8024746856786,1521.7560471499999,1584.1334942999997,1755.49208,894.1334942999997,888.8820799999999
