,per_hour_hood_data_count,occupancy,min_lab_cfm,min_hood_cfm,min_additional_hood_cfm,min_possible_lab_cfm,calc_hood_cfm,stream_hood_cfm,stream_and_calc_hood_cfm_std,stream_and_calc_hood_cfm_mean,calc_total_lab_cfm,stream_total_lab_cfm,calc_excess_cfm,stream_excess_cfm
count,4813.0,4813,4813.0,4813.0,4813.0,4813.0,806.0,808.0,806.0,808.0,4813.0,4813.0,4813.0,4813.0
mean,1.0186993559110742,0.64928319135674217,866.6099999999578,690.0,0.0,866.6099999999578,1132.6966043813409,1038.1321368344343,325.9729977714787,1085.427457375216,912.6634260284293,895.4049068277657,46.053426028463356,28.794906827804287
std,1.1901784495984677,0.47724401620095974,0.00019658688434446295,0.0,0.0,0.00019658688434446295,294.28002794582585,101.1750621215992,146.31915419082313,183.3150373938313,155.28335195107422,76.33723349669826,155.2833519510576,76.3372334965521
min,0.0,False,866.6100000000001,690.0,0.0,866.6100000000001,705.51940686,981.0414399999999,50.988004111866445,845.39930343,866.6100000000001,866.6100000000001,0.0,0.0
25%,0.0,False,866.6100000000001,690.0,0.0,866.6100000000001,902.5389106975001,985.2792,234.82409467108525,948.9264353512499,866.6100000000001,866.6100000000001,0.0,0.0
50%,0.0,1.0,866.6100000000001,690.0,0.0,866.6100000000001,1055.5449998950003,995.8735999999999,289.0743668827523,1037.7162332829166,866.6100000000001,866.6100000000001,0.0,0.0
75%,2.0,True,866.6100000000001,690.0,0.0,866.6100000000001,1299.0445449564236,1038.2512,402.32552026524223,1160.704292498611,866.6100000000001,866.6100000000001,0.0,0.0
max,3.0,True,866.6100000000001,690.0,0.0,866.6100000000001,2141.88971605,1755.49208,937.9519840276579,1948.6908980249998,2141.88971605,1755.49208,1275.27971605,888.8820799999999
