,per_hour_hood_data_count,occupancy,min_lab_cfm,min_hood_cfm,min_additional_hood_cfm,min_possible_lab_cfm,calc_hood_cfm,stream_hood_cfm,stream_and_calc_hood_cfm_std,stream_and_calc_hood_cfm_mean,calc_total_lab_cfm,stream_total_lab_cfm,calc_excess_cfm,stream_excess_cfm
count,4813.0,4813,4813.0,4813.0,4813.0,4813.0,806.0,808.0,806.0,808.0,4813.0,4813.0,4813.0,4813.0
mean,1.0186993559110742,0.65011427384167875,802.0432543804533,690.0,2.773427522681536,804.8166819031561,813.8762884050064,1038.1321368344343,284.2606640351259,925.9193812900736,814.3620220079736,843.8860121674807,9.545340104818946,39.06933026433041
std,1.1901784495984677,0.47698320232603852,88.02089021352329,0.0,3.7808868504377413,84.24000336294957,116.99417711716033,101.1750621215992,55.016702786256666,102.39998363293883,90.8027697225872,123.45382976488773,46.80418224907833,100.3836854880298
min,0.0,False,682.0733333333334,690.0,0.0,690.0,690.0,981.0414399999999,99.41577604734458,837.6396,690.0,690.0,0.0,0.0
25%,0.0,False,682.0733333333334,690.0,0.0,690.0,754.5118750000001,985.2792,254.35773917273423,872.3555916,690.0,690.0,0.0,0.0
50%,0.0,1.0,866.6100000000001,690.0,0.0,866.6100000000001,786.6176692222223,995.8735999999999,271.1380034974328,892.8945164791667,866.6100000000001,866.6100000000001,0.0,0.0
75%,2.0,True,866.6100000000001,690.0,7.92666666666662,866.6100000000001,831.4385360375001,1038.2512,310.96372690844066,933.192656383854,866.6100000000001,866.6100000000001,0.0,0.0
max,3.0,True,866.6100000000001,690.0,7.92666666666662,866.6100000000001,1584.1334942999997,1755.49208,563.8024746856786,1521.7560471499999,1584.1334942999997,1755.49208,894.1334942999997,888.8820799999999
