,per_hour_hood_data_count,occupancy,min_lab_cfm,min_hood_cfm,min_additional_hood_cfm,min_possible_lab_cfm,calc_hood_cfm,stream_hood_cfm,stream_and_calc_hood_cfm_std,stream_and_calc_hood_cfm_mean,calc_total_lab_cfm,stream_total_lab_cfm,calc_excess_cfm,stream_excess_cfm
count,4813.0,4813,4813.0,4813.0,4813.0,4813.0,806.0,808.0,806.0,808.0,4813.0,4813.0,4813.0,4813.0
mean,1.0186993559110742,0.6642426760856015,866.6099999999578,690.0,0.0,866.6099999999578,1170.731488872551,1038.1321368344343,310.19719149160494,1104.2245234687496,917.7364559670903,895.4049068277657,51.12645596712245,28.794906827804287
std,1.1901784495984677,0.47230360033379509,0.00019658688434446295,0.0,0.0,0.00019658688434446295,198.55169563310045,101.1750621215992,127.77241736597301,141.08678084973528,139.4963477878527,76.33723349669826,139.4963477878492,76.3372334965521
min,0.0,False,866.6100000000001,690.0,0.0,866.6100000000001,758.0008816133334,981.0414399999999,110.88172094993375,872.1697608066667,866.6100000000001,866.6100000000001,0.0,0.0
25%,0.0,False,866.6100000000001,690.0,0.0,866.6100000000001,1050.0981667633337,985.2792,228.78170227688753,1018.1033353533333,866.6100000000001,866.6100000000001,0.0,0.0
50%,0.0,1.0,866.6100000000001,690.0,0.0,866.6100000000001,1146.6724395288888,995.8735999999999,270.478154488536,1074.222523818889,866.6100000000001,866.6100000000001,0.0,0.0
75%,2.0,True,866.6100000000001,690.0,0.0,866.6100000000001,1230.55370667625,1038.2512,372.40224634784795,1132.0072963716666,866.6100000000001,866.6100000000001,0.0,0.0
max,3.0,True,866.6100000000001,690.0,0.0,866.6100000000001,2023.2040770533335,1755.49208,826.7042871252039,1769.6414590533334,2023.2040770533335,1755.49208,1156.5940770533334,888.8820799999999
