,per_hour_hood_data_count,occupancy,min_lab_cfm,min_hood_cfm,min_additional_hood_cfm,min_possible_lab_cfm,calc_hood_cfm,stream_hood_cfm,stream_and_calc_hood_cfm_std,stream_and_calc_hood_cfm_mean,calc_total_lab_cfm,stream_total_lab_cfm,calc_excess_cfm,stream_excess_cfm
count,806.0,806,806.0,806.0,806.0,806.0,806.0,806.0,806.0,806.0,806.0,806.0,806.0,806.0
mean,3.0,0.65632754342431765,866.6099999999888,690.0,0.0,866.6099999999888,1132.6966043813409,1038.2615329721539,325.9729977714787,1085.4790686767467,1141.6163765198419,1038.2615329721539,275.00637651984385,171.6515329721531
std,0.0,0.47522826098144499,9.187440457841982e-05,0.0,0.0,9.187440457841982e-05,294.28002794582585,101.26720866139789,146.31915419082313,183.52442002516386,284.7746628967125,101.26720866139789,284.7746628967119,101.26720866136938
min,3.0,False,866.6100000000001,690.0,0.0,866.6100000000001,705.51940686,981.0414399999999,50.988004111866445,845.39930343,866.6100000000001,981.0414399999999,0.0,114.43143999999972
25%,3.0,0.0,866.6100000000001,690.0,0.0,866.6100000000001,902.5389106975001,985.2792,234.82409467108525,948.88576671375,902.5389106975001,985.2792,35.92891069749999,118.66919999999982
50%,3.0,1.0,866.6100000000001,690.0,0.0,866.6100000000001,1055.5449998950003,995.8735999999999,289.0743668827523,1037.7162332829166,1055.5449998950003,995.8735999999999,188.93499989500003,129.26359999999977
75%,3.0,1.0,866.6100000000001,690.0,0.0,866.6100000000001,1299.0445449564236,1038.2512,402.32552026524223,1161.0733841625,1299.0445449564236,1038.2512,432.4345449564234,171.6411999999998
max,3.0,True,866.6100000000001,690.0,0.0,866.6100000000001,2141.88971605,1755.49208,937.9519840276579,1948.6908980249998,2141.88971605,1755.49208,1275.27971605,888.8820799999999
