,per_hour_hood_data_count,occupancy,min_lab_cfm,min_hood_cfm,min_additional_hood_cfm,min_possible_lab_cfm,calc_hood_cfm,stream_hood_cfm,stream_and_calc_hood_cfm_std,stream_and_calc_hood_cfm_mean,calc_total_lab_cfm,stream_total_lab_cfm,calc_excess_cfm,stream_excess_cfm
count,806.0,806,806.0,806.0,806.0,806.0,806.0,806.0,806.0,806.0,806.0,806.0,806.0,806.0
mean,3.0,0.6550868486352357,802.9608767576417,690.0,2.734011579818036,805.6948883374617,1170.7884862973833,1038.2615329721539,310.5328669973538,1104.5250096347686,1171.5672964746263,1038.2615329721539,365.87240813715897,232.56664463468454
std,0.0,0.47563510195518571,87.77211626453838,0.0,3.770200908164728,84.00191535633714,199.96400606352606,101.26720866139789,127.19311781587311,141.98604743919466,198.64182780518502,101.26720866139789,210.20476019474,122.59701957821954
min,3.0,False,682.0733333333334,690.0,0.0,690.0,774.6328810533334,981.0414399999999,118.50350377923995,880.4857605266666,774.6328810533334,981.0414399999999,0.0,114.43143999999972
25%,3.0,0.0,682.0733333333334,690.0,0.0,690.0,1052.6099674733334,985.2792,231.4718341367805,1019.5504130825,1052.6099674733334,985.2792,218.0344354933332,121.36194333333313
50%,3.0,1.0,866.6100000000001,690.0,0.0,866.6100000000001,1142.4974056148149,995.8735999999999,271.1739614511579,1073.3760726599999,1142.4974056148149,995.8735999999999,344.32186649555547,190.4756888888886
75%,3.0,1.0,866.6100000000001,690.0,7.92666666666662,866.6100000000001,1228.3143502066666,1038.2512,372.3318443654443,1132.155548453889,1228.3143502066666,1038.2512,479.97321238,301.6358399999999
max,3.0,True,866.6100000000001,690.0,7.92666666666662,866.6100000000001,2027.27434344,1755.49208,790.9440118025059,1778.0374923866668,2027.27434344,1755.49208,1337.27434344,888.8820799999999
