,per_hour_hood_data_count,occupancy,min_lab_cfm,min_hood_cfm,min_additional_hood_cfm,min_possible_lab_cfm,calc_hood_cfm,stream_hood_cfm,stream_and_calc_hood_cfm_std,stream_and_calc_hood_cfm_mean,calc_total_lab_cfm,stream_total_lab_cfm,calc_excess_cfm,stream_excess_cfm
count,4795.0,4795,4795.0,4795.0,4795.0,4795.0,1265.0,1272.0,1265.0,1272.0,4795.0,4795.0,4795.0,4795.0
mean,0.6719499478623566,0.71678832116788316,452.05000000002576,350.0,0.0,422.05000000003236,366.8297628368243,527.9648629175443,113.67050830318941,447.73440474740363,423.20727201395584,451.28255353078833,1.157272013923627,29.23255353076115
std,0.8649983864675505,0.45060533617751708,0.00018857063075184303,0.0,0.0,0.00019815137942981413,38.19986607108115,187.6542342913447,119.63605163864963,106.3045742259435,9.750619667179977,106.99855712137341,9.750619669190716,106.99855712154165
min,0.0,False,452.05000000000007,350.0,0.0,422.05000000000007,350.0,411.06271999999996,43.17786338969582,380.53135999999995,422.05000000000007,422.05000000000007,0.0,0.0
25%,0.0,0.0,452.05000000000007,350.0,0.0,422.05000000000007,350.0,413.1816,44.67613780621614,381.5908,422.05000000000007,422.05000000000007,0.0,0.0
50%,0.0,1.0,452.05000000000007,350.0,0.0,422.05000000000007,350.0,417.41936,47.67268663925684,383.70968000000005,422.05000000000007,422.05000000000007,0.0,0.0
75%,2.0,1.0,452.05000000000007,350.0,0.0,422.05000000000007,357.74946666666665,559.5608933333333,88.75943728708506,485.17589774249996,422.05000000000007,422.05000000000007,0.0,0.0
max,2.0,True,452.05000000000007,350.0,0.0,422.05000000000007,602.2298572830555,1243.7825599999999,529.7748876363437,924.5481555199999,602.2298572830555,1243.7825599999999,180.1798572830554,821.7325599999998
