,per_hour_hood_data_count,occupancy,min_lab_cfm,min_hood_cfm,min_additional_hood_cfm,min_possible_lab_cfm,calc_hood_cfm,stream_hood_cfm,stream_and_calc_hood_cfm_std,stream_and_calc_hood_cfm_mean,calc_total_lab_cfm,stream_total_lab_cfm,calc_excess_cfm,stream_excess_cfm
count,4795.0,4795,4795.0,4795.0,4795.0,4795.0,1265.0,1272.0,1265.0,1272.0,4795.0,4795.0,4795.0,4795.0
mean,0.6719499478623566,0.72325338894681956,418.7435453597642,350.0,5.06446298227308,393.80800834204575,452.17927143309197,527.9648629175443,102.74651128384741,490.5402452993696,416.8396225884311,430.0704622922269,23.03161424638423,36.262453950179655
std,0.8649983864675505,0.44743678445231133,53.84901700861221,0.0,8.18809315547739,45.66092385306933,154.59507863978033,187.6542342913447,103.37240415027073,152.9016195156778,90.13456962981812,119.89492245564877,79.58659676555112,114.56948246361102
min,0.0,False,331.70000000000005,350.0,0.0,320.0,350.0,411.06271999999996,10.27745528058648,380.53135999999995,320.0,320.0,0.0,0.0
25%,0.0,0.0,331.70000000000005,350.0,0.0,320.0,350.0,413.1816,44.399102797437706,382.65023999999994,388.9934222222222,422.05000000000007,0.0,0.0
50%,0.0,1.0,452.05000000000007,350.0,0.0,422.05000000000007,355.73812362666666,417.41936,46.17441222273652,404.7280677833333,422.05000000000007,422.05000000000007,0.0,0.0
75%,2.0,1.0,452.05000000000007,350.0,18.299999999999955,422.05000000000007,540.4989333333333,559.5608933333333,116.79454300817744,588.1815999999999,422.05000000000007,422.05000000000007,0.0,0.0
max,2.0,True,452.05000000000007,350.0,18.299999999999955,422.05000000000007,1181.6186185066665,1243.7825599999999,401.91820803892097,1133.0761857566667,1181.6186185066665,1243.7825599999999,759.5686185066664,821.7325599999998
