,per_hour_hood_data_count,occupancy,min_lab_cfm,min_hood_cfm,min_additional_hood_cfm,min_possible_lab_cfm,calc_hood_cfm,stream_hood_cfm,stream_and_calc_hood_cfm_std,stream_and_calc_hood_cfm_mean,calc_total_lab_cfm,stream_total_lab_cfm,calc_excess_cfm,stream_excess_cfm
count,1265.0,1265,1265.0,1265.0,1265.0,1265.0,1265.0,1265.0,1265.0,1265.0,1265.0,1265.0,1265.0,1265.0
mean,2.0,0.70750988142292492,452.0499999999963,350.0,0.0,422.04999999999274,427.39328492609377,527.5841373210404,97.9881012451555,477.48871112356306,474.1117683878025,531.8842472252998,52.06176838780248,109.83424722529621
std,0.0,0.455086109641541,5.7247815252448885e-05,0.0,0.0,2.569392978069974e-05,140.7193026294113,187.45128058408548,105.47511912489622,145.8751622203545,117.89028068055457,184.86889402605956,117.89028068058482,184.8688940260827
min,2.0,False,452.05000000000007,350.0,0.0,422.05000000000007,350.0,411.06271999999996,13.119215346781875,380.53135999999995,422.05000000000007,422.05000000000007,0.0,0.0
25%,2.0,False,452.05000000000007,350.0,0.0,422.05000000000007,350.0,413.1816,44.67613780621582,382.65023999999994,422.05000000000007,422.05000000000007,0.0,0.0
50%,2.0,1.0,452.05000000000007,350.0,0.0,422.05000000000007,350.0,417.41936,46.17441222273652,387.47392,422.05000000000007,422.05000000000007,0.0,0.0
75%,2.0,True,452.05000000000007,350.0,0.0,422.05000000000007,425.52048,556.2942866666667,99.68009435348867,561.805851852,425.52048,556.2942866666667,3.4704799999999523,134.24428666666665
max,2.0,True,452.05000000000007,350.0,0.0,422.05000000000007,1199.0724372705554,1243.7825599999999,404.63915008688866,1139.0087434483335,1199.0724372705554,1243.7825599999999,777.0224372705553,821.7325599999998
