,per_hour_hood_data_count,occupancy,min_lab_cfm,min_hood_cfm,min_additional_hood_cfm,min_possible_lab_cfm,calc_hood_cfm,stream_hood_cfm,stream_and_calc_hood_cfm_std,stream_and_calc_hood_cfm_mean,calc_total_lab_cfm,stream_total_lab_cfm,calc_excess_cfm,stream_excess_cfm
count,4795.0,4795,4795.0,4795.0,4795.0,4795.0,1265.0,1272.0,1265.0,1272.0,4795.0,4795.0,4795.0,4795.0
mean,0.6719499478623566,0.71929092805005213,418.2666631908381,350.0,5.136976016683922,393.4036392075304,366.8125021654577,527.9648629175443,113.68271344096048,447.7238820471053,397.6458806900198,430.17122425121175,4.242241482489149,36.76758504367987
std,0.8649983864675505,0.44939248593561065,54.08438568212968,0.0,8.223882492621774,45.860503189443754,38.5326675760617,187.6542342913447,119.60695292624813,106.3796489044189,44.30123667081988,119.82645610938687,16.721132607057356,114.34287553441902
min,0.0,False,331.70000000000005,350.0,0.0,320.0,350.0,411.06271999999996,43.17786338969582,380.53135999999995,320.0,320.0,0.0,0.0
25%,0.0,0.0,331.70000000000005,350.0,0.0,320.0,350.0,413.1816,44.67613780621614,381.5908,350.0,419.53824,0.0,0.0
50%,0.0,1.0,452.05000000000007,350.0,0.0,422.05000000000007,350.0,417.41936,47.67268663925684,383.70968000000005,422.05000000000007,422.05000000000007,0.0,0.0
75%,2.0,1.0,452.05000000000007,350.0,18.299999999999955,422.05000000000007,356.47849113333336,559.5608933333333,89.43470069289202,485.176617975,422.05000000000007,422.05000000000007,0.0,0.0
max,2.0,True,452.05000000000007,350.0,18.299999999999955,422.05000000000007,606.2520377725,1243.7825599999999,524.5479000150117,928.14615538,606.2520377725,1243.7825599999999,184.20203777249992,821.7325599999998
