,per_hour_hood_data_count,occupancy,min_lab_cfm,min_hood_cfm,min_additional_hood_cfm,min_possible_lab_cfm,calc_hood_cfm,stream_hood_cfm,stream_and_calc_hood_cfm_std,stream_and_calc_hood_cfm_mean,calc_total_lab_cfm,stream_total_lab_cfm,calc_excess_cfm,stream_excess_cfm
count,4795.0,4795,4795.0,4795.0,4795.0,4795.0,1265.0,1272.0,1265.0,1272.0,4795.0,4795.0,4795.0,4795.0
mean,0.6719499478623566,0.71657977059436917,452.05000000002576,350.0,0.0,422.05000000003236,413.92592458463605,527.9648629175443,95.70400888391785,471.39624922538036,432.6358636695146,451.28255353078833,10.585863669481826,29.23255353076115
std,0.8649983864675505,0.45070563232368316,0.00018857063075184303,0.0,0.0,0.00019815137942981413,107.78666769482145,187.6542342913447,99.6352064857681,133.56340506807277,45.4564570896584,106.99855712137341,45.45645709010203,106.99855712154165
min,0.0,False,452.05000000000007,350.0,0.0,422.05000000000007,350.0,411.06271999999996,22.13131088024505,380.53135999999995,422.05000000000007,422.05000000000007,0.0,0.0
25%,0.0,0.0,452.05000000000007,350.0,0.0,422.05000000000007,350.0,413.1816,44.67613780621614,382.65023999999994,422.05000000000007,422.05000000000007,0.0,0.0
50%,0.0,1.0,452.05000000000007,350.0,0.0,422.05000000000007,350.0,417.41936,47.47733660584085,384.76912,422.05000000000007,422.05000000000007,0.0,0.0
75%,2.0,1.0,452.05000000000007,350.0,0.0,422.05000000000007,467.3991466666667,559.5608933333333,73.79837772983616,558.6981754359999,422.05000000000007,422.05000000000007,0.0,0.0
max,2.0,True,452.05000000000007,350.0,0.0,422.05000000000007,938.8594060222222,1243.7825599999999,361.2218054092569,1040.4041453511113,938.8594060222222,1243.7825599999999,516.8094060222221,821.7325599999998
