,per_hour_hood_data_count,occupancy,min_lab_cfm,min_hood_cfm,min_additional_hood_cfm,min_possible_lab_cfm,calc_hood_cfm,stream_hood_cfm,stream_and_calc_hood_cfm_std,stream_and_calc_hood_cfm_mean,calc_total_lab_cfm,stream_total_lab_cfm,calc_excess_cfm,stream_excess_cfm
count,4794.0,4794,4794.0,4794.0,4794.0,4794.0,1451.0,1455.0,1451.0,1455.0,4794.0,4794.0,4794.0,4794.0
mean,0.3026700041718815,0.67521902377972465,191.97999999998797,230.0,38.019999999998014,230.0,253.93386390239257,227.43388640320518,21.010816367136762,240.61734250138667,237.24406268718653,235.48946040467246,7.244062687186438,5.489460404672518
std,0.4594615413499575,0.46834180634937395,6.516759467353617e-05,0.0,4.768033317093847e-06,0.0,87.82712551419523,70.80917266173417,23.742301388662298,77.6463339569728,49.542723906413364,36.74397295949657,49.54272390641357,36.7439729594959
min,0.0,False,191.98000000000002,230.0,38.01999999999998,230.0,230.0,205.53135999999998,1.3174813546891784,205.53135999999998,230.0,230.0,0.0,0.0
25%,0.0,0.0,191.98000000000002,230.0,38.01999999999998,230.0,230.0,205.53135999999998,15.803666853891304,217.76567999999997,230.0,230.0,0.0,0.0
50%,0.0,1.0,191.98000000000002,230.0,38.01999999999998,230.0,230.0,207.65024,15.803666853891766,218.82512,230.0,230.0,0.0,0.0
75%,1.0,1.0,191.98000000000002,230.0,38.01999999999998,230.0,230.0,209.76912,17.30194127041276,219.88456,230.0,230.0,0.0,0.0
max,1.0,True,191.98000000000002,230.0,38.01999999999998,230.0,859.6728758333334,627.1884799999999,192.8429723176782,732.48313125,859.6728758333334,627.1884799999999,629.6728758333334,397.1884799999999
