,per_hour_hood_data_count,occupancy,min_lab_cfm,min_hood_cfm,min_additional_hood_cfm,min_possible_lab_cfm,calc_hood_cfm,stream_hood_cfm,stream_and_calc_hood_cfm_std,stream_and_calc_hood_cfm_mean,calc_total_lab_cfm,stream_total_lab_cfm,calc_excess_cfm,stream_excess_cfm
count,4794.0,4794,4794.0,4794.0,4794.0,4794.0,1451.0,1455.0,1451.0,1455.0,4794.0,4794.0,4794.0,4794.0
mean,0.3026700041718815,0.6758448060075094,182.4736086775024,230.0,47.52639132248562,230.0,236.2831516385696,227.43388640320518,22.97824822519587,231.8162485169172,231.90172153265846,235.48946040467246,1.9017215326584456,5.489460404672518
std,0.4594615413499575,0.46810715892154986,13.728022614117064,0.0,13.728022613977943,0.0,24.01790280870679,70.80917266173417,27.70118319267874,46.572994593579836,13.522136880045208,36.74397295949657,13.522136880045515,36.7439729594959
min,0.0,False,162.65333333333334,230.0,38.01999999999998,230.0,230.0,205.53135999999998,3.6739005608743236,205.53135999999998,230.0,230.0,0.0,0.0
25%,0.0,0.0,162.65333333333334,230.0,38.01999999999998,230.0,230.0,205.53135999999998,15.803666853891304,217.76567999999997,230.0,230.0,0.0,0.0
50%,0.0,1.0,191.98000000000002,230.0,38.01999999999998,230.0,230.0,207.65024,15.803666853891766,218.82512,230.0,230.0,0.0,0.0
75%,1.0,1.0,191.98000000000002,230.0,67.34666666666666,230.0,230.0,209.76912,17.30194127041276,219.88456,230.0,230.0,0.0,0.0
max,1.0,True,191.98000000000002,230.0,67.34666666666666,230.0,438.433166675,627.1884799999999,225.49571326050443,521.8632766708333,438.433166675,627.1884799999999,208.433166675,397.1884799999999
