,per_hour_hood_data_count,occupancy,min_lab_cfm,min_hood_cfm,min_additional_hood_cfm,min_possible_lab_cfm,calc_hood_cfm,stream_hood_cfm,stream_and_calc_hood_cfm_std,stream_and_calc_hood_cfm_mean,calc_total_lab_cfm,stream_total_lab_cfm,calc_excess_cfm,stream_excess_cfm
count,4794.0,4794,4794.0,4794.0,4794.0,4794.0,1451.0,1455.0,1451.0,1455.0,4794.0,4794.0,4794.0,4794.0
mean,0.3026700041718815,0.68126825198164376,182.63266026977033,230.0,47.367339730217175,230.0,262.73980643036873,227.43388640320518,25.00610239913607,245.00820937702036,239.90935734886625,235.48946040467246,9.909357348866257,5.489460404672518
std,0.4594615413499575,0.46603339448060421,13.667206015615863,0.0,13.667206015474886,0.0,108.29997033320414,70.80917266173417,32.892222663113024,88.4158819324237,61.43742420811802,36.74397295949657,61.43742420811807,36.7439729594959
min,0.0,False,162.65333333333334,230.0,38.01999999999998,230.0,230.0,205.53135999999998,0.15686928170756118,205.53135999999998,230.0,230.0,0.0,0.0
25%,0.0,0.0,162.65333333333334,230.0,38.01999999999998,230.0,230.0,205.53135999999998,15.803666853891304,217.76567999999997,230.0,230.0,0.0,0.0
50%,0.0,1.0,191.98000000000002,230.0,38.01999999999998,230.0,230.0,207.65024,15.803666853891766,218.82512,230.0,230.0,0.0,0.0
75%,1.0,1.0,191.98000000000002,230.0,67.34666666666666,230.0,230.0,209.76912,17.30194127041276,219.88456,230.0,230.0,0.0,0.0
max,1.0,True,191.98000000000002,230.0,67.34666666666666,230.0,859.6728758333334,627.1884799999999,187.89132193545717,732.48313125,859.6728758333334,627.1884799999999,629.6728758333334,397.1884799999999
