,per_hour_hood_data_count,occupancy,min_lab_cfm,min_hood_cfm,min_additional_hood_cfm,min_possible_lab_cfm,calc_hood_cfm,stream_hood_cfm,stream_and_calc_hood_cfm_std,stream_and_calc_hood_cfm_mean,calc_total_lab_cfm,stream_total_lab_cfm,calc_excess_cfm,stream_excess_cfm
count,1451.0,1451,1451.0,1451.0,1451.0,1451.0,1451.0,1451.0,1451.0,1451.0,1451.0,1451.0,1451.0,1451.0
mean,1.0,0.67608545830461753,191.9800000000032,230.0,38.01999999999892,230.0,253.93386390239257,227.4942655249232,21.010816367136762,240.71406471365788,253.93386390239257,248.1367837215712,23.933863902392684,18.136783721571366
std,0.0,0.4681291933402133,3.971734827464429e-05,0.0,1.038773124263627e-05,0.0,87.82712551419523,70.89741513777692,23.742301388662298,77.73145744184696,87.82712551419523,65.06384160701788,87.8271255141949,65.06384160701677
min,1.0,False,191.98000000000002,230.0,38.01999999999998,230.0,230.0,205.53135999999998,1.3174813546891784,217.76567999999997,230.0,230.0,0.0,0.0
25%,1.0,0.0,191.98000000000002,230.0,38.01999999999998,230.0,230.0,205.53135999999998,15.803666853891304,217.76567999999997,230.0,230.0,0.0,0.0
50%,1.0,1.0,191.98000000000002,230.0,38.01999999999998,230.0,230.0,207.65024,15.803666853891766,218.82512,230.0,230.0,0.0,0.0
75%,1.0,1.0,191.98000000000002,230.0,38.01999999999998,230.0,230.0,209.76912,17.30194127041276,219.88456,230.0,230.0,0.0,0.0
max,1.0,True,191.98000000000002,230.0,38.01999999999998,230.0,859.6728758333334,627.1884799999999,192.8429723176782,732.48313125,859.6728758333334,627.1884799999999,629.6728758333334,397.1884799999999
