,per_hour_hood_data_count,occupancy,min_lab_cfm,min_hood_cfm,min_additional_hood_cfm,min_possible_lab_cfm,calc_hood_cfm,stream_hood_cfm,stream_and_calc_hood_cfm_std,stream_and_calc_hood_cfm_mean,calc_total_lab_cfm,stream_total_lab_cfm,calc_excess_cfm,stream_excess_cfm
count,4794.0,4794,4794.0,4794.0,4794.0,4794.0,1451.0,1455.0,1451.0,1455.0,4794.0,4794.0,4794.0,4794.0
mean,0.3026700041718815,0.68001668752607425,182.5959560561701,230.0,47.40404394381763,230.0,251.3575858113649,227.43388640320518,19.51195304956003,239.3327447315993,236.46430058662713,235.48946040467246,6.464300586627157,5.489460404672518
std,0.4594615413499575,0.46651837102057048,13.681428760943415,0.0,13.681428760802827,0.0,73.43860439435814,70.80917266173417,13.250137114720248,71.15630148136836,41.56775949750199,36.74397295949657,41.567759497502,36.7439729594959
min,0.0,False,162.65333333333334,230.0,38.01999999999998,230.0,230.0,205.53135999999998,2.614617072576078,205.53135999999998,230.0,230.0,0.0,0.0
25%,0.0,0.0,162.65333333333334,230.0,38.01999999999998,230.0,230.0,205.53135999999998,15.803666853891304,217.76567999999997,230.0,230.0,0.0,0.0
50%,0.0,1.0,191.98000000000002,230.0,38.01999999999998,230.0,230.0,207.65024,15.803666853891766,218.82512,230.0,230.0,0.0,0.0
75%,1.0,1.0,191.98000000000002,230.0,67.34666666666666,230.0,230.0,209.76912,17.30194127041276,219.88456,230.0,230.0,0.0,0.0
max,1.0,True,191.98000000000002,230.0,67.34666666666666,230.0,687.7383006666668,627.1884799999999,97.39649879249438,646.5158436666667,687.7383006666668,627.1884799999999,457.73830066666676,397.1884799999999
