,per_hour_hood_data_count,occupancy,min_lab_cfm,min_hood_cfm,min_additional_hood_cfm,min_possible_lab_cfm,calc_hood_cfm,stream_hood_cfm,stream_and_calc_hood_cfm_std,stream_and_calc_hood_cfm_mean,calc_total_lab_cfm,stream_total_lab_cfm,calc_excess_cfm,stream_excess_cfm
count,1451.0,1451,1451.0,1451.0,1451.0,1451.0,1451.0,1451.0,1451.0,1451.0,1451.0,1451.0,1451.0,1451.0
mean,1.0,0.68780151619572705,191.9800000000032,230.0,38.01999999999892,230.0,236.40710120432814,227.4942655249232,22.890602646722943,231.950683364626,236.40710120432814,248.1367837215712,6.407101204328112,18.136783721571366
std,0.0,0.46355008421637672,3.971734827464429e-05,0.0,1.038773124263627e-05,0.0,24.491040865574263,70.89741513777692,27.441515901641058,46.84348096929913,24.491040865574263,65.06384160701788,24.491040865573478,65.06384160701677
min,1.0,False,191.98000000000002,230.0,38.01999999999998,230.0,230.0,205.53135999999998,3.6739005608743236,217.76567999999997,230.0,230.0,0.0,0.0
25%,1.0,0.0,191.98000000000002,230.0,38.01999999999998,230.0,230.0,205.53135999999998,15.803666853891304,217.76567999999997,230.0,230.0,0.0,0.0
50%,1.0,1.0,191.98000000000002,230.0,38.01999999999998,230.0,230.0,207.65024,15.803666853891766,218.82512,230.0,230.0,0.0,0.0
75%,1.0,1.0,191.98000000000002,230.0,38.01999999999998,230.0,230.0,209.76912,17.30194127041276,219.88456,230.0,230.0,0.0,0.0
max,1.0,True,191.98000000000002,230.0,38.01999999999998,230.0,447.02989543333337,627.1884799999999,225.49571326050443,526.16164105,447.02989543333337,627.1884799999999,217.02989543333337,397.1884799999999
