,per_hour_hood_data_count,occupancy,min_lab_cfm,min_hood_cfm,min_additional_hood_cfm,min_possible_lab_cfm,calc_hood_cfm,stream_hood_cfm,stream_and_calc_hood_cfm_std,stream_and_calc_hood_cfm_mean,calc_total_lab_cfm,stream_total_lab_cfm,calc_excess_cfm,stream_excess_cfm
count,1451.0,1451,1451.0,1451.0,1451.0,1451.0,1451.0,1451.0,1451.0,1451.0,1451.0,1451.0,1451.0,1451.0
mean,1.0,0.67539627842866989,182.4604548587193,230.0,47.53954514128087,230.0,262.73980643036873,227.4942655249232,25.00610239913607,245.11703597764622,262.73980643036873,248.1367837215712,32.739806430368596,18.136783721571366
std,0.0,0.46838802595188733,13.736259507732388,0.0,13.736259507750578,0.0,108.29997033320414,70.89741513777692,32.892222663113024,88.51340229544554,108.29997033320414,65.06384160701788,108.29997033320458,65.06384160701677
min,1.0,False,162.65333333333334,230.0,38.01999999999998,230.0,230.0,205.53135999999998,0.15686928170756118,217.76567999999997,230.0,230.0,0.0,0.0
25%,1.0,0.0,162.65333333333334,230.0,38.01999999999998,230.0,230.0,205.53135999999998,15.803666853891304,217.76567999999997,230.0,230.0,0.0,0.0
50%,1.0,1.0,191.98000000000002,230.0,38.01999999999998,230.0,230.0,207.65024,15.803666853891766,218.82512,230.0,230.0,0.0,0.0
75%,1.0,1.0,191.98000000000002,230.0,67.34666666666666,230.0,230.0,209.76912,17.30194127041276,219.88456,230.0,230.0,0.0,0.0
max,1.0,True,191.98000000000002,230.0,67.34666666666666,230.0,859.6728758333334,627.1884799999999,187.89132193545717,732.48313125,859.6728758333334,627.1884799999999,629.6728758333334,397.1884799999999
