,per_hour_hood_data_count,occupancy,min_lab_cfm,min_hood_cfm,min_additional_hood_cfm,min_possible_lab_cfm,calc_hood_cfm,stream_hood_cfm,stream_and_calc_hood_cfm_std,stream_and_calc_hood_cfm_mean,calc_total_lab_cfm,stream_total_lab_cfm,calc_excess_cfm,stream_excess_cfm
count,1451.0,1451,1451.0,1451.0,1451.0,1451.0,1451.0,1451.0,1451.0,1451.0,1451.0,1451.0,1451.0,1451.0
mean,1.0,0.684355616815989,182.72320238915816,230.0,47.276797610842,230.0,251.3575858113649,227.4942655249232,19.51195304956003,239.42592566814398,251.3575858113649,248.1367837215712,21.357585811364984,18.136783721571366
std,0.0,0.46493223273469753,13.634912611982038,0.0,13.634912612001376,0.0,73.43860439435814,70.89741513777692,13.250137114720248,71.2321994348831,73.43860439435814,65.06384160701788,73.43860439435822,65.06384160701677
min,1.0,False,162.65333333333334,230.0,38.01999999999998,230.0,230.0,205.53135999999998,2.614617072576078,217.76567999999997,230.0,230.0,0.0,0.0
25%,1.0,0.0,162.65333333333334,230.0,38.01999999999998,230.0,230.0,205.53135999999998,15.803666853891304,217.76567999999997,230.0,230.0,0.0,0.0
50%,1.0,1.0,191.98000000000002,230.0,38.01999999999998,230.0,230.0,207.65024,15.803666853891766,218.82512,230.0,230.0,0.0,0.0
75%,1.0,1.0,191.98000000000002,230.0,67.34666666666666,230.0,230.0,209.76912,17.30194127041276,219.88456,230.0,230.0,0.0,0.0
max,1.0,True,191.98000000000002,230.0,67.34666666666666,230.0,687.7383006666668,627.1884799999999,97.39649879249438,646.5158436666667,687.7383006666668,627.1884799999999,457.73830066666676,397.1884799999999
