,percent_open,datastream_flow,occupancy,evacuation_cfm,datastream_and_calculated_cfm_std,datastream_and_calculated_cfm_mean
count,1502.0,1506.0,4502,1502.0,1502.0,1506.0
mean,18.994958617241856,210.04785417736363,0.43824966681474903,282.18090842456814,51.00499361396574,246.01399603081177
std,9.57931657411547,21.775152347428428,0.49622735958028669,53.9465856202423,30.991026572956997,34.831283088570636
min,0.9033333333333333,195.9964,False,263.0,4.304590764739362,205.53135999999998
25%,12.179999,207.29709333333332,0.0,263.0,38.78199973416076,235.32512
50%,19.765,207.65024,0.0,263.0,39.13819063304788,236.38456
75%,24.914998999999998,209.76912,1.0,279.121070774,49.566005413195874,242.661265926
max,121.38499499999999,627.1884799999999,True,1155.0,376.21565381342043,888.9753599999999
