,percent_open,datastream_flow,occupancy,evacuation_cfm,datastream_and_calculated_cfm_std,datastream_and_calculated_cfm_mean
count,1502.0,1506.0,4502,1502.0,1502.0,1506.0
mean,18.994958617241856,210.04785417736363,0.43824966681474903,316.6030701922294,75.33940581104294,263.1793635524012
std,9.57931657411547,21.775152347428428,0.49622735958028669,82.97440991294327,52.53742813785702,47.98335526243518
min,0.9033333333333333,195.9964,False,263.0,37.639916216527226,205.53135999999998
25%,12.179999,207.29709333333332,0.0,263.0,39.13819063304788,235.32512000000003
50%,19.765,207.65024,0.0,274.512,47.28655915856484,240.56888636000002
75%,24.914998999999998,209.76912,1.0,347.21364587,98.74432853738887,277.58804582
max,121.38499499999999,627.1884799999999,True,1155.0,395.6971913216367,888.9753599999999
