,percent_open,datastream_flow,occupancy,evacuation_cfm,datastream_and_calculated_cfm_std,datastream_and_calculated_cfm_mean
count,1502.0,1506.0,4502,1502.0,1502.0,1506.0
mean,18.994958617241856,210.04785417736363,0.43824966681474903,316.31649636666947,75.13676751567895,263.0364572157507
std,9.57931657411547,21.775152347428428,0.49622735958028669,82.5527249376628,52.5119298361155,47.63284235763785
min,0.9033333333333333,195.9964,False,263.0,37.639916216527226,205.53135999999998
25%,12.179999,207.29709333333332,0.0,263.0,39.13819063304788,235.32512000000003
50%,19.765,207.65024,0.0,276.20774418125006,48.47747610778716,241.66841494250002
75%,24.914998999999998,209.76912,1.0,345.72718543999997,98.62705347412205,277.30988737499996
max,121.38499499999999,627.1884799999999,True,1155.0,397.19546573815734,888.9753599999999
