,percent_open,datastream_flow,occupancy,evacuation_cfm,datastream_and_calculated_cfm_std,datastream_and_calculated_cfm_mean
count,1647.0,1654.0,4796,1647.0,1647.0,1654.0
mean,19.28605037069091,239.0499303352149,0.44766472060050044,287.6673263326602,38.93579964889935,263.2264564583857
std,20.09997954932404,79.35797533281186,0.49730532367691227,72.90497770276302,16.44448621833948,74.1805994750575
min,3.2975000000000003,201.2936,False,263.0,1.1961915901674676,205.53135999999998
25%,5.985,205.53135999999998,0.0,263.0,39.13819063304751,234.26567999999997
50%,11.969999000000001,207.65024,0.0,263.0,39.63761543855513,235.32512
75%,22.891249000000002,209.76912,1.0,263.0,40.63646504956854,236.38456
max,101.334999,690.75488,True,730.1475854400002,282.9908089188707,699.38249837
