,percent_open,datastream_flow,occupancy,evacuation_cfm,datastream_and_calculated_cfm_std,datastream_and_calculated_cfm_mean
count,1502.0,1506.0,4502,1502.0,1502.0,1506.0
mean,18.994958617241856,210.04785417736363,0.43824966681474903,265.0643518376233,39.53816108852208,237.47844888818517
std,9.57931657411547,21.775152347428428,0.49622735958028669,20.725025488219995,8.798536353529242,19.75000113370267
min,0.9033333333333333,195.9964,False,263.0,1.6813302200395455,205.53135999999998
25%,12.179999,207.29709333333332,0.0,263.0,37.63991621652742,235.14854666666668
50%,19.765,207.65024,0.0,263.0,39.13819063304788,235.32512
75%,24.914998999999998,209.76912,1.0,263.0,39.88732784130832,236.38456
max,121.38499499999999,627.1884799999999,True,858.19191465,166.34064395144023,740.5713173249999
