,percent_open,datastream_flow,occupancy,evacuation_cfm,datastream_and_calculated_cfm_std,datastream_and_calculated_cfm_mean
count,1502.0,1506.0,4502,1502.0,1502.0,1506.0
mean,18.994958617241856,210.04785417736363,0.43824966681474903,282.58530520588374,51.290945320324155,246.21565737395147
std,9.57931657411547,21.775152347428428,0.49622735958028669,54.353044670467796,31.20666609570468,35.05027809870718
min,0.9033333333333333,195.9964,False,263.0,4.304590764739362,205.53135999999998
25%,12.179999,207.29709333333332,0.0,263.0,39.13819063304751,235.32512
50%,19.765,207.65024,0.0,263.0,39.13819063304788,236.38456
75%,24.914998999999998,209.76912,1.0,277.80199719999996,49.23911955453443,242.56797688150004
max,121.38499499999999,627.1884799999999,True,1155.0,376.21565381342043,888.9753599999999
