,percent_open,datastream_flow,occupancy,evacuation_cfm,datastream_and_calculated_cfm_std,datastream_and_calculated_cfm_mean
count,1759.0,1765.0,4795,1759.0,1759.0,1765.0
mean,19.735723270718704,234.19989977211645,0.44984358706986444,327.6658976986286,67.45824892659857,280.74691359480227
std,16.538040221571816,78.35894190477737,0.497529856398578,135.57129088883988,59.83911277439224,101.80546201326281
min,0.0,205.53135999999998,False,263.0,0.7643027254111686,205.53135999999998
25%,3.76,207.65024000000003,0.0,263.0,37.63991621652742,235.32512000000003
50%,17.609999,209.76912,0.0,263.0,39.13819063304788,236.38456
75%,31.644999,209.76912000000002,1.0,295.03948865999996,47.151005363084145,263.02879293
max,90.25,637.78288,True,1155.0,376.21565381342043,891.0942399999999
