,percent_open,datastream_flow,occupancy,evacuation_cfm,datastream_and_calculated_cfm_std,datastream_and_calculated_cfm_mean
count,1759.0,1765.0,4795,1759.0,1759.0,1765.0
mean,19.735723270718704,234.19989977211645,0.44984358706986444,323.29609732455174,63.48325340556638,278.56944083049746
std,16.538040221571816,78.35894190477737,0.497529856398578,105.35803410602088,40.48322833874966,88.11669915998364
min,0.0,205.53135999999998,False,263.0,0.2458334348532609,205.53135999999998
25%,3.76,207.65024000000003,0.0,263.0,37.63991621652742,235.32512000000003
50%,17.609999,209.76912,0.0,263.0,39.13819063304788,236.38456
75%,31.644999,209.76912000000002,1.0,354.4239888,96.79929270438672,282.0965544
max,90.25,637.78288,True,1031.255633408,285.718624229542,829.2220567039999
