,percent_open,datastream_flow,occupancy,evacuation_cfm,datastream_and_calculated_cfm_std,datastream_and_calculated_cfm_mean
count,1502.0,1506.0,4502,1502.0,1502.0,1506.0
mean,18.994958617241856,210.04785417736363,0.44513549533540647,289.6343398310758,56.462365200460574,249.7308134187846
std,9.57931657411547,21.775152347428428,0.49703597513152808,67.62003369157436,41.6989236188505,40.54935944595918
min,0.9033333333333333,195.9964,False,263.0,1.6813302200395455,205.53135999999998
25%,12.179999,207.29709333333332,0.0,263.0,38.38905342478776,235.32512
50%,19.765,207.65024,0.0,263.0,39.13819063304788,235.90569166666666
75%,24.914998999999998,209.76912,1.0,270.7380122265001,43.75169942237921,240.486498529
max,121.38499499999999,627.1884799999999,True,1155.0,397.19546573815734,888.9753599999999
