,bac,avg_percent_open,level,correlation,usage
8,22275,79.19479840000001,2,0.7241147,high
18,22334,78.27244944,2,0.422739446,high
