,percent_open,datastream_flow,occupancy,evacuation_cfm,datastream_and_calculated_cfm_std,datastream_and_calculated_cfm_mean
count,1802.0,1805.0,3953,1802.0,1802.0,1805.0
mean,3.6423411343029586,600.1122881169497,0.44852011130786745,175.86991961715626,299.9843765824379,388.34385684244006
std,9.777577032043078,0.7996737835190939,0.49740567907666716,6.381342792511722,4.47162894022819,9.248524070238423
min,0.0,595.40528,False,175.0,208.18384054099994,385.20264
25%,0.0,599.6430399999999,False,175.0,300.2679731676703,387.32151999999996
50%,0.0,599.6430399999999,0.0,175.0,300.2679731676703,387.32151999999996
75%,0.67,600.7024799999999,True,175.0,300.7673979731771,387.85123999999996
max,66.525002,601.7619199999999,True,307.34550924,301.7662475841908,601.7619199999999
