,percent_open,datastream_flow,occupancy,evacuation_cfm,datastream_and_calculated_cfm_std,datastream_and_calculated_cfm_mean
count,1802.0,1805.0,3953,1802.0,1802.0,1805.0
mean,3.6423411343029586,600.1122881169497,0.44852011130786745,186.6964005918573,292.3487909277534,393.74810025418856
std,9.777577032043078,0.7996737835190939,0.49740567907666716,45.01711010174363,31.593785536232364,24.06124605868565
min,0.0,595.40528,False,175.0,17.923105482593687,385.20264
25%,0.0,599.6430399999999,False,175.0,300.2679731676703,387.32151999999996
50%,0.0,599.6430399999999,0.0,175.0,300.2679731676703,387.32151999999996
75%,0.67,600.7024799999999,True,175.0,300.7673979731771,387.85123999999996
max,66.525002,601.7619199999999,True,627.1090188533334,301.7662475841908,614.4354694266667
