,per_hour_hood_data_count,occupancy,min_lab_cfm,min_hood_cfm,min_additional_hood_cfm,min_possible_lab_cfm,calc_hood_cfm,stream_hood_cfm,stream_and_calc_hood_cfm_std,stream_and_calc_hood_cfm_mean,calc_total_lab_cfm,stream_total_lab_cfm,calc_excess_cfm,stream_excess_cfm,description
0,1.0,0.5157509157509158,454.4399999999932,175.0,0.0,454.4399999999932,183.62507514308635,213.47086458933978,23.832312598465744,198.5479698662137,455.1673899373949,454.5861351078483,0.7273899374017091,0.1461351078551077,current operation
1,1.0,0.5062271062271062,393.4689230769273,175.0,0.0,393.4689230769273,183.6037390211624,213.47086458933978,23.882255523556175,198.53730180525164,394.5591035366878,393.9472396157958,1.0901804597606837,0.47831653886853864,reduced unoccupied ach
2,1.0,0.5245421245421246,454.4399999999932,175.0,0.0,454.4399999999932,183.72215101496963,213.47086458933978,23.86428711579288,198.5965078021553,455.235162931298,454.5861351078483,0.7951629313048432,0.1461351078551077,reduced unoccupied face velocity
3,1.0,0.5062271062271062,454.4399999999932,175.0,0.0,454.4399999999932,179.89646903593538,213.47086458933978,24.05812914447316,196.68366681263814,454.4425288047521,454.5861351078483,0.002528804758974391,0.1461351078551077,sash reduced 20%
4,1.0,0.5010989010989011,454.4399999999932,175.0,0.0,454.4399999999932,176.28924150400567,213.47086458933978,26.29137781915902,194.88005304667328,454.4399999999932,454.5861351078483,0.0,0.1461351078551077,sash reduced 50%
5,1.0,0.5025641025641026,393.01661538461985,175.0,0.0,393.01661538461985,179.8627081135089,213.47086458933978,24.026041610807052,196.66678635142483,393.22649541388483,393.5106880309365,0.20988002926495722,0.49407264631664605,"reduced ach, sash reduced 20%"
6,1.0,0.4908424908424908,391.5692307692354,175.0,0.0,391.5692307692354,176.26878548926976,213.47086458933978,26.305842405894886,194.86982503930528,391.5692307692354,392.20988068050923,0.0,0.6406499112739107,"reduced ach, sash reduced 50%"
7,1.0,0.5208791208791209,395.2781538461581,175.0,0.0,395.2781538461581,176.307186667453,213.47086458933978,26.27868867239594,194.8890256283969,395.2781538461581,395.54704482214504,0.0,0.2688909759869758,"all reduced (ach, face vel, sash 50%)"
