,per_hour_hood_data_count,occupancy,min_lab_cfm,min_hood_cfm,min_additional_hood_cfm,min_possible_lab_cfm,calc_hood_cfm,stream_hood_cfm,stream_and_calc_hood_cfm_std,stream_and_calc_hood_cfm_mean,calc_total_lab_cfm,stream_total_lab_cfm,calc_excess_cfm,stream_excess_cfm,description
0,1.0,0.6806451612903226,541.6800000000214,175.0,0.0,541.6800000000214,629.7663077664788,387.2954272078846,186.86414299726937,508.5308674871812,640.0534829166421,546.4620079785151,98.3734829166396,4.782007978494604,current operation
1,1.0,0.6779569892473118,507.6851397849584,175.0,0.0,507.6851397849584,629.6567072969506,387.2954272078846,186.83237912851772,508.47606725241644,637.9461795948406,514.7054160621387,130.26103980989265,7.020276277180408,reduced unoccupied ach
2,1.0,0.6973118279569892,541.6800000000214,175.0,0.0,541.6800000000214,629.2458081213045,387.2954272078846,186.6697919163089,508.27061766459275,639.5642227947886,546.4620079785151,97.88422279478608,4.782007978494604,reduced unoccupied face velocity
3,1.0,0.6897849462365592,541.6800000000214,175.0,0.0,541.6800000000214,504.0857593709245,387.2954272078846,111.00304970867916,445.69059328940523,543.4167477478709,546.4620079785151,1.7367477478547146,4.782007978494604,sash reduced 20%
4,1.0,0.6801075268817204,541.6800000000214,175.0,0.0,541.6800000000214,315.0612257343973,387.2954272078846,51.092313420518316,351.1783264711404,541.6800000000214,546.4620079785151,0.0,4.782007978494604,sash reduced 50%
5,1.0,0.6801075268817204,507.9121505376464,175.0,0.0,507.9121505376464,503.8272979787377,387.2954272078846,110.73449362783619,445.5613625933109,534.6931328973656,515.4796472174554,26.78098235971995,7.567496679808848,"reduced ach, sash reduced 20%"
6,1.0,0.6940860215053763,509.3877204301194,175.0,0.0,509.3877204301194,314.8982717330941,387.2954272078846,51.197389301717536,351.09684947049,509.3877204301194,516.1056411780285,0.0,6.717920747909201,"reduced ach, sash reduced 50%"
7,1.0,0.6881720430107527,508.7634408602272,175.0,0.0,508.7634408602272,314.72914996513714,387.2954272078846,51.32712644882988,351.01228858651154,508.7634408602272,516.1327118255798,0.0,7.3692709653524515,"all reduced (ach, face vel, sash 50%)"
