,per_hour_hood_data_count,occupancy,min_lab_cfm,min_hood_cfm,min_additional_hood_cfm,min_possible_lab_cfm,calc_hood_cfm,stream_hood_cfm,stream_and_calc_hood_cfm_std,stream_and_calc_hood_cfm_mean,calc_total_lab_cfm,stream_total_lab_cfm,calc_excess_cfm,stream_excess_cfm
count,4502.0,4502,4502.0,4502.0,4502.0,4502.0,1352.0,1355.0,1352.0,1355.0,4502.0,4502.0,4502.0,4502.0
mean,0.6685917370057752,0.68125277654375838,832.8078276322328,526.0,0.0,802.8078276322317,870.7192056884327,458.58678110455014,291.58561120588865,664.4382377426674,847.9142118967867,803.6132860813158,45.10638426456054,0.8054584490843573
std,0.9068524920074262,0.46604256807602518,96.9554958622649,0.0,0.0,96.95549586181306,318.5111476876526,131.23589361765434,167.36669932078846,212.74382567961908,182.78428523731986,97.44284709942279,152.94131983852705,10.407316364465453
min,0.0,False,691.0799999999999,526.0,0.0,661.0799999999999,531.3615893599999,380.33896,87.66070640700683,458.49887468,661.0799999999999,661.0799999999999,0.0,0.0
25%,0.0,0.0,691.0799999999999,526.0,0.0,661.0799999999999,631.9469583840001,385.63615999999996,165.7832262169659,508.987698656,661.0799999999999,661.0799999999999,0.0,0.0
50%,0.0,1.0,899.12,526.0,0.0,869.12,763.0237848053334,387.75504,214.86743451257735,581.239031488,869.12,869.12,0.0,0.0
75%,2.0,1.0,899.12,526.0,0.0,869.12,1086.177503144,449.20255999999995,366.10911538013295,818.9414572266667,869.12,869.12,0.0,0.0
max,2.0,True,899.12,526.0,0.0,869.12,2283.3999534080003,1097.5798399999999,925.7830117107839,1643.874536704,2283.3999534080003,1097.5798399999999,1414.2799534080004,228.45983999999987
