,per_hour_hood_data_count,occupancy,min_lab_cfm,min_hood_cfm,min_additional_hood_cfm,min_possible_lab_cfm,calc_hood_cfm,stream_hood_cfm,stream_and_calc_hood_cfm_std,stream_and_calc_hood_cfm_mean,calc_total_lab_cfm,stream_total_lab_cfm,calc_excess_cfm,stream_excess_cfm
count,4502.0,4502,4502.0,4502.0,4502.0,4502.0,1352.0,1355.0,1352.0,1355.0,4502.0,4502.0,4502.0,4502.0
mean,0.6685917370057752,0.68014215904042652,899.1200000000816,526.0,0.0,869.1200000000806,870.1915508127026,458.58678110455014,291.24739652175714,664.1714800630903,907.0716859935272,869.6361094171297,37.95168599345334,0.5161094170492124
std,0.9068524920074262,0.46647308172479912,0.00023061226304586167,0.0,0.0,0.00042786071061277616,317.98216565526565,131.23589361765434,167.09425696016552,212.4475255368973,142.03190791590055,8.46735254149966,142.03190791650883,8.467352552287771
min,0.0,False,899.12,526.0,0.0,869.12,534.1470292480001,380.33896,71.9883020891353,459.891594624,869.12,869.12,0.0,0.0
25%,0.0,0.0,899.12,526.0,0.0,869.12,633.606871544,385.63615999999996,165.2686356308179,509.6048087413334,869.12,869.12,0.0,0.0
50%,0.0,1.0,899.12,526.0,0.0,869.12,759.538349136,387.75504,214.56007343249394,581.7397432,869.12,869.12,0.0,0.0
75%,2.0,1.0,899.12,526.0,0.0,869.12,1081.6408470133333,449.20255999999995,368.24797060078595,818.3071231773333,869.12,869.12,0.0,0.0
max,2.0,True,899.12,526.0,0.0,869.12,2229.1499556480003,1097.5798399999999,946.000552467515,1616.749537824,2229.1499556480003,1097.5798399999999,1360.0299556480004,228.45983999999987
