,per_hour_hood_data_count,occupancy,min_lab_cfm,min_hood_cfm,min_additional_hood_cfm,min_possible_lab_cfm,calc_hood_cfm,stream_hood_cfm,stream_and_calc_hood_cfm_std,stream_and_calc_hood_cfm_mean,calc_total_lab_cfm,stream_total_lab_cfm,calc_excess_cfm,stream_excess_cfm
count,1779.0,1779,1779.0,1779.0,1779.0,1779.0,1779.0,1779.0,1779.0,1779.0,1779.0,1779.0,1779.0,1779.0
mean,1.0,0.55536818437324342,238.95071388421107,175.0,0.0,238.95071388421107,289.8781645054279,291.4049735744139,40.322341206593805,290.6415690399229,307.84714377104547,310.28055251639745,68.89642988684098,71.32983863219064
std,0.0,0.4970646309874075,30.529709635220115,0.0,0.0,30.529709635220115,88.46827700151626,119.20160976176783,52.5575203093331,93.93542314533912,70.63997048391741,108.23123688322222,71.84823985903108,107.30832459766937
min,1.0,False,204.84,175.0,0.0,204.84,175.0,194.23066666666665,0.24613474417405073,187.08736,204.84,204.84,0.0,0.0
25%,1.0,0.0,204.84,175.0,0.0,204.84,196.8464599686667,201.2936,17.094108445285844,200.05818287733334,266.26,237.31455999999997,0.0,0.0
50%,1.0,1.0,266.26,175.0,0.0,266.26,285.59289128533334,226.72016,24.801076819787397,256.83272,285.59289128533334,266.26,47.44751283200003,2.810239999999993
75%,1.0,1.0,266.26,175.0,0.0,266.26,391.62292623999997,379.27952,41.99575055717917,390.2492315191111,391.62292623999997,379.27952,130.0586984960001,113.01952
max,1.0,True,266.26,175.0,0.0,266.26,514.554851328,628.6010666666667,320.74439019345124,542.6199323306666,514.554851328,628.6010666666667,248.29485132800005,423.7610666666667
