,per_hour_hood_data_count,occupancy,min_lab_cfm,min_hood_cfm,min_additional_hood_cfm,min_possible_lab_cfm,calc_hood_cfm,stream_hood_cfm,stream_and_calc_hood_cfm_std,stream_and_calc_hood_cfm_mean,calc_total_lab_cfm,stream_total_lab_cfm,calc_excess_cfm,stream_excess_cfm
count,4794.0,4794,4794.0,4794.0,4794.0,4794.0,1779.0,1784.0,1779.0,1784.0,4794.0,4794.0,4794.0,4794.0
mean,0.3710888610763454,0.56362119315811432,266.2600000000081,175.0,0.0,266.2600000000081,302.0146182670341,291.3353270789699,60.625804862629565,296.6252816496471,291.24232010741423,288.07550831456643,24.982320107406903,21.81550831456001
std,0.4831465724848906,0.49598755900425234,2.8648923339409476e-05,0.0,0.0,2.8648923339409476e-05,117.45685257637521,119.09890628075536,55.93167824787198,103.02502306222117,63.619469064163276,65.40757625853726,63.61946906417261,65.40757625854057
min,0.0,False,266.26,175.0,0.0,266.26,175.0,194.23066666666665,0.06758319184655329,187.08736,266.26,266.26,0.0,0.0
25%,0.0,0.0,266.26,175.0,0.0,266.26,191.3942736688889,201.2936,18.59238286180676,200.614705686,266.26,266.26,0.0,0.0
50%,0.0,1.0,266.26,175.0,0.0,266.26,278.017605768,226.72016,45.886199498120455,275.3378846177777,266.26,266.26,0.0,0.0
75%,1.0,1.0,266.26,175.0,0.0,266.26,377.08393347333333,379.27952,92.53260910637265,372.73312448,266.26,266.26,0.0,0.0
max,1.0,True,266.26,175.0,0.0,266.26,636.4936312,628.6010666666667,320.74439019345124,603.5893222666666,636.4936312,628.6010666666667,370.2336312,362.34106666666673
