,per_hour_hood_data_count,occupancy,min_lab_cfm,min_hood_cfm,min_additional_hood_cfm,min_possible_lab_cfm,calc_hood_cfm,stream_hood_cfm,stream_and_calc_hood_cfm_std,stream_and_calc_hood_cfm_mean,calc_total_lab_cfm,stream_total_lab_cfm,calc_excess_cfm,stream_excess_cfm
count,4794.0,4794,4794.0,4794.0,4794.0,4794.0,1779.0,1784.0,1779.0,1784.0,4794.0,4794.0,4794.0,4794.0
mean,0.3710888610763454,0.56153525239883184,239.32949520233973,175.0,0.0,239.32949520233973,289.8781645054279,291.3353270789699,40.322341206593805,290.5740621311787,264.89619290127496,265.85312244611856,25.566697698934107,26.523627243777046
std,0.4831465724848906,0.49625072502401962,30.479719530961177,0.0,0.0,30.479719530961177,88.46827700151626,119.09890628075536,52.5575203093331,93.88496345314421,59.35482195986802,78.08938335227496,54.981592990327115,73.90387084086159
min,0.0,False,204.84,175.0,0.0,204.84,175.0,194.23066666666665,0.24613474417405073,187.08736,204.84,204.84,0.0,0.0
25%,0.0,0.0,204.84,175.0,0.0,204.84,196.8464599686667,201.2936,17.094108445285844,199.99079626666668,204.84,204.84,0.0,0.0
50%,0.0,1.0,266.26,175.0,0.0,266.26,285.59289128533334,226.72016,24.801076819787397,256.83272,266.26,266.26,0.0,0.0
75%,1.0,1.0,266.26,175.0,0.0,266.26,391.62292623999997,379.27952,41.99575055717917,389.8949558026667,266.26,266.26,0.0,0.0
max,1.0,True,266.26,175.0,0.0,266.26,514.554851328,628.6010666666667,320.74439019345124,542.6199323306666,514.554851328,628.6010666666667,248.29485132800005,423.7610666666667
