,percent_open,datastream_flow,occupancy,evacuation_cfm,datastream_and_calculated_cfm_std,datastream_and_calculated_cfm_mean
count,1767.0,1769.0,4794,1767.0,1767.0,1769.0
mean,38.984496902459696,215.18940062998692,0.41906549853984149,290.8719239934179,56.070687067007775,253.06506714833714
std,8.748699456505983,53.86891466965595,0.49345759616623375,62.85703022930919,27.736751268321015,54.013237945258616
min,21.3449995,175.86704,False,175.0,0.28116451249846736,176.49295999999998
25%,33.22666566666667,177.98592,0.0,245.7343391253334,34.60949445325318,212.723142896
50%,40.134997999999996,190.6992,0.0,296.5760000000001,66.99434608236685,243.67351268266668
75%,45.727498999999995,233.25337333333334,1.0,337.8143988053333,78.44672539026227,287.4075695626667
max,57.364998,514.88784,True,427.24864,93.02473212172423,491.58016
