,percent_open,datastream_flow,occupancy,evacuation_cfm,datastream_and_calculated_cfm_std,datastream_and_calculated_cfm_mean
count,1767.0,1769.0,4794,1767.0,1767.0,1769.0
mean,38.984496902459696,215.18940062998692,0.41906549853984149,361.7102506876397,103.75249807405572,288.4441862180623
std,8.748699456505983,53.86891466965595,0.49345759616623375,81.97307782160556,41.786928184386866,62.737600636201776
min,21.3449995,175.86704,False,189.43633333333332,0.47490598160744507,183.71112666666664
25%,33.22666566666667,177.98592,0.0,308.4521816133333,76.00185260065948,243.92558852666664
50%,40.134997999999996,190.6992,0.0,369.92106666666666,122.53766739624508,281.33402
75%,45.727498999999995,233.25337333333334,1.0,419.6675544444444,135.5720238556292,328.78196462
max,57.364998,514.88784,True,534.0608,160.38822285043267,517.2274836266666
