,percent_open,datastream_flow,occupancy,evacuation_cfm,datastream_and_calculated_cfm_std,datastream_and_calculated_cfm_mean
count,1767.0,1769.0,4794,1767.0,1767.0,1769.0
mean,38.984496902459696,215.18940062998692,0.41906549853984149,194.87656027835894,15.266034538398339,205.12165061794985
std,8.748699456505983,53.86891466965595,0.49345759616623375,23.56755446173103,25.879000467757123,37.46688346553006
min,21.3449995,175.86704,False,175.0,0.08943149990973259,175.43352
25%,33.22666566666667,177.98592,0.0,175.0,2.1113642800836105,176.49295999999998
50%,40.134997999999996,190.6992,0.0,185.18687138,4.591649738130143,188.8869820933333
75%,45.727498999999995,233.25337333333334,1.0,210.24149295333336,16.39208496046817,223.37318000000002
max,57.364998,514.88784,True,267.0304,178.8928113342868,491.58016
