,percent_open,datastream_flow,occupancy,evacuation_cfm,datastream_and_calculated_cfm_std,datastream_and_calculated_cfm_mean
count,1922.0,1926.0,4813,1922.0,1922.0,1926.0
mean,2.0241417335096523,599.8267642782897,0.44961562435071684,181.42755316427736,295.8531897916005,391.061442715921
std,7.607204257911792,0.5964224808457083,0.49750662366151882,35.138259641451896,24.87389819803199,19.952991922060047
min,0.0,599.6430399999999,False,175.0,21.27250059945206,387.32151999999996
25%,0.0,599.6430399999999,False,175.0,300.2679731676703,387.32151999999996
50%,0.0,599.6430399999999,0.0,175.0,300.2679731676703,387.32151999999996
75%,0.0,599.6430399999999,True,175.0,300.2679731676703,387.32151999999996
max,60.419998,601.7619199999999,True,569.5591811466667,301.7662475841908,599.6430399999999
