,percent_open,datastream_flow,occupancy,evacuation_cfm,datastream_and_calculated_cfm_std,datastream_and_calculated_cfm_mean
count,1922.0,1926.0,4813,1922.0,1922.0,1926.0
mean,2.0241417335096523,599.8267642782897,0.44421358819862872,175.50164160530662,300.0434420396598,388.1046405309931
std,7.607204257911792,0.5964224808457083,0.49692975657106675,4.676867167750405,3.3477069631158596,9.93363553638622
min,0.0,599.6430399999999,False,175.0,218.65456380890973,387.32151999999996
25%,0.0,599.6430399999999,False,175.0,300.2679731676703,387.32151999999996
50%,0.0,599.6430399999999,0.0,175.0,300.2679731676703,387.32151999999996
75%,0.0,599.6430399999999,True,175.0,300.2679731676703,387.32151999999996
max,60.419998,601.7619199999999,True,290.41879038666667,301.7662475841908,599.6430399999999
