,percent_open,datastream_flow,occupancy,evacuation_cfm,datastream_and_calculated_cfm_std,datastream_and_calculated_cfm_mean
count,1922.0,1926.0,4813,1922.0,1922.0,1926.0
mean,2.0241417335096523,599.8267642782897,0.44961562435071684,179.6873383572484,297.0837074823718,390.19314238904917
std,7.607204257911792,0.5964224808457083,0.49750662366151882,29.71792516500825,21.03851592741661,17.64467915880748
min,0.0,599.6430399999999,False,175.0,88.06834613508117,387.32151999999996
25%,0.0,599.6430399999999,False,175.0,300.2679731676703,387.32151999999996
50%,0.0,599.6430399999999,0.0,175.0,300.2679731676703,387.32151999999996
75%,0.0,599.6430399999999,True,175.0,300.2679731676703,387.32151999999996
max,60.419998,601.7619199999999,True,475.09559048,301.7662475841908,599.6430399999999
