,percent_open,datastream_flow,occupancy,evacuation_cfm,datastream_and_calculated_cfm_std,datastream_and_calculated_cfm_mean
count,1922.0,1926.0,4813,1922.0,1922.0,1926.0
mean,2.0241417335096523,599.8267642782897,0.44961562435071684,175.5119565260354,300.03614828926504,388.109787280121
std,7.607204257911792,0.5964224808457083,0.49750662366151882,4.89812097425436,3.5026123439077104,9.959927613935307
min,0.0,599.6430399999999,False,175.0,216.6608055946725,387.32151999999996
25%,0.0,599.6430399999999,False,175.0,300.2679731676703,387.32151999999996
50%,0.0,599.6430399999999,0.0,175.0,300.2679731676703,387.32151999999996
75%,0.0,599.6430399999999,True,175.0,300.2679731676703,387.32151999999996
max,60.419998,601.7619199999999,True,293.23839029333334,301.7662475841908,599.6430399999999
