,per_hour_hood_data_count,occupancy,min_lab_cfm,min_hood_cfm,min_additional_hood_cfm,min_possible_lab_cfm,calc_hood_cfm,stream_hood_cfm,stream_and_calc_hood_cfm_std,stream_and_calc_hood_cfm_mean,calc_total_lab_cfm,stream_total_lab_cfm,calc_excess_cfm,stream_excess_cfm
count,816.0,816,816.0,816.0,816.0,816.0,816.0,816.0,816.0,816.0,816.0,816.0,816.0,816.0
mean,4.0,0.6654411764705882,922.433823529424,1052.0,129.5661764705899,1022.0,1090.3772887917946,902.1260171064793,161.4807142935903,996.2516529491348,1090.3772887917946,1053.8193928962423,68.37728879179456,31.819392896241812
std,0.0,0.47212538780669311,110.25072056049137,0.0,110.2507205606183,0.0,94.11385057888691,162.67974505442606,34.48087247008986,123.30168544699455,94.11385057888691,110.19508069926036,94.11385057888535,110.19508069926303
min,4.0,False,767.04,1052.0,51.43999999999994,1022.0,1052.0,824.24432,103.81591431893172,938.1221599999999,1052.0,1022.0,30.0,0.0
25%,4.0,0.0,767.04,1052.0,51.43999999999994,1022.0,1052.0,830.60096,153.5562136991506,941.3004799999999,1052.0,1022.0,30.0,0.0
50%,4.0,1.0,1000.5600000000001,1052.0,51.43999999999994,1022.0,1052.0,832.71984,156.55276253219108,942.3599199999999,1052.0,1022.0,30.0,0.0
75%,4.0,1.0,1000.5600000000001,1052.0,284.96000000000004,1022.0,1052.0,889.9295999999999,158.05103694871144,989.7905890787499,1052.0,1022.0,30.0,0.0
max,4.0,True,1000.5600000000001,1052.0,284.96000000000004,1022.0,1650.5407455333334,1757.9641066666663,406.761656061628,1640.9098544283333,1650.5407455333334,1757.9641066666663,628.5407455333334,735.9641066666663
