,per_hour_hood_data_count,occupancy,min_lab_cfm,min_hood_cfm,min_additional_hood_cfm,min_possible_lab_cfm,calc_hood_cfm,stream_hood_cfm,stream_and_calc_hood_cfm_std,stream_and_calc_hood_cfm_mean,calc_total_lab_cfm,stream_total_lab_cfm,calc_excess_cfm,stream_excess_cfm
count,816.0,816,816.0,816.0,816.0,816.0,816.0,816.0,816.0,816.0,816.0,816.0,816.0,816.0
mean,4.0,0.66911764705882348,1000.5600000000186,1052.0,51.44000000000006,1022.0,1204.783502216231,902.1260171064793,216.10833222161412,1053.454759661356,1204.783502216231,1053.8193928962423,182.7835022162309,31.819392896241812
std,0.0,0.4708193676344814,0.00023295026042552264,0.0,3.206952411365015e-06,0.0,235.2670962293966,162.67974505442606,82.98673637290752,193.51928029385127,235.2670962293966,110.19508069926036,235.26709622939282,110.19508069926303
min,4.0,False,1000.5600000000001,1052.0,51.43999999999994,1022.0,1052.0,824.24432,104.17275229500719,939.1815999999999,1052.0,1022.0,30.0,0.0
25%,4.0,0.0,1000.5600000000001,1052.0,51.43999999999994,1022.0,1052.0,830.60096,156.5527625321917,942.35992,1052.0,1022.0,30.0,0.0
50%,4.0,1.0,1000.5600000000001,1052.0,51.43999999999994,1022.0,1111.2755152026666,832.71984,180.4587012471826,974.359838656,1111.2755152026666,1022.0,89.27551520266672,0.0
75%,4.0,1.0,1000.5600000000001,1052.0,51.43999999999994,1022.0,1252.3606914880002,889.9295999999999,243.04031071427582,1075.752280438,1252.3606914880002,1022.0,230.3606914880001,0.0
max,4.0,True,1000.5600000000001,1052.0,51.43999999999994,1022.0,2331.1192556773335,1757.9641066666663,623.365179301983,2044.5416811720002,2331.1192556773335,1757.9641066666663,1309.1192556773335,735.9641066666663
