,per_hour_hood_data_count,occupancy,min_lab_cfm,min_hood_cfm,min_additional_hood_cfm,min_possible_lab_cfm,calc_hood_cfm,stream_hood_cfm,stream_and_calc_hood_cfm_std,stream_and_calc_hood_cfm_mean,calc_total_lab_cfm,stream_total_lab_cfm,calc_excess_cfm,stream_excess_cfm
count,4502.0,4502,4502.0,4502.0,4502.0,4502.0,816.0,824.0,816.0,824.0,4502.0,4502.0,4502.0,4502.0
mean,1.245224344735673,0.67836517103509553,1000.560000000017,1052.0,51.440000000001916,1022.0,1090.3388690722813,901.5773149339243,161.78181990118412,995.5442519462674,1034.3866097652115,1027.7673533103807,12.386609765211384,5.767353310380568
std,1.6292205337293655,0.46715558515054845,0.00012003281554902334,0.0,1.9628422469953344e-05,0.0,94.45035232443921,162.0060106136788,34.927451580199744,123.0005933887486,48.04708450233699,48.46669278563003,48.0470845023432,48.466692785634685
min,0.0,False,1000.5600000000001,1052.0,51.43999999999994,1022.0,1052.0,824.24432,94.12825411363158,911.5067199999999,1022.0,1022.0,0.0,0.0
25%,0.0,0.0,1000.5600000000001,1052.0,51.43999999999994,1022.0,1052.0,830.60096,153.5562136991506,941.3004799999999,1022.0,1022.0,0.0,0.0
50%,0.0,1.0,1000.5600000000001,1052.0,51.43999999999994,1022.0,1052.0,832.71984,156.55276253219108,942.3599199999999,1022.0,1022.0,0.0,0.0
75%,3.0,1.0,1000.5600000000001,1052.0,51.43999999999994,1022.0,1052.0,889.9295999999999,158.05103694871144,989.1333716049999,1022.0,1022.0,0.0,0.0
max,4.0,True,1000.5600000000001,1052.0,51.43999999999994,1022.0,1679.7464945066667,1757.9641066666663,398.9071064014931,1654.93575392,1679.7464945066667,1757.9641066666663,657.7464945066667,735.9641066666663
