,per_hour_hood_data_count,occupancy,min_lab_cfm,min_hood_cfm,min_additional_hood_cfm,min_possible_lab_cfm,calc_hood_cfm,stream_hood_cfm,stream_and_calc_hood_cfm_std,stream_and_calc_hood_cfm_mean,calc_total_lab_cfm,stream_total_lab_cfm,calc_excess_cfm,stream_excess_cfm
count,4502.0,4502,4502.0,4502.0,4502.0,4502.0,816.0,824.0,816.0,824.0,4502.0,4502.0,4502.0,4502.0
mean,1.245224344735673,0.67836517103509553,925.4518347401586,1052.0,126.54816525988439,1022.0,1319.6131707362485,901.5773149339243,296.188354936299,1109.727719932678,1075.9432135319364,1027.7673533103807,53.94321353193687,5.767353310380568
std,1.6292205337293655,0.46715558515054845,109.09017224403561,0.0,109.09017224434973,0.0,323.7698183536236,162.0060106136788,138.61413074509983,236.01883423567097,179.24385151138503,48.46669278563003,179.24385151138335,48.466692785634685
min,0.0,False,767.04,1052.0,51.43999999999994,1022.0,1052.0,824.24432,138.72875018309293,915.3913333333333,1022.0,1022.0,0.0,0.0
25%,0.0,0.0,767.04,1052.0,51.43999999999994,1022.0,1101.001886385,830.60096,188.0166628856383,966.1794561512501,1022.0,1022.0,0.0,0.0
50%,0.0,1.0,1000.5600000000001,1052.0,51.43999999999994,1022.0,1209.7897092544445,832.71984,258.33311592884013,1020.2397233500001,1022.0,1022.0,0.0,0.0
75%,3.0,1.0,1000.5600000000001,1052.0,284.96000000000004,1022.0,1394.5119005699999,889.9295999999999,361.8596027666235,1143.9139854075,1022.0,1022.0,0.0,0.0
max,4.0,True,1000.5600000000001,1052.0,284.96000000000004,1022.0,2956.8431362633337,1757.9641066666663,888.3952628107695,2357.403621465,2956.8431362633337,1757.9641066666663,1934.8431362633337,735.9641066666663
