,per_hour_hood_data_count,occupancy,min_lab_cfm,min_hood_cfm,min_additional_hood_cfm,min_possible_lab_cfm,calc_hood_cfm,stream_hood_cfm,stream_and_calc_hood_cfm_std,stream_and_calc_hood_cfm_mean,calc_total_lab_cfm,stream_total_lab_cfm,calc_excess_cfm,stream_excess_cfm
count,816.0,816,816.0,816.0,816.0,816.0,816.0,816.0,816.0,816.0,816.0,816.0,816.0,816.0
mean,4.0,0.67279411764705888,924.1508823529532,1052.0,127.84911764706034,1022.0,1319.6131707362485,902.1260171064793,296.188354936299,1110.8695939213644,1319.6131707362485,1053.8193928962423,297.61317073624974,31.819392896241812
std,0.0,0.46948088994836107,109.63317742061912,0.0,109.63317742074044,0.0,323.7698183536236,162.67974505442606,138.61413074509983,236.7902143211677,323.7698183536236,110.19508069926036,323.7698183536204,110.19508069926303
min,4.0,False,767.04,1052.0,51.43999999999994,1022.0,1052.0,824.24432,138.72875018309293,939.1815999999999,1052.0,1022.0,30.0,0.0
25%,4.0,0.0,767.04,1052.0,51.43999999999994,1022.0,1101.001886385,830.60096,188.0166628856383,967.28025975,1101.001886385,1022.0,79.00188638499998,0.0
50%,4.0,1.0,1000.5600000000001,1052.0,51.43999999999994,1022.0,1209.7897092544445,832.71984,258.33311592884013,1020.4053383274653,1209.7897092544445,1022.0,187.78970925444435,0.0
75%,4.0,1.0,1000.5600000000001,1052.0,284.96000000000004,1022.0,1394.5119005699999,889.9295999999999,361.8596027666235,1149.291556078333,1394.5119005699999,1022.0,372.5119005699999,0.0
max,4.0,True,1000.5600000000001,1052.0,284.96000000000004,1022.0,2956.8431362633337,1757.9641066666663,888.3952628107695,2357.403621465,2956.8431362633337,1757.9641066666663,1934.8431362633337,735.9641066666663
