,per_hour_hood_data_count,occupancy,min_lab_cfm,min_hood_cfm,min_additional_hood_cfm,min_possible_lab_cfm,calc_hood_cfm,stream_hood_cfm,stream_and_calc_hood_cfm_std,stream_and_calc_hood_cfm_mean,calc_total_lab_cfm,stream_total_lab_cfm,calc_excess_cfm,stream_excess_cfm
count,4502.0,4502,4502.0,4502.0,4502.0,4502.0,816.0,824.0,816.0,824.0,4502.0,4502.0,4502.0,4502.0
mean,1.245224344735673,0.6739227010217681,1000.560000000017,1052.0,51.440000000001916,1022.0,1320.0372244037524,901.5773149339243,296.5322492058018,1109.9427734472035,1076.0200744365752,1027.7673533103807,54.0200744365753,5.767353310380568
std,1.6292205337293655,0.46882802470823254,0.00012003281554902334,0.0,1.9628422469953344e-05,0.0,322.6756238034493,162.0060106136788,138.21396708578524,235.42236393603983,178.99098458350858,48.46669278563003,178.99098458351042,48.466692785634685
min,0.0,False,1000.5600000000001,1052.0,51.43999999999994,1022.0,1052.0,824.24432,141.88023643918703,915.3913333333333,1022.0,1022.0,0.0,0.0
25%,0.0,0.0,1000.5600000000001,1052.0,51.43999999999994,1022.0,1100.92838586,830.60096,189.35632875747518,965.89710293,1022.0,1022.0,0.0,0.0
50%,0.0,1.0,1000.5600000000001,1052.0,51.43999999999994,1022.0,1205.3434856533331,832.71984,255.45639823929957,1018.8045525227083,1022.0,1022.0,0.0,0.0
75%,3.0,1.0,1000.5600000000001,1052.0,51.43999999999994,1022.0,1400.1079020524999,889.9295999999999,365.92442192509185,1144.0936120091667,1022.0,1022.0,0.0,0.0
max,4.0,True,1000.5600000000001,1052.0,51.43999999999994,1022.0,2929.1728363800003,1757.9641066666663,885.6244524754304,2343.5684715233333,2929.1728363800003,1757.9641066666663,1907.1728363800003,735.9641066666663
