,per_hour_hood_data_count,occupancy,min_lab_cfm,min_hood_cfm,min_additional_hood_cfm,min_possible_lab_cfm,calc_hood_cfm,stream_hood_cfm,stream_and_calc_hood_cfm_std,stream_and_calc_hood_cfm_mean,calc_total_lab_cfm,stream_total_lab_cfm,calc_excess_cfm,stream_excess_cfm
count,4502.0,4502,4502.0,4502.0,4502.0,4502.0,816.0,824.0,816.0,824.0,4502.0,4502.0,4502.0,4502.0
mean,1.245224344735673,0.68436250555308753,1000.560000000017,1052.0,51.440000000001916,1022.0,1204.0843985327706,901.5773149339243,215.69885242162906,1052.220924371568,1055.003302799365,1027.7673533103807,33.00330279936497,5.767353310380568
std,1.6292205337293655,0.46482088830782264,0.00012003281554902334,0.0,1.9628422469953344e-05,0.0,233.0382905274522,162.0060106136788,81.99086154412761,191.68741527241926,121.46871814094993,48.46669278563003,121.46871814094882,48.466692785634685
min,0.0,False,1000.5600000000001,1052.0,51.43999999999994,1022.0,1052.0,824.24432,92.40047770960734,911.50672,1022.0,1022.0,0.0,0.0
25%,0.0,0.0,1000.5600000000001,1052.0,51.43999999999994,1022.0,1052.0,830.60096,156.5527625321917,942.35992,1022.0,1022.0,0.0,0.0
50%,0.0,1.0,1000.5600000000001,1052.0,51.43999999999994,1022.0,1108.9886784149999,832.71984,180.02669583424108,972.5164046395,1022.0,1022.0,0.0,0.0
75%,3.0,1.0,1000.5600000000001,1052.0,51.43999999999994,1022.0,1252.8919057580001,889.9295999999999,241.5663222482044,1076.7009546240001,1022.0,1022.0,0.0,0.0
max,4.0,True,1000.5600000000001,1052.0,51.43999999999994,1022.0,2375.16624212,1757.9641066666663,620.6546974563453,2066.565174393333,2375.16624212,1757.9641066666663,1353.1662421199999,735.9641066666663
