,per_hour_hood_data_count,occupancy,min_lab_cfm,min_hood_cfm,min_additional_hood_cfm,min_possible_lab_cfm,calc_hood_cfm,stream_hood_cfm,stream_and_calc_hood_cfm_std,stream_and_calc_hood_cfm_mean,calc_total_lab_cfm,stream_total_lab_cfm,calc_excess_cfm,stream_excess_cfm
count,4502.0,4502,4502.0,4502.0,4502.0,4502.0,816.0,824.0,816.0,824.0,4502.0,4502.0,4502.0,4502.0
mean,1.245224344735673,0.67614393602843181,924.9331319414024,1052.0,127.06686805864057,1022.0,1090.3772887917946,901.5773149339243,161.4807142935903,995.579107492428,1034.3935734460476,1027.7673533103807,12.393573446047169,5.767353310380568
std,1.6292205337293655,0.4679978244882313,109.28685197417184,0.0,109.28685197448549,0.0,94.11385057888691,162.0060106136788,34.48087247008986,122.91275644625743,47.935505071929576,48.46669278563003,47.935505071941186,48.466692785634685
min,0.0,False,767.04,1052.0,51.43999999999994,1022.0,1052.0,824.24432,103.81591431893172,911.5067199999999,1022.0,1022.0,0.0,0.0
25%,0.0,0.0,767.04,1052.0,51.43999999999994,1022.0,1052.0,830.60096,153.5562136991506,941.3004799999999,1022.0,1022.0,0.0,0.0
50%,0.0,1.0,1000.5600000000001,1052.0,51.43999999999994,1022.0,1052.0,832.71984,156.55276253219108,942.3599199999999,1022.0,1022.0,0.0,0.0
75%,3.0,1.0,1000.5600000000001,1052.0,284.96000000000004,1022.0,1052.0,889.9295999999999,158.05103694871144,988.97682663125,1022.0,1022.0,0.0,0.0
max,4.0,True,1000.5600000000001,1052.0,284.96000000000004,1022.0,1650.5407455333334,1757.9641066666663,406.761656061628,1640.9098544283333,1650.5407455333334,1757.9641066666663,628.5407455333334,735.9641066666663
