,per_hour_hood_data_count,occupancy,min_lab_cfm,min_hood_cfm,min_additional_hood_cfm,min_possible_lab_cfm,calc_hood_cfm,stream_hood_cfm,stream_and_calc_hood_cfm_std,stream_and_calc_hood_cfm_mean,calc_total_lab_cfm,stream_total_lab_cfm,calc_excess_cfm,stream_excess_cfm
count,816.0,816,816.0,816.0,816.0,816.0,816.0,816.0,816.0,816.0,816.0,816.0,816.0,816.0
mean,4.0,0.67156862745098034,923.8647058823649,1052.0,128.13529411764867,1022.0,1205.4800648815,902.1260171064793,216.61065988746893,1053.8030409939888,1205.4800648815,1053.8193928962423,183.4800648815008,31.819392896241812
std,0.0,0.46993067254892568,109.73821065349597,0.0,109.73821065362448,0.0,234.74210833305676,162.67974505442606,82.95720398337201,193.16731468633392,234.74210833305676,110.19508069926036,234.74210833305293,110.19508069926303
min,4.0,False,767.04,1052.0,51.43999999999994,1022.0,1052.0,824.24432,99.992063695606,939.1815999999999,1052.0,1022.0,30.0,0.0
25%,4.0,0.0,767.04,1052.0,51.43999999999994,1022.0,1052.0,830.60096,156.5527625321917,942.35992,1052.0,1022.0,30.0,0.0
50%,4.0,1.0,1000.5600000000001,1052.0,51.43999999999994,1022.0,1111.570068688,832.71984,182.0964636096094,974.7299771742222,1111.570068688,1022.0,89.57006868799999,0.0
75%,4.0,1.0,1000.5600000000001,1052.0,284.96000000000004,1022.0,1252.1282324186668,889.9295999999999,245.08905130451473,1077.565594596,1252.1282324186668,1022.0,230.12823241866676,0.0
max,4.0,True,1000.5600000000001,1052.0,284.96000000000004,1022.0,2345.017522138667,1757.9641066666663,657.0769189631402,2051.4908144026667,2345.017522138667,1757.9641066666663,1323.0175221386671,735.9641066666663
