,per_hour_hood_data_count,occupancy,min_lab_cfm,min_hood_cfm,min_additional_hood_cfm,min_possible_lab_cfm,calc_hood_cfm,stream_hood_cfm,stream_and_calc_hood_cfm_std,stream_and_calc_hood_cfm_mean,calc_total_lab_cfm,stream_total_lab_cfm,calc_excess_cfm,stream_excess_cfm
count,816.0,816,816.0,816.0,816.0,816.0,816.0,816.0,816.0,816.0,816.0,816.0,816.0,816.0
mean,4.0,0.66176470588235292,1000.5600000000186,1052.0,51.44000000000006,1022.0,1320.0372244037524,902.1260171064793,296.5322492058018,1111.0816207551172,1320.0372244037524,1053.8193928962423,298.0372244037525,31.819392896241812
std,0.0,0.47339921909775828,0.00023295026042552264,0.0,3.206952411365015e-06,0.0,322.6756238034493,162.67974505442606,138.21396708578524,236.18977547531065,322.6756238034493,110.19508069926036,322.6756238034522,110.19508069926303
min,4.0,False,1000.5600000000001,1052.0,51.43999999999994,1022.0,1052.0,824.24432,141.88023643918703,939.1815999999999,1052.0,1022.0,30.0,0.0
25%,4.0,0.0,1000.5600000000001,1052.0,51.43999999999994,1022.0,1100.92838586,830.60096,189.35632875747518,965.9560227270832,1100.92838586,1022.0,78.92838585999993,0.0
50%,4.0,1.0,1000.5600000000001,1052.0,51.43999999999994,1022.0,1205.3434856533331,832.71984,255.45639823929957,1020.1360379225,1205.3434856533331,1022.0,183.34348565333323,0.0
75%,4.0,1.0,1000.5600000000001,1052.0,51.43999999999994,1022.0,1400.1079020524999,889.9295999999999,365.92442192509185,1146.4408429999999,1400.1079020524999,1022.0,378.1079020525,0.0
max,4.0,True,1000.5600000000001,1052.0,51.43999999999994,1022.0,2929.1728363800003,1757.9641066666663,885.6244524754304,2343.5684715233333,2929.1728363800003,1757.9641066666663,1907.1728363800003,735.9641066666663
