,per_hour_hood_data_count,occupancy,min_lab_cfm,min_hood_cfm,min_additional_hood_cfm,min_possible_lab_cfm,calc_hood_cfm,stream_hood_cfm,stream_and_calc_hood_cfm_std,stream_and_calc_hood_cfm_mean,calc_total_lab_cfm,stream_total_lab_cfm,calc_excess_cfm,stream_excess_cfm
count,4502.0,4502,4502.0,4502.0,4502.0,4502.0,816.0,824.0,816.0,824.0,4502.0,4502.0,4502.0,4502.0
mean,1.245224344735673,0.67858729453576183,925.5037050200341,1052.0,126.4962949800089,1022.0,1318.8476112296464,901.5773149339243,295.668806917374,1109.3807783303387,1075.8044537457558,1027.7673533103807,53.804453745755495,5.767353310380568
std,1.6292205337293655,0.46707069656593786,109.07034906175794,0.0,109.07034906207167,0.0,322.01463985749234,162.0060106136788,137.31416391469847,235.19596655009497,178.4812853883695,48.46669278563003,178.48128538837267,48.466692785634685
min,0.0,False,767.04,1052.0,51.43999999999994,1022.0,1052.0,824.24432,132.35842519138345,915.3913333333333,1022.0,1022.0,0.0,0.0
25%,0.0,0.0,767.04,1052.0,51.43999999999994,1022.0,1097.81351795,830.60096,186.50055810753906,965.266678975,1022.0,1022.0,0.0,0.0
50%,0.0,1.0,1000.5600000000001,1052.0,51.43999999999994,1022.0,1205.05829538,832.71984,254.90636444028252,1019.4730938808332,1022.0,1022.0,0.0,0.0
75%,3.0,1.0,1000.5600000000001,1052.0,284.96000000000004,1022.0,1409.5375610091667,889.9295999999999,366.3096874968297,1149.86589543,1022.0,1022.0,0.0,0.0
max,4.0,True,1000.5600000000001,1052.0,284.96000000000004,1022.0,2898.4948695033336,1757.9641066666663,865.18546074953,2328.2294880850004,2898.4948695033336,1757.9641066666663,1876.4948695033336,735.9641066666663
