,per_hour_hood_data_count,occupancy,min_lab_cfm,min_hood_cfm,min_additional_hood_cfm,min_possible_lab_cfm,calc_hood_cfm,stream_hood_cfm,stream_and_calc_hood_cfm_std,stream_and_calc_hood_cfm_mean,calc_total_lab_cfm,stream_total_lab_cfm,calc_excess_cfm,stream_excess_cfm
count,4502.0,4502,4502.0,4502.0,4502.0,4502.0,816.0,824.0,816.0,824.0,4502.0,4502.0,4502.0,4502.0
mean,1.245224344735673,0.69169258107507769,1000.560000000017,1052.0,51.440000000001916,1022.0,1204.783502216231,901.5773149339243,216.10833222161412,1052.5380277493819,1055.1300172830836,1027.7673533103807,33.13001728308405,5.767353310380568
std,1.6292205337293655,0.46184557332477566,0.00012003281554902334,0.0,1.9628422469953344e-05,0.0,235.2670962293966,162.0060106136788,82.98673637290752,192.85439555967233,122.39896543846824,48.46669278563003,122.39896543846166,48.466692785634685
min,0.0,False,1000.5600000000001,1052.0,51.43999999999994,1022.0,1052.0,824.24432,104.17275229500719,911.50672,1022.0,1022.0,0.0,0.0
25%,0.0,0.0,1000.5600000000001,1052.0,51.43999999999994,1022.0,1052.0,830.60096,156.5527625321917,942.35992,1022.0,1022.0,0.0,0.0
50%,0.0,1.0,1000.5600000000001,1052.0,51.43999999999994,1022.0,1111.2755152026666,832.71984,180.4587012471826,973.7852476118333,1022.0,1022.0,0.0,0.0
75%,3.0,1.0,1000.5600000000001,1052.0,51.43999999999994,1022.0,1252.3606914880002,889.9295999999999,243.04031071427582,1074.356544666,1022.0,1022.0,0.0,0.0
max,4.0,True,1000.5600000000001,1052.0,51.43999999999994,1022.0,2331.1192556773335,1757.9641066666663,623.365179301983,2044.5416811720002,2331.1192556773335,1757.9641066666663,1309.1192556773335,735.9641066666663
