,per_hour_hood_data_count,occupancy,min_lab_cfm,min_hood_cfm,min_additional_hood_cfm,min_possible_lab_cfm,calc_hood_cfm,stream_hood_cfm,stream_and_calc_hood_cfm_std,stream_and_calc_hood_cfm_mean,calc_total_lab_cfm,stream_total_lab_cfm,calc_excess_cfm,stream_excess_cfm
count,4502.0,4502,4502.0,4502.0,4502.0,4502.0,816.0,824.0,816.0,824.0,4502.0,4502.0,4502.0,4502.0
mean,1.245224344735673,0.68591737005775211,1000.560000000017,1052.0,51.440000000001916,1022.0,1226.152785046456,901.5773149339243,234.1070658203844,1063.26267782346,1059.0032591288123,1027.7673533103807,37.003259128811436,5.767353310380568
std,1.6292205337293655,0.4642010289294935,0.00012003281554902334,0.0,1.9628422469953344e-05,0.0,290.0022301620064,162.0060106136788,119.4891525070159,218.95072711634498,146.33778057296084,48.46669278563003,146.33778057296718,48.466692785634685
min,0.0,False,1000.5600000000001,1052.0,51.43999999999994,1022.0,1052.0,824.24432,120.35461690126357,911.5067199999999,1022.0,1022.0,0.0,0.0
25%,0.0,0.0,1000.5600000000001,1052.0,51.43999999999994,1022.0,1052.0,830.60096,156.55276253219134,941.8191641666665,1022.0,1022.0,0.0,0.0
50%,0.0,1.0,1000.5600000000001,1052.0,51.43999999999994,1022.0,1082.212668315,832.71984,171.95772937004443,957.2599139977777,1022.0,1022.0,0.0,0.0
75%,3.0,1.0,1000.5600000000001,1052.0,51.43999999999994,1022.0,1241.896563605,889.9295999999999,275.5124390706819,1081.2975264759998,1022.0,1022.0,0.0,0.0
max,4.0,True,1000.5600000000001,1052.0,51.43999999999994,1022.0,2662.18487186,1757.9641066666663,868.1171956800326,2139.5514256133333,2662.18487186,1757.9641066666663,1640.18487186,735.9641066666663
