,per_hour_hood_data_count,occupancy,min_lab_cfm,min_hood_cfm,min_additional_hood_cfm,min_possible_lab_cfm,calc_hood_cfm,stream_hood_cfm,stream_and_calc_hood_cfm_std,stream_and_calc_hood_cfm_mean,calc_total_lab_cfm,stream_total_lab_cfm,calc_excess_cfm,stream_excess_cfm
count,4502.0,4502,4502.0,4502.0,4502.0,4502.0,816.0,824.0,816.0,824.0,4502.0,4502.0,4502.0,4502.0
mean,1.245224344735673,0.67614393602843181,1000.560000000017,1052.0,51.440000000001916,1022.0,1090.5956325375125,901.5773149339243,161.53902765374818,995.6784237831379,1034.4331488562,1027.7673533103807,12.433148856199656,5.767353310380568
std,1.6292205337293655,0.4679978244882313,0.00012003281554902334,0.0,1.9628422469953344e-05,0.0,94.55294114921459,162.0060106136788,34.16588367218334,123.31502926578904,48.13784481154294,48.46669278563003,48.137844811552625,48.466692785634685
min,0.0,False,1000.5600000000001,1052.0,51.43999999999994,1022.0,1052.0,824.24432,100.68530825433841,911.5067199999999,1022.0,1022.0,0.0,0.0
25%,0.0,0.0,1000.5600000000001,1052.0,51.43999999999994,1022.0,1052.0,830.60096,153.5562136991506,941.3004799999999,1022.0,1022.0,0.0,0.0
50%,0.0,1.0,1000.5600000000001,1052.0,51.43999999999994,1022.0,1052.0,832.71984,156.55276253219097,942.3599199999999,1022.0,1022.0,0.0,0.0
75%,3.0,1.0,1000.5600000000001,1052.0,51.43999999999994,1022.0,1052.0,889.9295999999999,158.05103694871144,986.4160787408332,1022.0,1022.0,0.0,0.0
max,4.0,True,1000.5600000000001,1052.0,51.43999999999994,1022.0,1640.1388508599998,1757.9641066666663,398.9071064014931,1659.322478763333,1640.1388508599998,1757.9641066666663,618.1388508599998,735.9641066666663
