,per_hour_hood_data_count,occupancy,min_lab_cfm,min_hood_cfm,min_additional_hood_cfm,min_possible_lab_cfm,calc_hood_cfm,stream_hood_cfm,stream_and_calc_hood_cfm_std,stream_and_calc_hood_cfm_mean,calc_total_lab_cfm,stream_total_lab_cfm,calc_excess_cfm,stream_excess_cfm
count,816.0,816,816.0,816.0,816.0,816.0,816.0,816.0,816.0,816.0,816.0,816.0,816.0,816.0
mean,4.0,0.6654411764705882,1000.5600000000186,1052.0,51.44000000000006,1022.0,1090.3388690722813,902.1260171064793,161.78181990118412,996.2324430893783,1090.3388690722813,1053.8193928962423,68.33886907228144,31.819392896241812
std,0.0,0.47212538780669311,0.00023295026042552264,0.0,3.206952411365015e-06,0.0,94.45035232443921,162.67974505442606,34.927451580199744,123.38576793997329,94.45035232443921,110.19508069926036,94.45035232443682,110.19508069926303
min,4.0,False,1000.5600000000001,1052.0,51.43999999999994,1022.0,1052.0,824.24432,94.12825411363158,938.1221599999999,1052.0,1022.0,30.0,0.0
25%,4.0,0.0,1000.5600000000001,1052.0,51.43999999999994,1022.0,1052.0,830.60096,153.5562136991506,941.3004799999999,1052.0,1022.0,30.0,0.0
50%,4.0,1.0,1000.5600000000001,1052.0,51.43999999999994,1022.0,1052.0,832.71984,156.55276253219108,942.3599199999999,1052.0,1022.0,30.0,0.0
75%,4.0,1.0,1000.5600000000001,1052.0,51.43999999999994,1022.0,1052.0,889.9295999999999,158.05103694871144,990.03274782,1052.0,1022.0,30.0,0.0
max,4.0,True,1000.5600000000001,1052.0,51.43999999999994,1022.0,1679.7464945066667,1757.9641066666663,398.9071064014931,1654.93575392,1679.7464945066667,1757.9641066666663,657.7464945066667,735.9641066666663
