,percent_open,datastream_flow,occupancy,evacuation_cfm,datastream_and_calculated_cfm_std,datastream_and_calculated_cfm_mean
count,1365.0,1373.0,4796,1365.0,1365.0,1373.0
mean,18.251064455168724,213.43694980659055,0.5029190992493745,183.6037390211624,23.882255523556175,198.5903997699698
std,5.1676662338411266,29.934662405698692,0.50004361282378373,45.296394700073144,7.277271709435936,37.150425481125026
min,16.775,205.53135999999998,False,175.0,0.17116967793931043,190.26567999999997
25%,16.975,207.65024,0.0,175.0,23.08720611136823,191.32512
50%,17.09,209.76912,1.0,175.0,24.585480527888613,192.38456
75%,17.355,209.76912,1.0,175.0,24.585480527888613,192.38456
max,63.879996999999996,519.1256,True,614.0997044933333,89.06204640595219,553.8993722466666
