,per_hour_hood_data_count,occupancy,min_lab_cfm,min_hood_cfm,min_additional_hood_cfm,min_possible_lab_cfm,calc_hood_cfm,stream_hood_cfm,stream_and_calc_hood_cfm_std,stream_and_calc_hood_cfm_mean,calc_total_lab_cfm,stream_total_lab_cfm,calc_excess_cfm,stream_excess_cfm
count,4813.0,4813,4813.0,4813.0,4813.0,4813.0,1306.0,1307.0,1306.0,1307.0,4813.0,4813.0,4813.0,4813.0
mean,0.6455433201745273,0.55661749428630791,637.0800000000428,350.0,0.0,514.0800000000352,689.2114357061889,1198.2455537464978,359.94206057402147,943.8195724233042,561.6589001132928,699.8693992825458,47.57890011325715,185.7893992824966
std,0.8784499620765824,0.49683573405590226,0.0003036549918147785,0.0,0.0,0.00013739461966323684,63.02217342403138,1.4358234857404362,44.43965421964247,31.772083079146057,84.47396076116839,304.3235251901253,84.47396076121073,304.3235251902151
min,0.0,False,637.08,350.0,0.0,514.08,479.89361522666667,1195.0483199999999,278.8314346278595,838.5304076133333,514.08,514.08,0.0,0.0
25%,0.0,False,637.08,350.0,0.0,514.08,668.4978941783334,1197.1671999999999,329.77737915392356,933.2786114583332,514.08,514.08,0.0,0.0
50%,0.0,1.0,637.08,350.0,0.0,514.08,706.496449851111,1197.8734933333333,347.4316583690831,952.4318287999998,514.08,514.08,0.0,0.0
75%,2.0,True,637.08,350.0,0.0,514.08,731.8468512016667,1199.2860799999999,374.5897235947843,965.3885396838889,581.2771768533333,1197.1671999999999,67.1971768533333,683.0871999999998
max,2.0,True,637.08,350.0,0.0,514.08,801.0242478466666,1203.5238399999998,507.1890157592078,1062.2278677833333,801.0242478466666,1203.5238399999998,286.9442478466666,689.4438399999998
