,per_hour_hood_data_count,occupancy,min_lab_cfm,min_hood_cfm,min_additional_hood_cfm,min_possible_lab_cfm,calc_hood_cfm,stream_hood_cfm,stream_and_calc_hood_cfm_std,stream_and_calc_hood_cfm_mean,calc_total_lab_cfm,stream_total_lab_cfm,calc_excess_cfm,stream_excess_cfm
count,1306.0,1306,1306.0,1306.0,1306.0,1306.0,1306.0,1306.0,1306.0,1306.0,1306.0,1306.0,1306.0,1306.0
mean,2.0,0.54134762633996936,637.0799999999879,350.0,0.0,514.079999999995,689.1529901043605,1198.2463794384935,359.9833878554044,943.6996847714241,689.4157945437133,1198.2463794384935,175.33579454371488,684.1663794384809
std,0.0,0.49847831910613977,0.000142725714415521,0.0,0.0,6.267351057445954e-05,63.44785004550599,1.4360630527303722,44.74163285587498,31.82670452532195,62.66463359736501,1.4360630527303722,62.66463359734283,1.4360630548613107
min,2.0,False,637.08,350.0,0.0,514.08,478.29436638666664,1195.0483199999999,277.4438288054122,836.8479165266665,514.08,1195.0483199999999,0.0,680.9683199999998
25%,2.0,0.0,637.08,350.0,0.0,514.08,668.6556450408334,1197.1671999999999,330.2706271601366,933.4967271491665,668.6556450408334,1197.1671999999999,154.57564504083334,683.0871999999998
50%,2.0,1.0,637.08,350.0,0.0,514.08,707.2249249333333,1197.8734933333333,346.49644891049155,952.6018116666667,707.2249249333333,1197.8734933333333,193.1449249333333,683.7934933333332
75%,2.0,1.0,637.08,350.0,0.0,514.08,731.34020974,1199.2860799999999,374.2845231617307,964.8573829391667,731.34020974,1199.2860799999999,217.2602097399999,685.2060799999998
max,2.0,True,637.08,350.0,0.0,514.08,803.5663611733332,1203.5238399999998,508.2423111451608,999.7487739199998,803.5663611733332,1203.5238399999998,289.4863611733332,689.4438399999998
