,per_hour_hood_data_count,occupancy,min_lab_cfm,min_hood_cfm,min_additional_hood_cfm,min_possible_lab_cfm,calc_hood_cfm,stream_hood_cfm,stream_and_calc_hood_cfm_std,stream_and_calc_hood_cfm_mean,calc_total_lab_cfm,stream_total_lab_cfm,calc_excess_cfm,stream_excess_cfm
count,1306.0,1306,1306.0,1306.0,1306.0,1306.0,1306.0,1306.0,1306.0,1306.0,1306.0,1306.0,1306.0,1306.0
mean,2.0,0.54670750382848388,581.61513016844,350.0,0.0,458.61513016844634,1102.552979758282,1198.2463794384935,76.21217333970323,1150.3996795983883,1102.552979758282,1198.2463794384935,643.9378495898308,739.6312492700395
std,0.0,0.49800432553358692,60.93580927241756,0.0,0.0,60.9358092723456,101.79974214186396,1.4360630527303722,66.98858829840498,51.00003650286906,101.79974214186396,1.4360630527303722,118.82139413575402,60.949646395752474
min,2.0,False,514.72,350.0,0.0,391.72,753.2780267413334,1195.0483199999999,0.21659266737417737,974.3397467039999,753.2780267413334,1195.0483199999999,253.21367067733343,680.9683199999998
25%,2.0,0.0,514.72,350.0,0.0,391.72,1066.6364337813334,1197.1671999999999,30.47826185625305,1132.7284181453333,1066.6364337813334,1197.1671999999999,581.9072079520002,683.6169199999998
50%,2.0,1.0,637.08,350.0,0.0,514.08,1129.7437879093336,1197.8734933333333,51.98830037676047,1164.3399678693336,1129.7437879093336,1197.8734933333333,656.6104195840002,686.2655199999998
75%,2.0,1.0,637.08,350.0,0.0,514.08,1172.635785402667,1199.2860799999999,93.68605712158792,1185.2298666506667,1172.635785402667,1199.2860799999999,728.887575472,805.9769199999998
max,2.0,True,637.08,350.0,0.0,514.08,1275.1252498133335,1203.5238399999998,312.6284824927262,1235.3222160177777,1275.1252498133335,1203.5238399999998,883.4052498133335,811.8038399999998
