,per_hour_hood_data_count,occupancy,min_lab_cfm,min_hood_cfm,min_additional_hood_cfm,min_possible_lab_cfm,calc_hood_cfm,stream_hood_cfm,stream_and_calc_hood_cfm_std,stream_and_calc_hood_cfm_mean,calc_total_lab_cfm,stream_total_lab_cfm,calc_excess_cfm,stream_excess_cfm
count,4813.0,4813,4813.0,4813.0,4813.0,4813.0,1306.0,1307.0,1306.0,1307.0,4813.0,4813.0,4813.0,4813.0
mean,0.6455433201745273,0.55287762310409305,582.3701059630545,350.0,0.0,459.3701059630284,1102.552979758282,1198.2455537464978,76.21217333970323,1150.4158680579947,634.1016313244451,660.2098106683841,174.7315253613794,200.839704705313
std,0.8784499620765824,0.49724775451302722,60.843235241782004,0.0,0.0,60.8432352421625,101.79974214186396,1.4358234857404362,66.98858829840498,50.98386669980058,295.3703552461619,332.6155117392886,292.9694109681674,330.5036375531147
min,0.0,False,514.72,350.0,0.0,391.72,753.2780267413334,1195.0483199999999,0.21659266737417737,974.3397467039999,391.72,391.72,0.0,0.0
25%,0.0,False,514.72,350.0,0.0,391.72,1066.6364337813334,1197.1671999999999,30.47826185625305,1132.7349810853334,391.72,391.72,0.0,0.0
50%,0.0,1.0,637.08,350.0,0.0,514.08,1129.7437879093336,1197.8734933333333,51.98830037676047,1164.4437984746667,514.08,514.08,0.0,0.0
75%,2.0,True,637.08,350.0,0.0,514.08,1172.635785402667,1199.2860799999999,93.68605712158792,1185.2238781333333,928.2820965226667,1197.1671999999999,440.3653184,683.0871999999998
max,2.0,True,637.08,350.0,0.0,514.08,1275.1252498133335,1203.5238399999998,312.6284824927262,1235.3222160177777,1275.1252498133335,1203.5238399999998,883.4052498133335,811.8038399999998
