,per_hour_hood_data_count,occupancy,min_lab_cfm,min_hood_cfm,min_additional_hood_cfm,min_possible_lab_cfm,calc_hood_cfm,stream_hood_cfm,stream_and_calc_hood_cfm_std,stream_and_calc_hood_cfm_mean,calc_total_lab_cfm,stream_total_lab_cfm,calc_excess_cfm,stream_excess_cfm
count,1306.0,1306,1306.0,1306.0,1306.0,1306.0,1306.0,1306.0,1306.0,1306.0,1306.0,1306.0,1306.0,1306.0
mean,2.0,0.54747320061255744,581.7088208269394,350.0,0.0,458.70882082694555,1376.4137399143133,1198.2463794384935,157.54291793926203,1287.3300596764034,1376.4137399143133,1198.2463794384935,917.7049190873616,739.5375586115398
std,0.0,0.49793186193292127,60.926942626237974,0.0,0.0,60.92694262616901,125.93540294726915,1.4360630527303722,44.90660926494556,63.074442978379054,125.93540294726915,1.4360630527303722,141.87455120100995,60.94837321847796
min,2.0,False,514.72,350.0,0.0,391.72,940.5670886266666,1195.0483199999999,11.569033557095352,1068.8671443133333,940.5670886266666,1195.0483199999999,454.87162121333324,680.9683199999998
25%,2.0,0.0,514.72,350.0,0.0,391.72,1333.131018271111,1197.1671999999999,126.5772071861781,1265.9523158116667,1333.131018271111,1197.1671999999999,848.3206127433333,683.6169199999998
50%,2.0,1.0,637.08,350.0,0.0,514.08,1417.0099804000001,1197.8734933333333,163.12176418359456,1307.1666389166667,1417.0099804000001,1197.8734933333333,941.0053196133332,686.2655199999998
75%,2.0,1.0,637.08,350.0,0.0,514.08,1462.7242696033331,1199.2860799999999,190.2323637375962,1330.9783416083333,1462.7242696033331,1199.2860799999999,1018.2330278399999,805.9769199999998
max,2.0,True,637.08,350.0,0.0,514.08,1535.6618375466667,1203.5238399999998,283.837782430182,1369.0347151466667,1535.6618375466667,1203.5238399999998,1143.5535611733333,811.8038399999998
