,per_hour_hood_data_count,occupancy,min_lab_cfm,min_hood_cfm,min_additional_hood_cfm,min_possible_lab_cfm,calc_hood_cfm,stream_hood_cfm,stream_and_calc_hood_cfm_std,stream_and_calc_hood_cfm_mean,calc_total_lab_cfm,stream_total_lab_cfm,calc_excess_cfm,stream_excess_cfm
count,1306.0,1306,1306.0,1306.0,1306.0,1306.0,1306.0,1306.0,1306.0,1306.0,1306.0,1306.0,1306.0,1306.0
mean,2.0,0.56661562021439515,584.0510872894201,350.0,0.0,461.0510872894267,689.3101986879684,1198.2463794384935,359.87222459987566,943.7782890632287,689.484182786723,1198.2463794384935,228.43309549729,737.1952921490592
std,0.0,0.49573231641037863,60.65780623610058,0.0,0.0,60.65780623602604,63.68709210143592,1.4360630527303722,44.89975504000882,31.954029282513215,63.173899094299315,1.4360630527303722,87.97957558494711,60.5924039856452
min,2.0,False,514.72,350.0,0.0,391.72,474.1170044333333,1195.0483199999999,280.1602076576183,834.7592355499999,482.2969438933333,1195.0483199999999,0.0,680.9683199999998
25%,2.0,0.0,514.72,350.0,0.0,391.72,667.9681789491667,1197.1671999999999,329.60316612611655,932.8508899841667,667.9681789491667,1197.1671999999999,179.04247741333324,683.793493333333
50%,2.0,1.0,637.08,350.0,0.0,514.08,706.9531975333333,1197.8734933333333,347.21306125271246,952.6342174566666,706.9531975333333,1197.8734933333333,220.46779019999997,685.2060799999998
75%,2.0,1.0,637.08,350.0,0.0,514.08,731.7333100000001,1199.2860799999999,375.4520162327415,965.5065261316666,731.7333100000001,1199.2860799999999,308.91053313166674,805.4471999999998
max,2.0,True,637.08,350.0,0.0,514.08,799.9013946933333,1203.5238399999998,510.0251344096822,998.0045773466666,799.9013946933333,1203.5238399999998,405.2332811333333,811.8038399999998
