,per_hour_hood_data_count,occupancy,min_lab_cfm,min_hood_cfm,min_additional_hood_cfm,min_possible_lab_cfm,calc_hood_cfm,stream_hood_cfm,stream_and_calc_hood_cfm_std,stream_and_calc_hood_cfm_mean,calc_total_lab_cfm,stream_total_lab_cfm,calc_excess_cfm,stream_excess_cfm
count,1306.0,1306,1306.0,1306.0,1306.0,1306.0,1306.0,1306.0,1306.0,1306.0,1306.0,1306.0,1306.0,1306.0
mean,2.0,0.5444104134762634,637.0799999999879,350.0,0.0,514.079999999995,1044.7515328825307,1198.2463794384935,220.52259159217095,1121.4989561605084,1044.7515328825307,1198.2463794384935,530.671532882528,684.1663794384809
std,0.0,0.4982145870272422,0.000142725714415521,0.0,0.0,6.267351057445954e-05,235.05555515469763,1.4360630527303722,65.20278707406138,117.55599913201307,235.05555515469763,1.4360630527303722,235.05555515470772,1.4360630548613107
min,2.0,False,637.08,350.0,0.0,514.08,562.697213344,1195.0483199999999,7.841237119412512,879.9322066719999,562.697213344,1195.0483199999999,48.61721334399999,680.9683199999998
25%,2.0,0.0,637.08,350.0,0.0,514.08,855.221629052,1197.1671999999999,182.42399705111796,1026.521065095,855.221629052,1197.1671999999999,341.141629052,683.0871999999998
50%,2.0,1.0,637.08,350.0,0.0,514.08,1024.4359879413335,1197.8734933333333,219.92883004324253,1111.5961739706668,1024.4359879413335,1197.8734933333333,510.3559879413334,683.7934933333332
75%,2.0,1.0,637.08,350.0,0.0,514.08,1188.557442156,1199.2860799999999,250.296220232836,1193.6439180283332,1188.557442156,1199.2860799999999,674.477442156,685.2060799999998
max,2.0,True,637.08,350.0,0.0,514.08,1533.4293527466668,1203.5238399999998,448.97449983334957,1367.0640097066666,1533.4293527466668,1203.5238399999998,1019.3493527466668,689.4438399999998
