,per_hour_hood_data_count,occupancy,min_lab_cfm,min_hood_cfm,min_additional_hood_cfm,min_possible_lab_cfm,calc_hood_cfm,stream_hood_cfm,stream_and_calc_hood_cfm_std,stream_and_calc_hood_cfm_mean,calc_total_lab_cfm,stream_total_lab_cfm,calc_excess_cfm,stream_excess_cfm
count,1306.0,1306,1306.0,1306.0,1306.0,1306.0,1306.0,1306.0,1306.0,1306.0,1306.0,1306.0,1306.0,1306.0
mean,2.0,0.55513016845329255,582.645727411932,350.0,0.0,459.64572741193786,688.8476470479185,1198.2463794384935,360.199298001203,943.5470132432054,688.9889878517521,1198.2463794384935,229.34326043980846,738.6006520265474
std,0.0,0.49714173674600837,60.83026290836628,0.0,0.0,60.83026290829758,63.3888514818764,1.4360630527303722,44.69524399442885,31.800502618343593,62.96909068677927,1.4360630527303722,87.5444764380074,60.81914781648256
min,2.0,False,514.72,350.0,0.0,391.72,476.75038208,1195.0483199999999,280.04601289173354,836.9587910399999,476.75038208,1195.0483199999999,0.0,680.9683199999998
25%,2.0,0.0,514.72,350.0,0.0,391.72,669.6823618800001,1197.1671999999999,329.76409794673333,933.5611548874999,669.6823618800001,1197.1671999999999,180.40018153499994,683.5580622222222
50%,2.0,1.0,637.08,350.0,0.0,514.08,705.7012667833334,1197.8734933333333,347.9286502888564,951.8427180233333,705.7012667833334,1197.8734933333333,220.20855682,685.9123733333332
75%,2.0,1.0,637.08,350.0,0.0,514.08,731.6857123333334,1199.2860799999999,374.02283366661374,965.0637164283332,731.6857123333334,1199.2860799999999,307.59661837333346,805.9769199999998
max,2.0,True,637.08,350.0,0.0,514.08,800.0628904800001,1203.5238399999998,509.911042037573,998.08532524,800.0628904800001,1203.5238399999998,404.51642821333326,811.0975466666666
