,per_hour_hood_data_count,occupancy,min_lab_cfm,min_hood_cfm,min_additional_hood_cfm,min_possible_lab_cfm,calc_hood_cfm,stream_hood_cfm,stream_and_calc_hood_cfm_std,stream_and_calc_hood_cfm_mean,calc_total_lab_cfm,stream_total_lab_cfm,calc_excess_cfm,stream_excess_cfm
count,4813.0,4813,4813.0,4813.0,4813.0,4813.0,1306.0,1307.0,1306.0,1307.0,4813.0,4813.0,4813.0,4813.0
mean,0.6455433201745273,0.55578641180137134,637.0800000000428,350.0,0.0,514.0800000000352,1102.703627699059,1198.2455537464978,75.77522843752502,1150.4848012985753,673.8020980210235,699.8693992825458,159.722098020979,185.7893992824966
std,0.8784499620765824,0.49692975657106675,0.0003036549918147785,0.0,0.0,0.00013739461966323684,101.71821479276372,1.4358234857404362,66.92113646203242,50.94908500707837,267.06788298323926,304.3235251901253,267.06788298328576,304.3235251902151
min,0.0,False,637.08,350.0,0.0,514.08,767.2936706773335,1195.0483199999999,0.7190914986676538,982.2304353386667,514.08,514.08,0.0,0.0
25%,0.0,False,637.08,350.0,0.0,514.08,1066.0794754773335,1197.1671999999999,31.70678043428141,1132.4222779653333,514.08,514.08,0.0,0.0
50%,0.0,1.0,637.08,350.0,0.0,514.08,1131.2505789760003,1197.8734933333333,51.94855204899378,1165.0273186240001,514.08,514.08,0.0,0.0
75%,2.0,True,637.08,350.0,0.0,514.08,1170.494152370667,1199.2860799999999,94.3349465306105,1184.7118877386667,930.4855541333334,1197.1671999999999,416.40555413333334,683.0871999999998
max,2.0,True,637.08,350.0,0.0,514.08,1274.2280912853334,1203.5238399999998,303.96648763665183,1235.1679256426667,1274.2280912853334,1203.5238399999998,760.1480912853334,689.4438399999998
