,per_hour_hood_data_count,occupancy,min_lab_cfm,min_hood_cfm,min_additional_hood_cfm,min_possible_lab_cfm,calc_hood_cfm,stream_hood_cfm,stream_and_calc_hood_cfm_std,stream_and_calc_hood_cfm_mean,calc_total_lab_cfm,stream_total_lab_cfm,calc_excess_cfm,stream_excess_cfm
count,4813.0,4813,4813.0,4813.0,4813.0,4813.0,1306.0,1307.0,1306.0,1307.0,4813.0,4813.0,4813.0,4813.0
mean,0.6455433201745273,0.54622896322460002,637.0800000000428,350.0,0.0,514.0800000000352,1044.7515328825307,1198.2455537464978,220.52259159217095,1121.581588570118,658.0768880001638,699.8693992825458,143.99688800012086,185.7893992824966
std,0.8784499620765824,0.49791002428800013,0.0003036549918147785,0.0,0.0,0.00013739461966323684,235.05555515469763,1.4358234857404362,65.20278707406138,117.54895064757046,265.84855345079546,304.3235251901253,265.84855345081525,304.3235251902151
min,0.0,False,637.08,350.0,0.0,514.08,562.697213344,1195.0483199999999,7.841237119412512,879.9322066719999,514.08,514.08,0.0,0.0
25%,0.0,False,637.08,350.0,0.0,514.08,855.221629052,1197.1671999999999,182.42399705111796,1026.54868153,514.08,514.08,0.0,0.0
50%,0.0,1.0,637.08,350.0,0.0,514.08,1024.4359879413335,1197.8734933333333,219.92883004324253,1111.7989558426666,514.08,514.08,0.0,0.0
75%,2.0,True,637.08,350.0,0.0,514.08,1188.557442156,1199.2860799999999,250.296220232836,1193.7910623139999,758.43206376,1197.1671999999999,244.35206375999996,683.0871999999998
max,2.0,True,637.08,350.0,0.0,514.08,1533.4293527466668,1203.5238399999998,448.97449983334957,1367.0640097066666,1533.4293527466668,1203.5238399999998,1019.3493527466668,689.4438399999998
