,per_hour_hood_data_count,occupancy,min_lab_cfm,min_hood_cfm,min_additional_hood_cfm,min_possible_lab_cfm,calc_hood_cfm,stream_hood_cfm,stream_and_calc_hood_cfm_std,stream_and_calc_hood_cfm_mean,calc_total_lab_cfm,stream_total_lab_cfm,calc_excess_cfm,stream_excess_cfm
count,1306.0,1306,1306.0,1306.0,1306.0,1306.0,1306.0,1306.0,1306.0,1306.0,1306.0,1306.0,1306.0,1306.0
mean,2.0,0.55206738131699851,637.0799999999879,350.0,0.0,514.079999999995,1376.6426888373371,1198.2463794384935,157.89295187317634,1287.4445341379162,1376.6426888373371,1198.2463794384935,862.5626888373413,684.1663794384809
std,0.0,0.4974720909558985,0.000142725714415521,0.0,0.0,6.267351057445954e-05,125.90939058146685,1.4360630527303722,44.56592065932551,63.060888676922616,125.90939058146685,1.4360630527303722,125.90939058142295,1.4360630548613107
min,2.0,False,637.08,350.0,0.0,514.08,934.2806223333334,1195.0483199999999,10.758177089695186,1065.7239111666668,934.2806223333334,1195.0483199999999,420.2006223333334,680.9683199999998
25%,2.0,0.0,637.08,350.0,0.0,514.08,1333.1120945100001,1197.1671999999999,127.88858707674495,1265.5713917516669,1333.1120945100001,1197.1671999999999,819.0320945100001,683.0871999999998
50%,2.0,1.0,637.08,350.0,0.0,514.08,1417.3583288666669,1197.8734933333333,162.36762692900538,1307.4740382566665,1417.3583288666669,1197.8734933333333,903.2783288666668,683.7934933333332
75%,2.0,1.0,637.08,350.0,0.0,514.08,1463.24984995,1199.2860799999999,191.56913023474945,1331.11303576,1463.24984995,1199.2860799999999,949.1698499499998,685.2060799999998
max,2.0,True,637.08,350.0,0.0,514.08,1535.2735611733333,1203.5238399999998,284.08749483293536,1368.31085696,1535.2735611733333,1203.5238399999998,1021.1935611733333,689.4438399999998
