,per_hour_hood_data_count,occupancy,min_lab_cfm,min_hood_cfm,min_additional_hood_cfm,min_possible_lab_cfm,calc_hood_cfm,stream_hood_cfm,stream_and_calc_hood_cfm_std,stream_and_calc_hood_cfm_mean,calc_total_lab_cfm,stream_total_lab_cfm,calc_excess_cfm,stream_excess_cfm
count,4813.0,4813,4813.0,4813.0,4813.0,4813.0,1306.0,1307.0,1306.0,1307.0,4813.0,4813.0,4813.0,4813.0
mean,0.6455433201745273,0.55204654061915648,582.2684147101974,350.0,0.0,459.26841471017116,1376.4137399143133,1198.2455537464978,157.54291793926203,1287.3069232230525,708.2862049300653,660.0826966023134,249.01779021984092,200.81428189209868
std,0.8784499620765824,0.49733544828863746,60.853965452169476,0.0,0.0,60.85396545255031,125.93540294726915,1.4358234857404362,44.90660926494556,63.05583836048259,416.2552662027295,332.6947210684299,414.7388985355336,330.46212066723933
min,0.0,False,514.72,350.0,0.0,391.72,940.5670886266666,1195.0483199999999,11.569033557095352,1068.8671443133333,391.72,391.72,0.0,0.0
25%,0.0,False,514.72,350.0,0.0,391.72,1333.131018271111,1197.1671999999999,126.5772071861781,1265.7623856233333,391.72,391.72,0.0,0.0
50%,0.0,1.0,637.08,350.0,0.0,514.08,1417.0099804000001,1197.8734933333333,163.12176418359456,1307.0885902,514.08,514.08,0.0,0.0
75%,2.0,True,637.08,350.0,0.0,514.08,1462.7242696033331,1199.2860799999999,190.2323637375962,1330.9448001166666,1157.7462871333332,1197.1671999999999,665.8647426666665,683.0871999999998
max,2.0,True,637.08,350.0,0.0,514.08,1535.6618375466667,1203.5238399999998,283.837782430182,1369.0347151466667,1535.6618375466667,1203.5238399999998,1143.5535611733333,811.8038399999998
