,per_hour_hood_data_count,occupancy,min_lab_cfm,min_hood_cfm,min_additional_hood_cfm,min_possible_lab_cfm,calc_hood_cfm,stream_hood_cfm,stream_and_calc_hood_cfm_std,stream_and_calc_hood_cfm_mean,calc_total_lab_cfm,stream_total_lab_cfm,calc_excess_cfm,stream_excess_cfm
count,4813.0,4813,4813.0,4813.0,4813.0,4813.0,1306.0,1307.0,1306.0,1307.0,4813.0,4813.0,4813.0,4813.0
mean,0.6455433201745273,0.55391647621026385,582.4972200291238,350.0,0.0,459.497220029099,688.8476470479185,1198.2455537464978,360.199298001203,943.6391366590561,521.7291539859792,660.0572737890975,62.231933956864715,200.56005375995656
std,0.8784499620765824,0.4971361613591278,60.829580703487224,0.0,0.0,60.82958070385151,63.3888514818764,1.4358234857404362,44.69524399442885,31.962318236088553,119.13167837952376,332.7105548423736,111.71519896437748,330.0411265746603
min,0.0,False,514.72,350.0,0.0,391.72,476.75038208,1195.0483199999999,280.04601289173354,836.9587910399999,391.72,391.72,0.0,0.0
25%,0.0,False,514.72,350.0,0.0,391.72,669.6823618800001,1197.1671999999999,329.76409794673333,933.5776381783332,391.72,391.72,0.0,0.0
50%,0.0,1.0,637.08,350.0,0.0,514.08,705.7012667833334,1197.8734933333333,347.9286502888564,951.86519062,514.08,514.08,0.0,0.0
75%,2.0,True,637.08,350.0,0.0,514.08,731.6857123333334,1199.2860799999999,374.02283366661374,965.1364855433333,577.77227704,1197.1671999999999,89.73204272666669,683.0871999999998
max,2.0,True,637.08,350.0,0.0,514.08,800.0628904800001,1203.5238399999998,509.911042037573,1063.95231776,800.0628904800001,1203.5238399999998,404.51642821333326,811.0975466666666
