,per_hour_hood_data_count,occupancy,min_lab_cfm,min_hood_cfm,min_additional_hood_cfm,min_possible_lab_cfm,calc_hood_cfm,stream_hood_cfm,stream_and_calc_hood_cfm_std,stream_and_calc_hood_cfm_mean,calc_total_lab_cfm,stream_total_lab_cfm,calc_excess_cfm,stream_excess_cfm
count,4813.0,4813,4813.0,4813.0,4813.0,4813.0,1306.0,1307.0,1306.0,1307.0,4813.0,4813.0,4813.0,4813.0
mean,0.6455433201745273,0.55183876999792225,637.0800000000428,350.0,0.0,514.0800000000352,1102.809619391288,1198.2455537464978,75.68465821992805,1150.550422794213,673.8308587004443,699.8693992825458,159.75085870039914,185.7893992824966
std,0.8784499620765824,0.49735715228143906,0.0003036549918147785,0.0,0.0,0.00013739461966323684,101.96900510869992,1.4358234857404362,67.58767575585203,51.07828004061744,267.1400119156093,304.3235251901253,267.140011915658,304.3235251902151
min,0.0,False,637.08,350.0,0.0,514.08,755.2921241600002,1195.0483199999999,0.508933509359714,976.22966208,514.08,514.08,0.0,0.0
25%,0.0,False,637.08,350.0,0.0,514.08,1067.910644714667,1197.1671999999999,29.642523526986967,1133.6140462586668,514.08,514.08,0.0,0.0
50%,0.0,1.0,637.08,350.0,0.0,514.08,1132.6908765013336,1197.8734933333333,51.221422398511294,1165.3584884853333,514.08,514.08,0.0,0.0
75%,2.0,True,637.08,350.0,0.0,514.08,1170.4223624986669,1199.2860799999999,93.71779355794503,1184.6307817066665,933.9496921066668,1197.1671999999999,419.8696921066668,683.0871999999998
max,2.0,True,637.08,350.0,0.0,514.08,1279.8422315093335,1203.5238399999998,312.45286256378466,1238.5047157546667,1279.8422315093335,1203.5238399999998,765.7622315093334,689.4438399999998
