,per_hour_hood_data_count,occupancy,min_lab_cfm,min_hood_cfm,min_additional_hood_cfm,min_possible_lab_cfm,calc_hood_cfm,stream_hood_cfm,stream_and_calc_hood_cfm_std,stream_and_calc_hood_cfm_mean,calc_total_lab_cfm,stream_total_lab_cfm,calc_excess_cfm,stream_excess_cfm
count,4813.0,4813,4813.0,4813.0,4813.0,4813.0,1306.0,1307.0,1306.0,1307.0,4813.0,4813.0,4813.0,4813.0
mean,0.6455433201745273,0.55163099937668814,582.2175690837685,350.0,0.0,459.21756908374283,1102.7593651496834,1198.2455537464978,76.06117234023793,1150.5274259313178,633.9542511709375,660.0064281626704,174.7366820871575,200.78885907888423
std,0.8784499620765824,0.49737876851685275,60.859266115301075,0.0,0.0,60.859266115671296,101.464668054909,1.4358234857404362,66.14099109572528,50.82732475263537,295.55264707704765,332.7422143014568,293.0186108891305,330.4210110576784
min,0.0,False,514.72,350.0,0.0,391.72,752.4536709013335,1195.0483199999999,0.28629502280796715,975.8698754506667,391.72,391.72,0.0,0.0
25%,0.0,False,514.72,350.0,0.0,391.72,1066.3193821342225,1197.1671999999999,31.88505599983435,1132.4545437040001,391.72,391.72,0.0,0.0
50%,0.0,1.0,637.08,350.0,0.0,514.08,1129.413224426667,1197.8734933333333,53.16704209734818,1163.61688336,514.08,514.08,0.0,0.0
75%,2.0,True,637.08,350.0,0.0,514.08,1172.477030610667,1199.2860799999999,94.5949559354429,1185.1385182266667,928.1525722560002,1197.1671999999999,441.4210985955557,683.0871999999998
max,2.0,True,637.08,350.0,0.0,514.08,1280.7267043200002,1203.5238399999998,315.95822652758864,1238.1873824213333,1280.7267043200002,1203.5238399999998,889.0067043200002,811.8038399999998
