,per_hour_hood_data_count,occupancy,min_lab_cfm,min_hood_cfm,min_additional_hood_cfm,min_possible_lab_cfm,calc_hood_cfm,stream_hood_cfm,stream_and_calc_hood_cfm_std,stream_and_calc_hood_cfm_mean,calc_total_lab_cfm,stream_total_lab_cfm,calc_excess_cfm,stream_excess_cfm,description
0,4.0,0.6437125748502994,211.0200000000005,700.0,488.98,170.0,905.4822327671768,1331.3948513423163,329.2574631756344,1118.4385420547483,905.4822327671768,1331.3948513423163,735.482232767177,1161.3948513423156,current operation
1,4.0,0.6901197604790419,202.9610479041928,700.0,497.03895209580895,170.0,906.006468807891,1331.3948513423163,328.7104395374936,1118.7006600751056,906.006468807891,1331.3948513423163,736.0064688078912,1161.3948513423156,reduced unoccupied ach
2,4.0,0.6676646706586826,211.0200000000005,700.0,488.98,170.0,905.7992079131348,1331.3948513423163,329.42733897973807,1118.597029627728,905.7992079131348,1331.3948513423163,735.7992079131352,1161.3948513423156,reduced unoccupied face velocity
3,4.0,0.6736526946107785,211.0200000000005,700.0,488.98,170.0,839.1352768954085,1331.3948513423163,352.7951144324825,1085.2650641188632,839.1352768954085,1331.3948513423163,669.1352768954088,1161.3948513423156,sash reduced 20%
4,4.0,0.6661676646706587,211.0200000000005,700.0,488.98,170.0,747.9176982005613,1331.3948513423163,412.5806516539564,1039.6562747714413,747.9176982005613,1331.3948513423163,577.9176982005614,1161.3948513423156,sash reduced 50%
5,4.0,0.657185628742515,202.1045409181649,700.0,497.89545908183743,170.0,838.7011031610781,1331.3948513423163,353.2393231979067,1085.0479772516996,838.7011031610781,1331.3948513423163,668.7011031610785,1161.3948513423156,"reduced ach, sash reduced 20%"
6,4.0,0.6661676646706587,202.33813373253616,700.0,497.66186626746577,170.0,747.8903044351723,1331.3948513423163,412.60002197122515,1039.6425778887462,747.8903044351723,1331.3948513423163,577.8903044351723,1161.3948513423156,"reduced ach, sash reduced 50%"
7,4.0,0.657185628742515,202.1045409181649,700.0,497.8954590818368,170.0,747.8017088764648,1331.3948513423163,412.66266849157034,1039.5982801093924,747.8017088764648,1331.3948513423163,577.8017088764647,1161.3948513423156,"all reduced (ach, face vel, sash 50%)"
