,percent_open,datastream_flow,occupancy,evacuation_cfm,datastream_and_calculated_cfm_std,datastream_and_calculated_cfm_mean
count,225.0,229.0,334,225.0,225.0,229.0
mean,32.51234905500718,312.0315361254977,0.25149700598802394,290.29733029274524,31.595707801565005,300.82198735503505
std,16.703779285336765,123.41910356706936,0.43452452871739589,104.27804230287211,44.369772793919,108.10730281946942
min,15.819999999999997,205.53135999999998,False,210.0,0.16325681359845842,205.53135999999998
25%,16.049999,207.65023999999997,0.0,210.0,1.6615312301629959,208.82511999999997
50%,25.219998999999998,209.76912000000002,0.0,210.9119896,6.763705625714568,214.73455458333333
75%,50.860001000000004,398.34943999999996,0.75,341.56933333333336,42.130209315784725,374.4677472533333
max,54.982725272727286,622.9507199999999,True,612.1461778250001,204.46892017834696,606.3901155791666
