,percent_open,datastream_flow,occupancy,evacuation_cfm,datastream_and_calculated_cfm_std,datastream_and_calculated_cfm_mean
count,227.0,228.0,330,227.0,227.0,228.0
mean,31.306027652960832,295.86608053727656,0.23939393939393938,228.04531186980097,48.99569704066191,261.91561683540317
std,16.41934166935526,135.48523343947122,0.42736159098173537,45.16860799008534,80.26082470032034,83.33772238715356
min,17.164998999999998,205.53135999999998,False,210.0,0.16325681359845842,207.76567999999997
25%,17.279999,209.76911999999996,0.0,210.0,0.16325681368759354,209.88455999999996
50%,21.076363181818184,209.76912,0.0,210.0,1.6615312301542378,209.88456
75%,43.375,415.8302,0.0,219.329276928,96.76433834271994,319.5946854023035
max,66.70500200000001,627.9830599999999,True,442.25416326,292.7995335479309,534.7213216299999
