,percent_open,datastream_flow,occupancy,evacuation_cfm,datastream_and_calculated_cfm_std,datastream_and_calculated_cfm_mean
count,225.0,229.0,334,225.0,225.0,229.0
mean,32.51234905500718,312.0315361254977,0.33832335329341318,307.4389505318268,26.802261721131114,309.24308900087186
std,16.703779285336765,123.41910356706936,0.47384904363065106,125.09367572402802,37.08578398148868,119.82431651642005
min,15.819999999999997,205.53135999999998,False,210.0,0.16325681359845842,205.53135999999998
25%,16.049999,207.65023999999997,0.0,210.0,1.6615312301629959,208.82511999999997
50%,25.219998999999998,209.76912000000002,0.0,210.9119896,3.159805646683826,213.6360546375
75%,50.860001000000004,398.34943999999996,1.0,355.40216330000004,36.957958819384366,380.88160000000005
max,54.982725272727286,622.9507199999999,True,614.6529999999999,157.69422587003734,617.1305963416667
