,percent_open,datastream_flow,occupancy,evacuation_cfm,datastream_and_calculated_cfm_std,datastream_and_calculated_cfm_mean
count,225.0,229.0,334,225.0,225.0,229.0
mean,32.51234905500718,312.0315361254977,0.22754491017964071,223.00369019407006,65.69787727998303,267.7628846864724
std,16.703779285336765,123.41910356706936,0.4198762395463424,35.83364965496118,77.54380328369032,72.02911179235984
min,15.819999999999997,205.53135999999998,False,210.0,0.16325681359845842,205.53135999999998
25%,16.049999,207.65023999999997,0.0,210.0,1.6615312301629959,208.82511999999997
50%,25.219998999999998,209.76912000000002,0.0,210.0,3.159805646683826,209.88456000000002
75%,50.860001000000004,398.34943999999996,0.0,210.0,122.69524534104468,310.1028
max,54.982725272727286,622.9507199999999,True,371.6309864800001,292.00025440786726,489.08466350000003
