,percent_open,datastream_flow,occupancy,evacuation_cfm,datastream_and_calculated_cfm_std,datastream_and_calculated_cfm_mean
count,227.0,228.0,330,227.0,227.0,228.0
mean,31.306027652960832,295.86608053727656,0.21515151515151515,253.81025120060278,36.09368743407819,274.7415844408681
std,16.41934166935526,135.48523343947122,0.41155145125995063,81.50744753704657,57.253991019929074,103.22073538437643
min,17.164998999999998,205.53135999999998,False,210.0,0.16325681359845842,207.76567999999997
25%,17.279999,209.76911999999996,0.0,210.0,0.16325681368759354,209.88455999999996
50%,21.076363181818184,209.76912,0.0,210.0,1.6615312301629959,209.88456
75%,43.375,415.8302,0.0,293.97492565333334,69.74566682413362,355.22421333333335
max,66.70500200000001,627.9830599999999,True,578.2598063955556,237.1974461319037,602.7241431977777
