,percent_open,datastream_flow,occupancy,evacuation_cfm,datastream_and_calculated_cfm_std,datastream_and_calculated_cfm_mean
count,227.0,228.0,330,227.0,227.0,228.0
mean,31.306027652960832,295.86608053727656,0.21515151515151515,289.36024236879086,24.583452646920147,292.4386195180144
std,16.41934166935526,135.48523343947122,0.41155145125995063,128.87634274962022,47.303805863113446,126.71115984957308
min,17.164998999999998,205.53135999999998,False,210.0,0.16325681359845842,207.76567999999997
25%,17.279999,209.76911999999996,0.0,210.0,0.16325681368759354,209.88455999999996
50%,21.076363181818184,209.76912,0.0,210.0,1.6615312301629959,209.88456
75%,43.375,415.8302,0.0,361.49082699999997,20.781124940107997,394.41353600833327
max,66.70500200000001,627.9830599999999,True,650.0,191.96516911569944,638.5942399999999
