,percent_open,datastream_flow,occupancy,evacuation_cfm,datastream_and_calculated_cfm_std,datastream_and_calculated_cfm_mean
count,227.0,228.0,330,227.0,227.0,228.0
mean,31.306027652960832,295.86608053727656,0.21818181818181817,282.1714302432323,29.575182411905264,288.859978394107
std,16.41934166935526,135.48523343947122,0.41363871689949999,113.61248914122041,52.29331564170056,117.7530106889592
min,17.164998999999998,205.53135999999998,False,210.0,0.16325681359845842,207.76567999999997
25%,17.279999,209.76911999999996,0.0,210.0,0.16325681368759354,209.88455999999996
50%,21.076363181818184,209.76912,0.0,210.0,1.6615312301629959,209.88456
75%,43.375,415.8302,0.0,366.2911179583333,26.77109566332789,391.17368
max,66.70500200000001,627.9830599999999,True,650.0,179.1161672745805,638.5942399999999
