,percent_open,datastream_flow,occupancy,evacuation_cfm,datastream_and_calculated_cfm_std,datastream_and_calculated_cfm_mean
count,237.0,238.0,334,237.0,237.0,238.0
mean,18.875622783051757,210.647242972584,0.3532934131736527,216.84943456435968,4.376669955868103,213.729012729471
std,5.403219629637375,9.557366558907054,0.47871003230719794,26.579461279110653,14.480007006598806,17.12190567311942
min,16.889999,207.65023999999997,False,210.0,0.16325681359845842,207.65024
25%,17.029999500000002,207.65023999999997,0.0,210.0,1.6615312301629959,208.82511999999997
50%,17.125,207.65024,0.0,210.0,1.6615312301629959,208.82511999999997
75%,17.24,207.65024000000003,1.0,210.0,1.6615312301629959,208.82512000000003
max,37.058332666666665,290.28656,True,405.3705114574075,123.32832614385191,318.1642157287037
