,percent_open,datastream_flow,occupancy,evacuation_cfm,datastream_and_calculated_cfm_std,datastream_and_calculated_cfm_mean
count,231.0,231.0,330,231.0,231.0,231.0
mean,25.478918291054192,272.697354701624,0.22727272727272727,260.1962253250523,22.46960440383515,266.44679001333725
std,14.249566311336396,124.27590664180849,0.41970660418969119,99.46378166906773,43.94314632637606,107.18662536333845
min,16.182498999999996,205.53135999999998,False,210.0,1.0372502232782606,207.76567999999997
25%,16.279999,205.53135999999998,0.0,210.0,3.1598056466815234,207.76567999999997
50%,16.469998999999998,205.53136,0.0,210.0,3.1598056466815234,207.76568
75%,38.555,252.14672000000004,0.0,257.03333333333336,13.066637881389449,258.4455266666667
max,56.785,625.2622254545454,True,635.0456441333333,192.49831802253752,628.9981820666667
