,percent_open,datastream_flow,occupancy,evacuation_cfm,datastream_and_calculated_cfm_std,datastream_and_calculated_cfm_mean
count,280.0,281.0,335,280.0,280.0,281.0
mean,23.23329761521477,255.43423658792284,0.22089552238805971,249.27695285860298,14.630332641147216,253.02049466479497
std,12.302331808171317,115.68742126710083,0.41547077166226681,99.38718398824524,34.62900401755336,105.65459601173956
min,16.819999999999997,205.53135999999998,False,210.0,0.16325681359845842,207.76567999999997
25%,16.934998999999998,205.53135999999998,0.0,210.0,0.16325681368759354,207.76567999999997
50%,17.049999000000003,208.88625333333331,0.0,210.0,3.1598056466815234,209.44312666666667
75%,18.584999,209.76912000000002,0.0,210.0,3.159805646683826,209.88456000000002
max,58.79999900000001,629.30736,True,650.0,183.7736304106863,639.3888199999999
