,percent_open,datastream_flow,occupancy,evacuation_cfm,datastream_and_calculated_cfm_std,datastream_and_calculated_cfm_mean
count,273.0,273.0,335,273.0,273.0,273.0
mean,24.463257703213426,255.06649305035594,0.25671641791044775,248.49959809655925,16.172197498403744,251.7830455734573
std,12.454905041472397,105.12772960185903,0.43747502258795051,89.590531522721,39.47283526618863,92.94981967922001
min,16.819999999999997,205.53135999999998,False,210.0,0.16325681359845842,207.76567999999997
25%,16.934999,209.76911999999996,0.0,210.0,0.16325681368759354,209.88455999999996
50%,18.469998999999998,209.76911999999996,0.0,210.0,0.16325681368759354,209.88455999999996
75%,21.555000000000003,209.76912000000002,1.0,226.85433333333336,4.156679978476965,220.47324749999999
max,58.334999,627.1884799999999,True,642.50225,182.37385052406268,634.8453649999999
