,percent_open,datastream_flow,occupancy,evacuation_cfm,datastream_and_calculated_cfm_std,datastream_and_calculated_cfm_mean
count,225.0,229.0,334,225.0,225.0,229.0
mean,32.51234905500718,312.0315361254977,0.22155688622754491,291.68356030230774,28.719374033092333,301.50299554750563
std,16.703779285336765,123.41910356706936,0.41591749015411833,109.33718320480853,42.37694979766021,111.24149106796169
min,15.819999999999997,205.53135999999998,False,210.0,0.16325681359845842,205.53135999999998
25%,16.049999,207.65023999999997,0.0,210.0,1.6615312301629959,208.82511999999997
50%,25.219998999999998,209.76912000000002,0.0,210.0,3.159805646683826,209.88456000000002
75%,50.860001000000004,398.34943999999996,0.0,348.612,35.67627125708199,375.5996
max,54.982725272727286,622.9507199999999,True,618.0893446,211.694137268511,614.1527839500001
