,percent_open,datastream_flow,occupancy,evacuation_cfm,datastream_and_calculated_cfm_std,datastream_and_calculated_cfm_mean
count,258.0,258.0,335,258.0,258.0,258.0
mean,22.549716449481355,252.7174736422247,0.35820895522388058,254.12127139189562,9.65704265054868,253.41937251706022
std,11.24194420715697,112.96223123572456,0.48019122118339458,109.4550227658019,23.599538844215214,109.752670292283
min,16.584999,205.53135999999998,False,210.0,0.10915671672690208,207.76567999999997
25%,16.82,207.65023999999997,0.0,210.0,0.16325681368759354,208.82511999999997
50%,16.94583261111111,209.76911999999996,0.0,210.0,1.6615312301629959,209.88455999999996
75%,20.83,209.76912,1.0,210.0,2.8005688853304203,209.88456000000002
max,57.334998999999996,629.30736,True,637.196625,168.10147542431952,632.1925524999999
