,percent_open,datastream_flow,occupancy,evacuation_cfm,datastream_and_calculated_cfm_std,datastream_and_calculated_cfm_mean
count,237.0,238.0,334,237.0,237.0,238.0
mean,25.62339599644846,257.6697439262018,0.38622754491017963,270.01856066982555,19.296312153395398,263.7131264142537
std,13.597417268559436,107.28575594225637,0.48761430232058217,120.12018882278505,37.172965870302356,110.04445068817242
min,16.775,207.29709333333332,False,210.0,1.6615312301542378,207.65023999999997
25%,16.914999,207.65023999999997,0.0,210.0,1.6615312301629959,208.82511999999997
50%,17.629998999999998,207.65024,0.0,210.0,1.6615312301629959,208.82512
75%,24.029999,207.65024000000003,1.0,255.11848938333335,19.94183320780551,232.68598963749997
max,58.259997999999996,627.423911111111,True,643.7729779,181.2600917006142,629.6935860714286
