,percent_open,datastream_flow,occupancy,evacuation_cfm,datastream_and_calculated_cfm_std,datastream_and_calculated_cfm_mean
count,281.0,281.0,335,281.0,281.0,281.0
mean,18.155368896960454,214.81225907066488,0.37611940298507462,216.56125602447878,1.883128680289,215.68675754757166
std,4.018002578451388,39.706948953960186,0.48513519081273826,40.630837344320874,9.144633086356745,39.6349501284663
min,17.01,205.53135999999998,False,210.0,0.09947829234954407,207.76567999999997
25%,17.049999,207.65023999999997,0.0,210.0,0.16325681368759354,208.82511999999997
50%,17.584999,209.76911999999996,0.0,210.0,0.16325681368759354,209.88455999999996
75%,17.705,209.76911999999996,1.0,210.0,1.9080757945388889,209.88455999999996
max,51.744999,622.9507199999999,True,554.965114275,143.79697539942364,588.9579171375
