,percent_open,datastream_flow,occupancy,evacuation_cfm,datastream_and_calculated_cfm_std,datastream_and_calculated_cfm_mean
count,225.0,229.0,334,225.0,225.0,229.0
mean,32.51234905500718,312.0315361254977,0.21856287425149701,253.7538691994763,47.04050891068786,282.8694136738443
std,16.703779285336765,123.41910356706936,0.41389133425996932,66.77500408842124,57.60285552005163,89.37886823412317
min,15.819999999999997,205.53135999999998,False,210.0,0.16325681359845842,205.53135999999998
25%,16.049999,207.65023999999997,0.0,210.0,1.6615312301629959,208.82511999999997
50%,25.219998999999998,209.76912000000002,0.0,210.0,3.159805646683826,209.88456000000002
75%,50.860001000000004,398.34943999999996,0.0,279.55572784000003,82.99098823734597,343.5554666666667
max,54.982725272727286,622.9507199999999,True,481.2821218872729,256.31044441294813,543.0228942769697
