,percent_open,datastream_flow,occupancy,evacuation_cfm,datastream_and_calculated_cfm_std,datastream_and_calculated_cfm_mean
count,237.0,238.0,334,237.0,237.0,238.0
mean,25.62339599644846,257.6697439262018,0.23952095808383234,256.0001469183912,20.38419298508927,256.73336998759413
std,13.597417268559436,107.28575594225637,0.4274314772306877,101.9881893990008,41.29493027283274,99.41309672493624
min,16.775,207.29709333333332,False,210.0,0.37380939826658766,207.65023999999997
25%,16.914999,207.65023999999997,0.0,210.0,1.6615312301629959,208.82511999999997
50%,17.629998999999998,207.65024,0.0,210.0,1.6615312301629959,208.82512
75%,24.029999,207.65024000000003,0.0,220.04538072222226,15.130039221773771,230.42841493645832
max,58.259997999999996,627.423911111111,True,650.0,186.8886051103169,623.4231269680554
