,percent_open,datastream_flow,occupancy,evacuation_cfm,datastream_and_calculated_cfm_std,datastream_and_calculated_cfm_mean
count,225.0,229.0,334,225.0,225.0,229.0
mean,32.51234905500718,312.0315361254977,0.22754491017964071,257.39256575682657,44.88265944088971,284.6569829432851
std,16.703779285336765,123.41910356706936,0.4198762395463424,73.60743522338836,52.66207732037058,93.4024175808303
min,15.819999999999997,205.53135999999998,False,210.0,0.16325681359845842,205.53135999999998
25%,16.049999,207.65023999999997,0.0,210.0,1.6615312301629959,208.82511999999997
50%,25.219998999999998,209.76912000000002,0.0,210.0,5.391324994699525,209.88456000000002
75%,50.860001000000004,398.34943999999996,0.0,276.0725333333334,84.01304064285883,337.92133333333334
max,54.982725272727286,622.9507199999999,True,495.50798197333353,251.05102817223786,548.6409113333334
