,percent_open,datastream_flow,occupancy,evacuation_cfm,datastream_and_calculated_cfm_std,datastream_and_calculated_cfm_mean
count,225.0,229.0,334,225.0,225.0,229.0
mean,32.51234905500718,312.0315361254977,0.26347305389221559,224.8346865879075,64.40316731357252,268.6623916485104
std,16.703779285336765,123.41910356706936,0.4411776870196169,38.91335194292253,74.56860653253074,74.34154008385482
min,15.819999999999997,205.53135999999998,False,210.0,0.16325681359845842,205.53135999999998
25%,16.049999,207.65023999999997,0.0,210.0,1.6615312301629959,208.82511999999997
50%,25.219998999999998,209.76912000000002,0.0,210.0,3.159805646683826,209.88456000000002
75%,50.860001000000004,398.34943999999996,1.0,210.0,123.27244069533924,309.47191999999995
max,54.982725272727286,622.9507199999999,True,367.287706695,290.98201781453156,492.3251849999999
