,percent_open,datastream_flow,occupancy,evacuation_cfm,datastream_and_calculated_cfm_std,datastream_and_calculated_cfm_mean
count,258.0,258.0,335,258.0,258.0,258.0
mean,22.549716449481355,252.7174736422247,0.26865671641791045,241.83033103429398,14.276338849209257,247.27390233825935
std,11.24194420715697,112.96223123572456,0.44392403569555422,92.75172108032791,36.964205203257855,99.62902092718095
min,16.584999,205.53135999999998,False,210.0,0.10915671672690208,207.76567999999997
25%,16.82,207.65023999999997,0.0,210.0,0.16325681368759354,208.82511999999997
50%,16.94583261111111,209.76911999999996,0.0,210.0,1.6615312301629959,209.88455999999996
75%,20.83,209.76912,1.0,210.0,1.6694039803088006,209.88456000000002
max,57.334998999999996,629.30736,True,624.823875,215.9620451436637,626.0061774999999
