,percent_open,datastream_flow,occupancy,evacuation_cfm,datastream_and_calculated_cfm_std,datastream_and_calculated_cfm_mean
count,237.0,238.0,334,237.0,237.0,238.0
mean,25.62339599644846,257.6697439262018,0.3473053892215569,244.6537304625693,17.476485164672887,251.08399876904414
std,13.597417268559436,107.28575594225637,0.47682815525148969,79.36019544995108,39.28016530482289,89.53411263675933
min,16.775,207.29709333333332,False,210.0,1.6615312301542378,207.65023999999997
25%,16.914999,207.65023999999997,0.0,210.0,1.6615312301629959,208.82511999999997
50%,17.629998999999998,207.65024,0.0,210.0,1.6615312301629959,208.82512
75%,24.029999,207.65024000000003,1.0,210.0,3.376400345070677,210.03771558
max,58.259997999999996,627.423911111111,True,519.3088244066666,230.2041234221241,552.1344899999999
