,percent_open,datastream_flow,occupancy,evacuation_cfm,datastream_and_calculated_cfm_std,datastream_and_calculated_cfm_mean
count,237.0,238.0,334,237.0,237.0,238.0
mean,25.62339599644846,257.6697439262018,0.23353293413173654,234.59104132761667,22.335945708599084,246.07379430479247
std,13.597417268559436,107.28575594225637,0.42371314145234285,61.70765863705915,48.925546130253196,79.66371410242867
min,16.775,207.29709333333332,False,210.0,1.6615312301542378,207.65023999999997
25%,16.914999,207.65023999999997,0.0,210.0,1.6615312301629959,208.82511999999997
50%,17.629998999999998,207.65024,0.0,210.0,1.6615312301629959,208.82512
75%,24.029999,207.65024000000003,0.0,210.0,1.6615312301629959,208.82512000000003
max,58.259997999999996,627.423911111111,True,512.4032303866667,236.7383554263014,520.9701858666666
