,percent_open,datastream_flow,occupancy,evacuation_cfm,datastream_and_calculated_cfm_std,datastream_and_calculated_cfm_mean
count,240.0,241.0,334,240.0,240.0,241.0
mean,23.798059203221534,245.15184626504504,0.25149700598802394,243.5425567087047,14.773016023229578,244.27273609951217
std,11.48471598547944,97.36656807255582,0.43452452871739589,83.60454442931787,35.80111271264384,86.46710646162288
min,16.974999999999998,205.53135999999998,False,210.0,0.16325681359845842,207.65024
25%,17.09,207.65024,0.0,210.0,0.16325681368759354,208.82512
50%,17.379375,209.76911999999996,0.0,210.0,1.6615312301629959,209.88455999999996
75%,23.68,209.76912000000002,0.75,210.4192636875,3.4701356945425186,216.01674500000001
max,58.32428357142856,629.30736,True,636.8670998444447,184.4599052132732,631.6746432555557
