,percent_open,datastream_flow,occupancy,evacuation_cfm,datastream_and_calculated_cfm_std,datastream_and_calculated_cfm_mean
count,258.0,258.0,335,258.0,258.0,258.0
mean,22.549716449481355,252.7174736422247,0.22686567164179106,244.01670416767556,13.231001024645563,248.3670889049502
std,11.24194420715697,112.96223123572456,0.41943149774792249,92.99403954689572,34.282911278012804,100.23796061333672
min,16.584999,205.53135999999998,False,210.0,0.10915671672690208,207.76567999999997
25%,16.82,207.65023999999997,0.0,210.0,0.16325681368759354,208.82511999999997
50%,16.94583261111111,209.76911999999996,0.0,210.0,1.6615312301629959,209.88455999999996
75%,20.83,209.76912,0.0,210.0,1.6694039803088006,209.88456
max,57.334998999999996,629.30736,True,635.8576361583334,185.56024373927022,626.4091229708333
