,percent_open,datastream_flow,occupancy,evacuation_cfm,datastream_and_calculated_cfm_std,datastream_and_calculated_cfm_mean
count,237.0,238.0,334,237.0,237.0,238.0
mean,25.62339599644846,257.6697439262018,0.23952095808383234,232.96905234857653,23.10889878578314,245.26620735514433
std,13.597417268559436,107.28575594225637,0.4274314772306877,57.929330024450344,50.687777358788246,77.68892170542784
min,16.775,207.29709333333332,False,210.0,1.6615312301542378,207.65023999999997
25%,16.914999,207.65023999999997,0.0,210.0,1.6615312301629959,208.82511999999997
50%,17.629998999999998,207.65024,0.0,210.0,1.6615312301629959,208.82512
75%,24.029999,207.65024000000003,0.0,210.0,4.849020866285618,210.81869054749998
max,58.259997999999996,627.423911111111,True,517.2557000000003,228.53937407043458,537.2036033333334
