,percent_open,datastream_flow,occupancy,evacuation_cfm,datastream_and_calculated_cfm_std,datastream_and_calculated_cfm_mean
count,225.0,229.0,334,225.0,225.0,229.0
mean,32.51234905500718,312.0315361254977,0.21556886227544911,222.59322332826957,65.98812118424294,267.5612361170289
std,16.703779285336765,123.41910356706936,0.41183337951286075,36.13845160213671,78.35125782453109,71.66901620667447
min,15.819999999999997,205.53135999999998,False,210.0,0.16325681359845842,205.53135999999998
25%,16.049999,207.65023999999997,0.0,210.0,1.6615312301629959,208.82511999999997
50%,25.219998999999998,209.76912000000002,0.0,210.0,3.159805646683826,209.88456000000002
75%,50.860001000000004,398.34943999999996,0.0,210.0,124.19351975756523,311.85565999999994
max,54.982725272727286,622.9507199999999,True,367.28770669500005,292.00025440786726,490.871350935
