,percent_open,datastream_flow,occupancy,evacuation_cfm,datastream_and_calculated_cfm_std,datastream_and_calculated_cfm_mean
count,237.0,238.0,334,237.0,237.0,238.0
mean,25.62339599644846,257.6697439262018,0.21856287425149701,253.42166164974296,17.873563037664763,255.44954433912852
std,13.597417268559436,107.28575594225637,0.41389133425996932,93.30141209467564,36.39775483544334,96.32935210834952
min,16.775,207.29709333333332,False,210.0,1.6615312301542378,207.65023999999997
25%,16.914999,207.65023999999997,0.0,210.0,1.6615312301629959,208.82511999999997
50%,17.629998999999998,207.65024,0.0,210.0,1.6615312301629959,208.82512
75%,24.029999,207.65024000000003,0.0,249.8339896,17.99913420882281,231.3843646916667
max,58.259997999999996,627.423911111111,True,650.0,194.00987750364655,633.740365
