,percent_open,datastream_flow,occupancy,evacuation_cfm,datastream_and_calculated_cfm_std,datastream_and_calculated_cfm_mean
count,273.0,273.0,335,273.0,273.0,273.0
mean,24.463257703213426,255.06649305035594,0.2537313432835821,251.61266554281033,13.799059779858935,253.3395792965829
std,12.454905041472397,105.12772960185903,0.43579659260077019,100.31390868675943,34.884465205256646,99.27906673244566
min,16.819999999999997,205.53135999999998,False,210.0,0.16325681359845842,207.76567999999997
25%,16.934999,209.76911999999996,0.0,210.0,0.16325681368759354,209.88455999999996
50%,18.469998999999998,209.76911999999996,0.0,210.0,0.16325681368759354,209.88455999999996
75%,21.555000000000003,209.76912000000002,1.0,210.0,4.280776134340564,219.77266666666668
max,58.334999,627.1884799999999,True,650.0,196.8836805544248,638.5942399999999
