,percent_open,datastream_flow,occupancy,evacuation_cfm,datastream_and_calculated_cfm_std,datastream_and_calculated_cfm_mean
count,231.0,231.0,330,231.0,231.0,231.0
mean,25.478918291054192,272.697354701624,0.3515151515151515,271.72988600133357,18.05211252967463,272.21362035147797
std,14.249566311336396,124.27590664180849,0.47816849932999217,113.83528425608546,36.8169750372096,115.5868886683226
min,16.182498999999996,205.53135999999998,False,210.0,1.6615312301542378,207.76567999999997
25%,16.279999,205.53135999999998,0.0,210.0,3.1598056466815234,207.76567999999997
50%,16.469998999999998,205.53136,0.0,210.0,3.1598056466815234,207.76568
75%,38.555,252.14672000000004,1.0,266.02950000000004,10.728737976372873,259.08811000000003
max,56.785,625.2622254545454,True,639.7776666666665,187.41249202350315,632.4236333333332
