,percent_open,datastream_flow,occupancy,evacuation_cfm,datastream_and_calculated_cfm_std,datastream_and_calculated_cfm_mean
count,281.0,281.0,335,281.0,281.0,281.0
mean,18.155368896960454,214.81225907066488,0.27761194029850744,210.79754153770207,4.804851206750435,212.80490030418332
std,4.018002578451388,39.706948953960186,0.44849078105946144,8.041908613393657,25.683739416104324,21.9838387485075
min,17.01,205.53135999999998,False,210.0,0.16325681359845842,207.76567999999997
25%,17.049999,207.65023999999997,0.0,210.0,0.16325681368759354,208.82511999999997
50%,17.584999,209.76911999999996,0.0,210.0,0.16325681368759354,209.88455999999996
75%,17.705,209.76911999999996,1.0,210.0,3.1598056466815234,209.88455999999996
max,51.744999,622.9507199999999,True,316.21728535428565,292.00025440786726,416.47535999999997
