,percent_open,datastream_flow,occupancy,evacuation_cfm,datastream_and_calculated_cfm_std,datastream_and_calculated_cfm_mean
count,237.0,238.0,334,237.0,237.0,238.0
mean,18.875622783051757,210.647242972584,0.21856287425149701,210.8519363863713,2.7084254217360018,210.742863426565
std,5.403219629637375,9.557366558907054,0.41389133425996932,4.694051547386168,5.699388590528211,6.06894964839949
min,16.889999,207.65023999999997,False,210.0,0.03314916590502065,207.65024
25%,17.029999500000002,207.65023999999997,0.0,210.0,1.6615312301629959,208.82511999999997
50%,17.125,207.65024,0.0,210.0,1.6615312301629959,208.82511999999997
75%,17.24,207.65024000000003,0.0,210.0,1.6615312301629959,208.82512000000003
max,37.058332666666665,290.28656,True,247.84890000000001,56.77117101414054,250.14328
