,percent_open,datastream_flow,occupancy,evacuation_cfm,datastream_and_calculated_cfm_std,datastream_and_calculated_cfm_mean
count,237.0,238.0,334,237.0,237.0,238.0
mean,25.62339599644846,257.6697439262018,0.25748502994011974,221.43869313459936,28.323507085710727,239.52525119188266
std,13.597417268559436,107.28575594225637,0.43790481031652012,36.536020037873996,65.23287026736928,65.0457940359787
min,16.775,207.29709333333332,False,210.0,1.6615312301542378,207.65023999999997
25%,16.914999,207.65023999999997,0.0,210.0,1.6615312301629959,208.82511999999997
50%,17.629998999999998,207.65024,0.0,210.0,1.6615312301629959,208.82512
75%,24.029999,207.65024000000003,1.0,210.0,1.6615312301629959,208.82512000000003
max,58.259997999999996,627.423911111111,True,374.3561185649999,286.50644281967567,458.87057350399994
