,percent_open,datastream_flow,occupancy,evacuation_cfm,datastream_and_calculated_cfm_std,datastream_and_calculated_cfm_mean
count,225.0,229.0,334,225.0,225.0,229.0
mean,32.51234905500718,312.0315361254977,0.24850299401197604,259.5356314439816,46.35734559134721,285.7097990559702
std,16.703779285336765,123.41910356706936,0.43279332776230911,77.38875101138468,58.802884962705306,92.44105874721204
min,15.819999999999997,205.53135999999998,False,210.0,0.16325681359845842,205.53135999999998
25%,16.049999,207.65023999999997,0.0,210.0,1.6615312301629959,208.82511999999997
50%,25.219998999999998,209.76912000000002,0.0,210.0,9.344014127889752,209.88456000000002
75%,50.860001000000004,398.34943999999996,0.0,280.65440000000007,77.65465723275773,349.80722919999994
max,54.982725272727286,622.9507199999999,True,490.74348214666685,261.9028105239963,555.7876610733334
