,percent_open,datastream_flow,occupancy,evacuation_cfm,datastream_and_calculated_cfm_std,datastream_and_calculated_cfm_mean
count,280.0,281.0,335,280.0,280.0,281.0
mean,26.500513936052958,243.0538181718757,0.21492537313432836,231.4549909647983,16.232444126583747,237.21204736021443
std,12.346209556301455,69.22971147576553,0.41138503146657585,56.748325533070094,30.79453665639877,58.58211363893842
min,17.614998999999997,205.53135999999998,False,210.0,0.16325681359845842,207.65024
25%,17.6318740625,207.65024,0.0,210.0,0.16325681368759354,208.82512
50%,17.744999000000004,209.76911999999996,0.0,210.0,1.6615312301629959,209.88455999999996
75%,35.85124810714285,277.57328,0.0,219.04866325000003,29.576066599502802,250.93784261333337
max,55.90499899999998,612.35632,True,503.21438197333345,215.46275959105222,536.0116517666667
