,percent_open,datastream_flow,occupancy,evacuation_cfm,datastream_and_calculated_cfm_std,datastream_and_calculated_cfm_mean
count,227.0,228.0,330,227.0,227.0,228.0
mean,31.306027652960832,295.86608053727656,0.21212121212121213,284.3729763940381,27.337152271947602,289.95592351742465
std,16.41934166935526,135.48523343947122,0.40943104994011048,120.24078492980512,50.433934937693074,121.58389324062071
min,17.164998999999998,205.53135999999998,False,210.0,0.08173241209677817,207.76567999999997
25%,17.279999,209.76911999999996,0.0,210.0,0.16325681368759354,209.88455999999996
50%,21.076363181818184,209.76912,0.0,210.0,1.6615312301629959,209.88456
75%,43.375,415.8302,0.0,368.1346632666667,25.29896776926357,391.3278088928571
max,66.70500200000001,627.9830599999999,True,650.0,194.48619405954412,638.5942399999999
