,percent_open,datastream_flow,occupancy,evacuation_cfm,datastream_and_calculated_cfm_std,datastream_and_calculated_cfm_mean
count,267.0,268.0,335,267.0,267.0,268.0
mean,18.52544407219144,220.39199226460727,0.22388059701492538,213.4053180102255,8.372345089903524,216.88396491724745
std,7.522695187865812,58.622087416496086,0.41746653644757531,20.712829796743236,32.6003750946997,37.148347952060035
min,16.545,205.53135999999998,False,210.0,0.16325681359845842,205.53135999999998
25%,16.629998999999998,205.53135999999998,0.0,210.0,0.16325681368759354,207.76567999999997
50%,16.744999,207.65023999999997,0.0,210.0,1.6615312301629959,208.82511999999997
75%,16.744999000000004,209.76911999999996,0.0,210.0,3.1598056466815234,209.88455999999996
max,57.524998,622.9507199999999,True,377.65161186999995,275.14875644109713,488.8522257375
