,percent_open,datastream_flow,occupancy,evacuation_cfm,datastream_and_calculated_cfm_std,datastream_and_calculated_cfm_mean
count,225.0,229.0,334,225.0,225.0,229.0
mean,32.51234905500718,312.0315361254977,0.3712574850299401,311.86242935236294,27.748713339125704,311.41619540834074
std,16.703779285336765,123.41910356706936,0.48386603715364551,128.82201755822248,38.07210091916741,121.4827200390631
min,15.819999999999997,205.53135999999998,False,210.0,0.015093007732264796,205.53135999999998
25%,16.049999,207.65023999999997,0.0,210.0,1.6615312301629959,208.82511999999997
50%,25.219998999999998,209.76912000000002,0.0,224.09398895,3.159805646683826,218.00215951736112
75%,50.860001000000004,398.34943999999996,1.0,359.17600000000004,38.09817769643597,386.53315089062494
max,54.982725272727286,622.9507199999999,True,619.3849774666669,154.61034611254212,606.9816099999999
