,percent_open,datastream_flow,occupancy,evacuation_cfm,datastream_and_calculated_cfm_std,datastream_and_calculated_cfm_mean
count,258.0,258.0,335,258.0,258.0,258.0
mean,22.549716449481355,252.7174736422247,0.21194029850746268,228.50191397101383,19.617040231515926,240.60969380661942
std,11.24194420715697,112.96223123572456,0.4092941156085278,59.41735479011222,49.57541097786835,82.88901681415061
min,16.584999,205.53135999999998,False,210.0,0.10915671672690208,207.76567999999997
25%,16.82,207.65023999999997,0.0,210.0,0.16325681368759354,208.82511999999997
50%,16.94583261111111,209.76911999999996,0.0,210.0,1.6615312301629959,209.88455999999996
75%,20.83,209.76912,0.0,210.0,1.6615312301629959,209.88456
max,57.334998999999996,629.30736,True,514.7064,262.55373320250277,570.9474399999999
