,percent_open,datastream_flow,occupancy,evacuation_cfm,datastream_and_calculated_cfm_std,datastream_and_calculated_cfm_mean
count,1773.0,1776.0,4794,1773.0,1773.0,1776.0
mean,39.73648562597882,204.96651092092023,0.41280767626199416,368.6212366063203,115.92703926159278,286.6662699714408
std,8.931433530324593,42.43164206523607,0.49239016228260291,83.38537088630547,43.70251464143712,58.344893907740456
min,26.105,175.86704,False,231.46433333333334,16.447614857381176,177.98592
25%,32.22666566666667,177.98592,0.0,300.53334266666667,80.6145977900917,239.59005000833332
50%,42.564999,186.46143999999998,0.0,386.3962666666667,136.47570162876104,287.3351
75%,47.0,222.48239999999998,1.0,429.8933333333334,152.10746504158442,328.86243219000005
max,60.305,536.07664,True,557.2182,182.10905179542917,545.58798
