,percent_open,datastream_flow,occupancy,evacuation_cfm,datastream_and_calculated_cfm_std,datastream_and_calculated_cfm_mean
count,1495.0,1497.0,4498,1495.0,1495.0,1497.0
mean,40.22863096896139,238.75406908706344,0.42218763895064471,273.21194108513754,33.98952955117647,255.99582639465785
std,23.66926311586994,86.55325692080987,0.49396303777167144,114.34585270141433,40.226768235367665,95.87352139405012
min,1.735,197.05584,False,230.0,0.3027831237088413,207.65024
25%,28.640833,207.65024,0.0,230.0,14.305392437371253,218.82512000000003
50%,35.239998,209.76912,0.0,230.0,15.803666853891766,219.88456000000002
75%,44.509997999999996,209.76912000000002,1.0,263.17198179999997,37.1011514427531,239.89822059999997
max,162.06999199999998,639.90176,True,973.7705352666666,347.9701004982825,796.5626047375
