,percent_open,datastream_flow,occupancy,evacuation_cfm,datastream_and_calculated_cfm_std,datastream_and_calculated_cfm_mean
count,1773.0,1776.0,4794,1773.0,1773.0,1776.0
mean,39.73648562597882,204.96651092092023,0.41280767626199416,252.57606911292694,36.956621447900055,228.7416973459386
std,8.931433530324593,42.43164206523607,0.49239016228260291,27.668365072977025,10.64808224748772,33.33012999573779
min,26.105,175.86704,False,230.0,0.021863084686778236,177.98592
25%,32.22666566666667,177.98592,0.0,230.0,35.28123426865918,203.99295999999998
50%,42.564999,186.46143999999998,0.0,242.25598879999993,36.779508685179685,215.47632511666666
75%,47.0,222.48239999999998,1.0,267.74561945833335,40.1206286374384,248.29232972916668
max,60.305,536.07664,True,362.33254166666666,186.56940229540237,448.14515083333333
