,percent_open,datastream_flow,occupancy,evacuation_cfm,datastream_and_calculated_cfm_std,datastream_and_calculated_cfm_mean
count,1495.0,1497.0,4498,1495.0,1495.0,1497.0
mean,40.22863096896139,238.75406908706344,0.42218763895064471,273.2983408624398,34.02203237404424,256.0389685680272
std,23.66926311586994,86.55325692080987,0.49396303777167144,115.43906198900713,40.52755312689568,96.4646094825377
min,1.735,197.05584,False,230.0,0.3027831237088413,207.65024
25%,28.640833,207.65024,0.0,230.0,14.305392437371253,218.82512000000003
50%,35.239998,209.76912,0.0,230.0,15.803666853891766,219.88456000000002
75%,44.509997999999996,209.76912000000002,1.0,262.3260119375,37.263022280944156,239.89822059999997
max,162.06999199999998,639.90176,True,983.2246181333333,321.74798948196195,804.4633975666666
