,percent_open,datastream_flow,occupancy,evacuation_cfm,datastream_and_calculated_cfm_std,datastream_and_calculated_cfm_mean
count,1255.0,1256.0,4792,1255.0,1255.0,1256.0
mean,19.945834813180713,225.70031778838975,0.56114357262103509,179.09421053696636,32.966858312328924,202.40778850561964
std,9.114032268113725,69.82021527637202,0.49629916821942655,16.621203701585404,39.42549806735303,42.411475783675314
min,16.176665666666665,205.53135999999998,False,175.0,21.58893169484791,190.26567999999997
25%,16.4,205.53135999999998,0.0,175.0,21.58893169484791,190.26567999999997
50%,16.514999,207.1940922222222,1.0,175.0,22.77506560792704,191.126475
75%,16.775,207.65024,1.0,175.0,23.08720611136823,191.32512
max,63.753332666666665,625.0695999999999,True,303.46586349333336,271.45039111053524,446.82621142999994
