,percent_open,datastream_flow,occupancy,evacuation_cfm,datastream_and_calculated_cfm_std,datastream_and_calculated_cfm_mean
count,1255.0,1256.0,4792,1255.0,1255.0,1256.0
mean,19.945834813180713,225.70031778838975,0.56114357262103509,179.10360531504105,32.96021520104454,202.41248215469759
std,9.114032268113725,69.82021527637202,0.49629916821942655,16.614362403040435,39.3660493971988,42.437716931500674
min,16.176665666666665,205.53135999999998,False,175.0,21.58893169484791,190.26567999999997
25%,16.4,205.53135999999998,0.0,175.0,21.58893169484791,190.26567999999997
50%,16.514999,207.1940922222222,1.0,175.0,22.77506560792704,191.126475
75%,16.775,207.65024,1.0,175.0,23.08720611136823,191.32512
max,63.753332666666665,625.0695999999999,True,285.61493034666665,278.2803825184749,447.68309999999997
