,percent_open,datastream_flow,occupancy,evacuation_cfm,datastream_and_calculated_cfm_std,datastream_and_calculated_cfm_mean
count,1475.0,1484.0,4794,1475.0,1475.0,1484.0
mean,20.000831503582873,228.051083483078,0.55944931163954947,190.1799538328771,28.336442188100868,209.21918208637956
std,8.726563094270686,76.39601291431707,0.49650498625230804,51.45813533980769,21.85466879177704,62.93808401104765
min,16.82,205.53135999999998,False,175.0,2.132412846448936,190.26567999999997
25%,16.934998999999998,207.65024,0.0,175.0,23.087206111367912,191.32512
50%,17.049999,207.65024000000003,1.0,175.0,23.08720611136823,191.32512000000003
75%,18.0325,209.76912,1.0,175.0,24.585480527888613,192.38456
max,65.924995,654.73392,True,506.81490257066673,186.15844234131174,564.8828112853333
