,per_hour_hood_data_count,occupancy,min_lab_cfm,min_hood_cfm,min_additional_hood_cfm,min_possible_lab_cfm,calc_hood_cfm,stream_hood_cfm,stream_and_calc_hood_cfm_std,stream_and_calc_hood_cfm_mean,calc_total_lab_cfm,stream_total_lab_cfm,calc_excess_cfm,stream_excess_cfm
count,1289.0,1289,1289.0,1289.0,1289.0,1289.0,1289.0,1289.0,1289.0,1289.0,1289.0,1289.0,1289.0,1289.0
mean,2.0,0.7796741660201707,431.3790018101938,350.0,2.9817429531936837,404.3607447633888,404.4213380279452,834.5969533445473,309.4055131173473,619.509145686241,442.13918887234877,834.5969533445473,37.77844410896501,430.2362085811545
std,0.0,0.41462722083711046,50.47395368322444,0.0,5.611288388662216,44.86266529453553,85.75941656317252,83.55536242213209,36.014723492709635,80.28692290853414,70.86321360255039,83.55536242213209,69.58136645013364,90.00447409418032
min,2.0,False,336.4666666666667,350.0,0.0,320.0,350.0,795.2862933333332,201.79663310713184,574.847302896,350.0,795.2862933333332,0.0,367.0862933333332
25%,2.0,True,458.20000000000005,350.0,0.0,428.20000000000005,350.0,805.1743999999999,299.29752629751727,578.1169199999999,428.20000000000005,805.1743999999999,0.0,376.97439999999983
50%,2.0,1.0,458.20000000000005,350.0,0.0,428.20000000000005,359.73727223466665,805.1743999999999,320.3586304459977,583.8311962666667,428.20000000000005,805.1743999999999,0.0,378.38698666666653
75%,2.0,True,458.20000000000005,350.0,0.0,428.20000000000005,444.52512832,807.2932799999999,322.60604207077836,632.9242831199999,444.52512832,807.2932799999999,42.825889711999935,485.1743999999999
max,2.0,True,458.20000000000005,350.0,13.533333333333303,428.20000000000005,965.4450289120002,1226.83152,414.69698589503275,1093.1875824462222,965.4450289120002,1226.83152,537.2450289120002,902.5937599999997
