,per_hour_hood_data_count,occupancy,min_lab_cfm,min_hood_cfm,min_additional_hood_cfm,min_possible_lab_cfm,calc_hood_cfm,stream_hood_cfm,stream_and_calc_hood_cfm_std,stream_and_calc_hood_cfm_mean,calc_total_lab_cfm,stream_total_lab_cfm,calc_excess_cfm,stream_excess_cfm
count,4794.0,4794,4794.0,4794.0,4794.0,4794.0,1289.0,1293.0,1289.0,1293.0,4794.0,4794.0,4794.0,4794.0
mean,0.7221526908635795,0.75949103045473509,458.199999999977,350.0,0.0,428.1999999999674,424.65186701349813,834.5204077605991,302.1423500848635,629.8632743683117,438.9911955607536,537.7895467739924,10.791195560786315,109.58954677397611
std,0.8593938378068082,0.42743714833410046,0.00017029449560666005,0.0,0.0,0.00018878801953763077,117.93791510914814,83.4386775158394,44.0289216395606,95.84833284349988,52.906718027576886,185.47793346413135,52.90671802723004,185.47793346415867
min,0.0,False,458.20000000000005,350.0,0.0,428.20000000000005,350.0,795.2862933333332,136.37580971444407,576.1746133333334,428.20000000000005,428.20000000000005,0.0,0.0
25%,0.0,1.0,458.20000000000005,350.0,0.0,428.20000000000005,350.0,805.1743999999999,292.3491503217951,577.5871999999999,428.20000000000005,428.20000000000005,0.0,0.0
50%,0.0,1.0,458.20000000000005,350.0,0.0,428.20000000000005,385.827388688,805.1743999999999,320.3586304459977,597.1280352399999,428.20000000000005,428.20000000000005,0.0,0.0
75%,2.0,1.0,458.20000000000005,350.0,0.0,428.20000000000005,437.4976666666667,807.2932799999999,321.856904862518,625.779231465,428.20000000000005,803.0555199999999,0.0,374.85551999999984
max,2.0,True,458.20000000000005,350.0,0.0,428.20000000000005,1147.61358544,1226.83152,477.39055869829633,1183.3379393866667,1147.61358544,1226.83152,719.4135854399999,798.6315199999999
