,per_hour_hood_data_count,occupancy,min_lab_cfm,min_hood_cfm,min_additional_hood_cfm,min_possible_lab_cfm,calc_hood_cfm,stream_hood_cfm,stream_and_calc_hood_cfm_std,stream_and_calc_hood_cfm_mean,calc_total_lab_cfm,stream_total_lab_cfm,calc_excess_cfm,stream_excess_cfm
count,1289.0,1289,1289.0,1289.0,1289.0,1289.0,1289.0,1289.0,1289.0,1289.0,1289.0,1289.0,1289.0,1289.0
mean,2.0,0.76570985259891389,458.20000000000203,350.0,0.0,428.20000000000545,404.61957071998404,834.5969533445473,309.3513021692726,619.6082620322618,453.13394287210855,834.5969533445473,24.933942872108144,406.3969533445369
std,0.0,0.42371872581497627,4.1934736537463705e-05,0.0,0.0,4.3558613646661336e-05,86.00120362073919,83.55536242213209,36.331214593133026,80.35897292345373,62.00488198769902,83.55536242213209,62.00488198766972,83.55536242225006
min,2.0,False,458.20000000000005,350.0,0.0,428.20000000000005,350.0,795.2862933333332,207.26537788545906,572.6431466666666,428.20000000000005,795.2862933333332,0.0,367.0862933333332
25%,2.0,True,458.20000000000005,350.0,0.0,428.20000000000005,350.0,805.1743999999999,299.5908206667006,578.1169199999999,428.20000000000005,805.1743999999999,0.0,376.97439999999983
50%,2.0,1.0,458.20000000000005,350.0,0.0,428.20000000000005,359.49909333333335,805.1743999999999,320.3586304459977,583.4141199999999,428.20000000000005,805.1743999999999,0.0,376.97439999999983
75%,2.0,True,458.20000000000005,350.0,0.0,428.20000000000005,446.41331840000004,807.2932799999999,322.7501273754459,632.4985089124444,446.41331840000004,807.2932799999999,18.21331839999999,379.0932799999998
max,2.0,True,458.20000000000005,350.0,0.0,428.20000000000005,985.3769220213335,1226.83152,414.97088042952146,1102.2196076773334,985.3769220213335,1226.83152,557.1769220213334,798.6315199999999
