,per_hour_hood_data_count,occupancy,min_lab_cfm,min_hood_cfm,min_additional_hood_cfm,min_possible_lab_cfm,calc_hood_cfm,stream_hood_cfm,stream_and_calc_hood_cfm_std,stream_and_calc_hood_cfm_mean,calc_total_lab_cfm,stream_total_lab_cfm,calc_excess_cfm,stream_excess_cfm
count,1289.0,1289,1289.0,1289.0,1289.0,1289.0,1289.0,1289.0,1289.0,1289.0,1289.0,1289.0,1289.0,1289.0
mean,2.0,0.76415826221877425,458.20000000000203,350.0,0.0,428.20000000000545,359.1552031318487,834.5969533445473,336.18808563459265,596.8760782381914,430.13442568572293,834.5969533445473,1.9344256857180395,406.3969533445369
std,0.0,0.42468851548172448,4.1934736537463705e-05,0.0,0.0,4.3558613646661336e-05,28.456156558036316,83.55536242213209,43.11368175098636,54.463115415167564,11.940786239016258,83.55536242213209,11.940786239075493,83.55536242225006
min,2.0,False,458.20000000000005,350.0,0.0,428.20000000000005,350.0,795.2862933333332,296.0398586034418,572.6431466666666,428.20000000000005,795.2862933333332,0.0,367.0862933333332
25%,2.0,True,458.20000000000005,350.0,0.0,428.20000000000005,350.0,805.1743999999999,320.3586304459977,577.5871999999999,428.20000000000005,805.1743999999999,0.0,376.97439999999983
50%,2.0,1.0,458.20000000000005,350.0,0.0,428.20000000000005,350.0,805.1743999999999,321.856904862518,577.5871999999999,428.20000000000005,805.1743999999999,0.0,376.97439999999983
75%,2.0,True,458.20000000000005,350.0,0.0,428.20000000000005,350.0,807.2932799999999,323.35517927903834,580.7655199999999,428.20000000000005,807.2932799999999,0.0,379.0932799999998
max,2.0,True,458.20000000000005,350.0,0.0,428.20000000000005,627.2849263333334,1226.83152,526.9974450601256,923.1736098333332,627.2849263333334,1226.83152,199.08492633333333,798.6315199999999
