,per_hour_hood_data_count,occupancy,min_lab_cfm,min_hood_cfm,min_additional_hood_cfm,min_possible_lab_cfm,calc_hood_cfm,stream_hood_cfm,stream_and_calc_hood_cfm_std,stream_and_calc_hood_cfm_mean,calc_total_lab_cfm,stream_total_lab_cfm,calc_excess_cfm,stream_excess_cfm
count,4794.0,4794,4794.0,4794.0,4794.0,4794.0,1289.0,1293.0,1289.0,1293.0,4794.0,4794.0,4794.0,4794.0
mean,0.7221526908635795,0.75198164372131826,428.0078987623051,350.0,3.356515088304734,401.36441385062284,458.2759978868143,834.5204077605991,290.20226034519095,646.6362906909981,422.1162583633622,518.1763219095712,20.75184451274104,116.81190805891559
std,0.8593938378068082,0.43190758645207011,52.57755019108131,0.0,5.845149336651277,46.73240085437864,123.07523866959646,83.4386775158394,55.11784396069989,96.84639202855026,77.84033216526338,201.09600788034516,67.15377250077586,197.91367778583376
min,0.0,False,336.4666666666667,350.0,0.0,320.0,350.0,795.2862933333332,113.70358490435935,576.52776,320.0,320.0,0.0,0.0
25%,0.0,1.0,458.20000000000005,350.0,0.0,428.20000000000005,367.1458,805.1743999999999,263.3454655427405,588.1893404883333,428.20000000000005,428.20000000000005,0.0,0.0
50%,0.0,1.0,458.20000000000005,350.0,0.0,428.20000000000005,415.0029239066667,805.1743999999999,307.87415400168953,610.43575104,428.20000000000005,428.20000000000005,0.0,0.0
75%,2.0,1.0,458.20000000000005,350.0,0.0,428.20000000000005,528.2643144799999,807.2932799999999,321.856904862518,674.8271876296296,428.20000000000005,803.0555199999999,0.0,374.85551999999984
max,2.0,True,458.20000000000005,350.0,13.533333333333303,428.20000000000005,1144.3431903866667,1226.83152,466.5823986202543,1183.4684751933332,1144.3431903866667,1226.83152,716.1431903866667,901.1811733333334
