,per_hour_hood_data_count,occupancy,min_lab_cfm,min_hood_cfm,min_additional_hood_cfm,min_possible_lab_cfm,calc_hood_cfm,stream_hood_cfm,stream_and_calc_hood_cfm_std,stream_and_calc_hood_cfm_mean,calc_total_lab_cfm,stream_total_lab_cfm,calc_excess_cfm,stream_excess_cfm
count,4794.0,4794,4794.0,4794.0,4794.0,4794.0,1289.0,1293.0,1289.0,1293.0,4794.0,4794.0,4794.0,4794.0
mean,0.7221526908635795,0.75636211931581143,458.199999999977,350.0,0.0,428.1999999999674,404.61957071998404,834.5204077605991,309.3513021692726,619.8454499036463,434.9041828039188,537.7895467739924,6.704182803952315,109.58954677397611
std,0.8593938378068082,0.42932145438549246,0.00017029449560666005,0.0,0.0,0.00018878801953763077,86.00120362073919,83.4386775158394,36.331214593133026,80.55267793445917,33.99093391748589,185.47793346413135,33.99093391694187,185.47793346415867
min,0.0,False,458.20000000000005,350.0,0.0,428.20000000000005,350.0,795.2862933333332,207.26537788545906,572.6431466666666,428.20000000000005,428.20000000000005,0.0,0.0
25%,0.0,1.0,458.20000000000005,350.0,0.0,428.20000000000005,350.0,805.1743999999999,299.5908206667006,578.1169199999999,428.20000000000005,428.20000000000005,0.0,0.0
50%,0.0,1.0,458.20000000000005,350.0,0.0,428.20000000000005,359.49909333333335,805.1743999999999,320.3586304459977,583.5152761173333,428.20000000000005,428.20000000000005,0.0,0.0
75%,2.0,1.0,458.20000000000005,350.0,0.0,428.20000000000005,446.41331840000004,807.2932799999999,322.7501273754459,632.6372929066666,428.20000000000005,803.0555199999999,0.0,374.85551999999984
max,2.0,True,458.20000000000005,350.0,0.0,428.20000000000005,985.3769220213335,1226.83152,414.97088042952146,1102.2196076773334,985.3769220213335,1226.83152,557.1769220213334,798.6315199999999
