,percent_open,datastream_flow,occupancy,evacuation_cfm,datastream_and_calculated_cfm_std,datastream_and_calculated_cfm_mean
count,1278.0,1279.0,4792,1278.0,1278.0,1279.0
mean,21.89010832508466,233.82740923638448,0.56531719532554259,200.437618277816,25.925403511645946,217.13616172493627
std,11.56135726935967,74.16322583016168,0.49576703669986821,71.8295334648797,15.884558821056226,71.7254488517132
min,16.975,205.53135999999998,False,175.0,0.05373008343438142,190.26567999999997
25%,17.125,207.65024000000003,0.0,175.0,23.08720611136823,191.32512000000003
50%,17.233333111111108,209.76912,1.0,175.0,24.585480527888613,192.38456
75%,18.934998999999998,209.76912,1.0,175.0,24.585480527888613,192.38456
max,58.449996999999996,622.9507199999999,True,452.69302559288894,156.83730731668533,533.6739961546666
