,per_hour_hood_data_count,occupancy,min_lab_cfm,min_hood_cfm,min_additional_hood_cfm,min_possible_lab_cfm,calc_hood_cfm,stream_hood_cfm,stream_and_calc_hood_cfm_std,stream_and_calc_hood_cfm_mean,calc_total_lab_cfm,stream_total_lab_cfm,calc_excess_cfm,stream_excess_cfm,description
0,1.0,0.8078994614003591,625.040000000014,175.0,0.0,625.040000000014,519.4653828820949,1201.4879103690107,482.26275410800645,860.4766466255647,640.8995987571202,1201.4879103690107,15.85959875710481,576.4479103690304,current operation
1,1.0,0.8084979054458408,600.5890125673333,175.0,0.0,600.5890125673333,519.5639633043601,1201.4879103690107,482.19304722293043,860.5259368366982,625.3353160501583,1201.4879103690107,24.746303482821943,600.8988978017106,reduced unoccupied ach
2,1.0,0.7971274685816876,625.040000000014,175.0,0.0,625.040000000014,519.2804970913303,1201.4879103690107,482.39348810440123,860.3842037301849,641.1832233110482,1201.4879103690107,16.143223311032607,576.4479103690304,reduced unoccupied face velocity
3,1.0,0.8138839018551766,625.040000000014,175.0,0.0,625.040000000014,417.498398228985,1201.4879103690107,554.3643004133687,809.4931542990125,625.8338739433774,1201.4879103690107,0.7938739433632542,576.4479103690304,sash reduced 20%
4,1.0,0.7905445840813884,625.040000000014,175.0,0.0,625.040000000014,264.8887752885423,1201.4879103690107,662.2755996688813,733.1883428287882,625.040000000014,1201.4879103690107,0.0,576.4479103690304,sash reduced 50%
5,1.0,0.8061041292639138,600.2833752244248,175.0,0.0,600.2833752244248,417.74955198087673,1201.4879103690107,554.1867078922849,809.6187311749576,603.7444823175928,1201.4879103690107,3.461107093167363,601.204535144619,"reduced ach, sash reduced 20%"
6,1.0,0.812687013764213,601.1238779174236,175.0,0.0,601.1238779174236,264.51304195832205,1201.4879103690107,662.5412832545962,733.0004761636786,601.1238779174236,1201.4879103690107,0.0,600.3640324516205,"reduced ach, sash reduced 50%"
7,1.0,0.7965290245362059,599.0608258527905,175.0,0.0,599.0608258527905,264.67612154754266,1201.4879103690107,662.4259685711862,733.0820159582905,599.0608258527905,1201.4879103690107,0.0,602.4270845162529,"all reduced (ach, face vel, sash 50%)"
