,per_hour_hood_data_count,occupancy,min_lab_cfm,min_hood_cfm,min_additional_hood_cfm,min_possible_lab_cfm,calc_hood_cfm,stream_hood_cfm,stream_and_calc_hood_cfm_std,stream_and_calc_hood_cfm_mean,calc_total_lab_cfm,stream_total_lab_cfm,calc_excess_cfm,stream_excess_cfm,description
0,1.0,0.6906474820143885,586.1199999999968,175.0,0.0,536.1199999999957,672.8045652638326,486.0177579929916,135.89664162694288,579.4111616284116,674.8157506867143,545.214877676932,138.6957506867106,9.094877676935395,current operation
1,1.0,0.6828998339789707,542.3474930824493,175.0,0.0,492.34749308244983,672.9749848449709,486.0177579929916,135.74208580381247,579.4963714189806,673.9426526302551,521.976109137304,181.59515954779576,29.62861605484856,reduced unoccupied ach
2,1.0,0.7011621472053127,586.1199999999968,175.0,0.0,536.1199999999957,673.6351525797945,486.0177579929916,136.44630512110479,579.8264552863922,675.5119056225241,545.214877676932,139.39190562252122,9.094877676935395,reduced unoccupied face velocity
3,1.0,0.6696181516325401,586.1199999999968,175.0,0.0,536.1199999999957,538.4041394744528,486.0177579929916,60.81774406427871,512.2109487337214,563.6816320170867,545.214877676932,27.56163201708772,9.094877676935395,sash reduced 20%
4,1.0,0.6779192030990592,586.1199999999968,175.0,0.0,536.1199999999957,336.2355788176426,486.0177579929916,105.91199459578716,411.12666840531557,536.1199999999957,545.214877676932,0.0,9.094877676935395,sash reduced 50%
5,1.0,0.6817930271167681,542.1947094631909,175.0,0.0,492.19470946319177,538.8351975178588,486.0177579929916,61.17852061806087,512.4264777554241,555.5143333644589,521.9248415249322,63.31962390126153,29.730132061735368,"reduced ach, sash reduced 20%"
6,1.0,0.685666851134477,542.7294521305952,175.0,0.0,492.72945213059586,336.4865990215523,486.0177579929916,105.73449650738777,411.2521785072707,492.72945213059586,522.2400793137781,0.0,29.51062718317666,"reduced ach, sash reduced 50%"
7,1.0,0.6817930271167681,542.1947094631907,175.0,0.0,492.1947094631913,336.58069017689536,486.0177579929916,105.66796401339481,411.2992240849433,492.1947094631913,521.7659882789137,0.0,29.571278815716784,"all reduced (ach, face vel, sash 50%)"
