,per_hour_hood_data_count,occupancy,min_lab_cfm,min_hood_cfm,min_additional_hood_cfm,min_possible_lab_cfm,calc_hood_cfm,stream_hood_cfm,stream_and_calc_hood_cfm_std,stream_and_calc_hood_cfm_mean,calc_total_lab_cfm,stream_total_lab_cfm,calc_excess_cfm,stream_excess_cfm
count,4796.0,4796,4796.0,4796.0,4796.0,4796.0,1315.0,1322.0,1315.0,1322.0,4796.0,4796.0,4796.0,4796.0
mean,0.27418682235195996,0.70266889074228522,263.93999999996817,175.0,0.0,233.93999999997126,203.12797185640483,228.88944977222673,27.55931391930495,216.05594477687433,239.18651880485913,238.75877048996176,5.246518804889095,4.8187704899916595
std,0.4461501004351385,0.45713115428807793,0.00011143676354398735,0.0,0.0,9.40114057323871e-05,78.34408253618341,67.81500537466003,19.891919767848332,70.32281413313719,33.399251141752615,33.014059929942,33.399251141600764,33.01405992978971
min,0.0,False,263.94000000000005,175.0,0.0,233.94000000000005,175.0,205.53135999999998,0.2616509956024798,190.26567999999997,233.94000000000005,233.94000000000005,0.0,0.0
25%,0.0,0.0,263.94000000000005,175.0,0.0,233.94000000000005,175.0,207.65024,23.087206111367912,191.32512,233.94000000000005,233.94000000000005,0.0,0.0
50%,0.0,1.0,263.94000000000005,175.0,0.0,233.94000000000005,175.0,207.65024000000003,23.08720611136823,191.32512000000003,233.94000000000005,233.94000000000005,0.0,0.0
75%,1.0,1.0,263.94000000000005,175.0,0.0,233.94000000000005,175.0,209.76912,24.585480527888613,192.38456,233.94000000000005,233.94000000000005,0.0,0.0
max,1.0,True,263.94000000000005,175.0,0.0,233.94000000000005,640.3220528237036,629.30736,220.26917965059434,585.8450353007407,640.3220528237036,629.30736,406.3820528237036,395.36735999999996
