,per_hour_hood_data_count,occupancy,min_lab_cfm,min_hood_cfm,min_additional_hood_cfm,min_possible_lab_cfm,calc_hood_cfm,stream_hood_cfm,stream_and_calc_hood_cfm_std,stream_and_calc_hood_cfm_mean,calc_total_lab_cfm,stream_total_lab_cfm,calc_excess_cfm,stream_excess_cfm
count,4796.0,4796,4796.0,4796.0,4796.0,4796.0,1315.0,1322.0,1315.0,1322.0,4796.0,4796.0,4796.0,4796.0
mean,0.27418682235195996,0.71246872393661387,246.59803030301475,175.0,0.0,216.5980303030166,211.80463715107118,228.88944977222673,28.980155950290598,220.37130592002393,224.59803008405848,224.3005092491277,7.99999978104313,7.702478946112445
std,0.4461501004351385,0.4526585516724595,27.30134611330039,0.0,0.0,27.301346113277393,91.4445595897432,67.81500537466003,20.993943278542105,76.78762921044783,50.54812898763141,42.76993826786881,42.43125527566591,35.28877854531982
min,0.0,False,203.62666666666667,175.0,0.0,173.62666666666667,175.0,205.53135999999998,0.03948484254724572,190.26567999999997,173.62666666666667,173.62666666666667,0.0,0.0
25%,0.0,0.0,203.62666666666667,175.0,0.0,173.62666666666667,175.0,207.65024,23.087206111367912,191.32512,175.0,207.65024000000003,0.0,0.0
50%,0.0,1.0,263.94000000000005,175.0,0.0,233.94000000000005,175.0,207.65024000000003,23.08720611136823,191.32512000000003,233.94000000000005,233.94000000000005,0.0,0.0
75%,1.0,1.0,263.94000000000005,175.0,0.0,233.94000000000005,175.0,209.76912,24.585480527888613,192.38456000000002,233.94000000000005,233.94000000000005,0.0,0.0
max,1.0,True,263.94000000000005,175.0,0.0,233.94000000000005,627.6424082133333,629.30736,118.27407433381177,588.9003904799999,627.6424082133333,629.30736,393.70240821333323,416.5991288888889
