,per_hour_hood_data_count,occupancy,min_lab_cfm,min_hood_cfm,min_additional_hood_cfm,min_possible_lab_cfm,calc_hood_cfm,stream_hood_cfm,stream_and_calc_hood_cfm_std,stream_and_calc_hood_cfm_mean,calc_total_lab_cfm,stream_total_lab_cfm,calc_excess_cfm,stream_excess_cfm
count,1315.0,1315,1315.0,1315.0,1315.0,1315.0,1315.0,1315.0,1315.0,1315.0,1315.0,1315.0,1315.0,1315.0
mean,1.0,0.68517110266159698,263.94000000000204,175.0,0.0,233.94000000000202,203.12797185640483,228.93161231854262,27.55931391930495,216.02979208747382,253.07483208231986,251.46869882129477,19.13483208231795,17.528698821292775
std,0.0,0.4646243933178526,4.206052341947034e-05,0.0,0.0,2.2839747039708945e-05,78.34408253618341,67.95755607075107,19.891919767848332,70.47485264757881,61.682451241002056,61.25190700535063,61.682451240993736,61.251907005342815
min,1.0,False,263.94000000000005,175.0,0.0,233.94000000000005,175.0,205.53135999999998,0.2616509956024798,190.26567999999997,233.94000000000005,233.94000000000005,0.0,0.0
25%,1.0,0.0,263.94000000000005,175.0,0.0,233.94000000000005,175.0,207.65024,23.087206111367912,191.32512,233.94000000000005,233.94000000000005,0.0,0.0
50%,1.0,1.0,263.94000000000005,175.0,0.0,233.94000000000005,175.0,207.65024000000003,23.08720611136823,191.32512000000003,233.94000000000005,233.94000000000005,0.0,0.0
75%,1.0,1.0,263.94000000000005,175.0,0.0,233.94000000000005,175.0,209.76912,24.585480527888613,192.38456,233.94000000000005,233.94000000000005,0.0,0.0
max,1.0,True,263.94000000000005,175.0,0.0,233.94000000000005,640.3220528237036,629.30736,220.26917965059434,585.8450353007407,640.3220528237036,629.30736,406.3820528237036,395.36735999999996
