,per_hour_hood_data_count,occupancy,min_lab_cfm,min_hood_cfm,min_additional_hood_cfm,min_possible_lab_cfm,calc_hood_cfm,stream_hood_cfm,stream_and_calc_hood_cfm_std,stream_and_calc_hood_cfm_mean,calc_total_lab_cfm,stream_total_lab_cfm,calc_excess_cfm,stream_excess_cfm
count,1315.0,1315,1315.0,1315.0,1315.0,1315.0,1315.0,1315.0,1315.0,1315.0,1315.0,1315.0,1315.0,1315.0
mean,1.0,0.71254752851711023,263.94000000000204,175.0,0.0,233.94000000000202,197.73114557914118,228.93161231854262,27.06060318717986,213.33137894884223,248.443321330699,251.46869882129477,14.50332133069732,17.528698821292775
std,0.0,0.45274653616761273,4.206052341947034e-05,0.0,0.0,2.2839747039708945e-05,61.407717126341,67.95755607075107,16.75195790699601,62.70079946765741,43.56939179402727,61.25190700535063,43.569391794014734,61.251907005342815
min,1.0,False,263.94000000000005,175.0,0.0,233.94000000000005,175.0,205.53135999999998,1.812593532930152,190.26567999999997,233.94000000000005,233.94000000000005,0.0,0.0
25%,1.0,0.0,263.94000000000005,175.0,0.0,233.94000000000005,175.0,207.65024,23.08720611136823,191.32512,233.94000000000005,233.94000000000005,0.0,0.0
50%,1.0,1.0,263.94000000000005,175.0,0.0,233.94000000000005,175.0,207.65024000000003,23.08720611136823,191.32512000000003,233.94000000000005,233.94000000000005,0.0,0.0
75%,1.0,1.0,263.94000000000005,175.0,0.0,233.94000000000005,175.0,209.76912,24.585480527888613,192.38456,233.94000000000005,233.94000000000005,0.0,0.0
max,1.0,True,263.94000000000005,175.0,0.0,233.94000000000005,515.8272150826668,629.30736,153.19659363407382,539.7901105493333,515.8272150826668,629.30736,281.8872150826668,395.36735999999996
