,per_hour_hood_data_count,occupancy,min_lab_cfm,min_hood_cfm,min_additional_hood_cfm,min_possible_lab_cfm,calc_hood_cfm,stream_hood_cfm,stream_and_calc_hood_cfm_std,stream_and_calc_hood_cfm_mean,calc_total_lab_cfm,stream_total_lab_cfm,calc_excess_cfm,stream_excess_cfm
count,4796.0,4796,4796.0,4796.0,4796.0,4796.0,1315.0,1322.0,1315.0,1322.0,4796.0,4796.0,4796.0,4796.0
mean,0.27418682235195996,0.70120934111759803,245.91893939392406,175.0,0.0,215.9189393939258,197.82161540362068,228.88944977222673,27.14446656584567,213.41681514926069,220.47602367782045,223.78926944280764,4.557084283895421,7.870330048883272
std,0.4461501004351385,0.45777559511068316,27.609972059868625,0.0,0.0,27.609972059847127,61.4852946156521,67.81500537466003,17.240125141903782,62.517742719974166,37.99334924779306,42.95326419265365,26.076437546857324,35.275345024878895
min,0.0,False,203.62666666666667,175.0,0.0,173.62666666666667,175.0,205.53135999999998,1.1839859960940533,190.26567999999997,173.62666666666667,173.62666666666667,0.0,0.0
25%,0.0,0.0,203.62666666666667,175.0,0.0,173.62666666666667,175.0,207.65024,23.08720611136823,191.32512,175.0,207.65024,0.0,0.0
50%,0.0,1.0,263.94000000000005,175.0,0.0,233.94000000000005,175.0,207.65024000000003,23.08720611136823,191.32512000000003,233.94000000000005,233.94000000000005,0.0,0.0
75%,1.0,1.0,263.94000000000005,175.0,0.0,233.94000000000005,175.0,209.76912,24.585480527888613,192.38456,233.94000000000005,233.94000000000005,0.0,0.0
max,1.0,True,263.94000000000005,175.0,0.0,233.94000000000005,512.2576422589631,629.30736,154.1495749818166,536.9869028213333,512.2576422589631,629.30736,278.317642258963,395.36735999999996
