,per_hour_hood_data_count,occupancy,min_lab_cfm,min_hood_cfm,min_additional_hood_cfm,min_possible_lab_cfm,calc_hood_cfm,stream_hood_cfm,stream_and_calc_hood_cfm_std,stream_and_calc_hood_cfm_mean,calc_total_lab_cfm,stream_total_lab_cfm,calc_excess_cfm,stream_excess_cfm
count,1315.0,1315,1315.0,1315.0,1315.0,1315.0,1315.0,1315.0,1315.0,1315.0,1315.0,1315.0,1315.0,1315.0
mean,1.0,0.69581749049429653,245.59373891001405,175.0,0.0,215.59373891001493,197.82161540362068,228.93161231854262,27.14446656584567,213.376613861082,232.2141010587306,244.25192795521775,16.620362148716683,28.65818904520469
std,0.0,0.46023536116806218,27.758328749910504,0.0,0.0,27.75832874991714,61.4852946156521,67.95755607075107,17.240125141903782,62.6432374029611,55.37549795556255,64.34079579296572,47.75679326522799,62.78701647907199
min,1.0,False,203.62666666666667,175.0,0.0,173.62666666666667,175.0,205.53135999999998,1.1839859960940533,190.26567999999997,175.0,205.53135999999998,0.0,0.0
25%,1.0,0.0,203.62666666666667,175.0,0.0,173.62666666666667,175.0,207.65024,23.08720611136823,191.32512,175.0,209.76912,0.0,0.0
50%,1.0,1.0,263.94000000000005,175.0,0.0,233.94000000000005,175.0,207.65024000000003,23.08720611136823,191.32512000000003,233.94000000000005,233.94000000000005,0.0,0.0
75%,1.0,1.0,263.94000000000005,175.0,0.0,233.94000000000005,175.0,209.76912,24.585480527888613,192.38456,233.94000000000005,233.94000000000005,1.3733333333333348,34.02357333333333
max,1.0,True,263.94000000000005,175.0,0.0,233.94000000000005,512.2576422589631,629.30736,154.1495749818166,536.9869028213333,512.2576422589631,629.30736,278.317642258963,395.36735999999996
