,per_hour_hood_data_count,occupancy,min_lab_cfm,min_hood_cfm,min_additional_hood_cfm,min_possible_lab_cfm,calc_hood_cfm,stream_hood_cfm,stream_and_calc_hood_cfm_std,stream_and_calc_hood_cfm_mean,calc_total_lab_cfm,stream_total_lab_cfm,calc_excess_cfm,stream_excess_cfm
count,4796.0,4796,4796.0,4796.0,4796.0,4796.0,1315.0,1322.0,1315.0,1322.0,4796.0,4796.0,4796.0,4796.0
mean,0.27418682235195996,0.69620517097581314,245.6171212121062,175.0,0.0,215.6171212121076,180.78211500910444,228.88944977222673,34.04683605823035,204.94217709374288,216.29125513985494,223.50351812040955,0.6741339277477046,7.886396908303162
std,0.4461501004351385,0.45994308350601126,27.740700509949026,0.0,0.0,27.740700509929194,19.57315883489811,67.81500537466003,36.646329302258614,42.727638229063565,27.81829830684334,43.10115888254744,5.319224006521144,35.52630929850483
min,0.0,False,203.62666666666667,175.0,0.0,173.62666666666667,175.0,205.53135999999998,21.58893169484791,190.26567999999997,173.62666666666667,173.62666666666667,0.0,0.0
25%,0.0,0.0,203.62666666666667,175.0,0.0,173.62666666666667,175.0,207.65024,23.08720611136823,191.32512,175.0,207.65024,0.0,0.0
50%,0.0,1.0,263.94000000000005,175.0,0.0,233.94000000000005,175.0,207.65024000000003,23.08720611136823,191.32512000000003,233.94000000000005,233.94000000000005,0.0,0.0
75%,1.0,1.0,263.94000000000005,175.0,0.0,233.94000000000005,175.0,209.76912,24.585480527888613,192.38456,233.94000000000005,233.94000000000005,0.0,0.0
max,1.0,True,263.94000000000005,175.0,0.0,233.94000000000005,326.500848717037,629.30736,263.213797503612,455.3639490933333,326.500848717037,629.30736,96.97000466666663,452.85551999999996
