,per_hour_hood_data_count,occupancy,min_lab_cfm,min_hood_cfm,min_additional_hood_cfm,min_possible_lab_cfm,calc_hood_cfm,stream_hood_cfm,stream_and_calc_hood_cfm_std,stream_and_calc_hood_cfm_mean,calc_total_lab_cfm,stream_total_lab_cfm,calc_excess_cfm,stream_excess_cfm
count,4796.0,4796,4796.0,4796.0,4796.0,4796.0,1315.0,1322.0,1315.0,1322.0,4796.0,4796.0,4796.0,4796.0
mean,0.27418682235195996,0.70287739783152625,263.93999999996817,175.0,0.0,233.93999999997126,197.73114557914118,228.88944977222673,27.06060318717986,213.3718197562234,237.91661958918357,238.75877048996176,3.9766195892132976,4.8187704899916595
std,0.4461501004351385,0.45703863656115767,0.00011143676354398735,0.0,0.0,9.40114057323871e-05,61.407717126341,67.81500537466003,16.75195790699601,62.57514374657251,23.70798811937574,33.014059929942,23.707988119173137,33.01405992978971
min,0.0,False,263.94000000000005,175.0,0.0,233.94000000000005,175.0,205.53135999999998,1.812593532930152,190.26567999999997,233.94000000000005,233.94000000000005,0.0,0.0
25%,0.0,0.0,263.94000000000005,175.0,0.0,233.94000000000005,175.0,207.65024,23.08720611136823,191.32512,233.94000000000005,233.94000000000005,0.0,0.0
50%,0.0,1.0,263.94000000000005,175.0,0.0,233.94000000000005,175.0,207.65024000000003,23.08720611136823,191.32512000000003,233.94000000000005,233.94000000000005,0.0,0.0
75%,1.0,1.0,263.94000000000005,175.0,0.0,233.94000000000005,175.0,209.76912,24.585480527888613,192.38456,233.94000000000005,233.94000000000005,0.0,0.0
max,1.0,True,263.94000000000005,175.0,0.0,233.94000000000005,515.8272150826668,629.30736,153.19659363407382,539.7901105493333,515.8272150826668,629.30736,281.8872150826668,395.36735999999996
