,percent_open,datastream_flow,occupancy,evacuation_cfm,datastream_and_calculated_cfm_std,datastream_and_calculated_cfm_mean
count,1315.0,1322.0,4796,1315.0,1315.0,1322.0
mean,21.458007905919885,228.88944977222673,0.56067556296914101,197.74275008260773,27.071763238789394,213.3775912849899
std,10.31882822923792,67.81500537466003,0.49635657134546624,61.54512537589706,16.91107253912838,62.61713773829102
min,16.859999,205.53135999999998,False,175.0,0.17802537170812519,190.26567999999997
25%,17.0699995,207.65024,0.0,175.0,23.08720611136823,191.32512
50%,17.176249,207.65024000000003,1.0,175.0,23.08720611136823,191.32512000000003
75%,17.614998999999997,209.76912,1.0,175.0,24.585480527888613,192.38456
max,68.400002,629.30736,True,502.11392657066665,149.27858597189626,539.7901105493333
