,per_hour_hood_data_count,occupancy,min_lab_cfm,min_hood_cfm,min_additional_hood_cfm,min_possible_lab_cfm,calc_hood_cfm,stream_hood_cfm,stream_and_calc_hood_cfm_std,stream_and_calc_hood_cfm_mean,calc_total_lab_cfm,stream_total_lab_cfm,calc_excess_cfm,stream_excess_cfm
count,1129.0,1129,1129.0,1129.0,1129.0,1129.0,1129.0,1129.0,1129.0,1129.0,1129.0,1129.0,1129.0,1129.0
mean,2.0,0.5704162976085031,592.5,350.0,0.0,-7.5,385.57051786753556,458.4580889203829,54.3474142158286,422.0143033939618,385.57051786753556,458.4580889203829,393.0705178675355,465.9580889203829
std,0.0,0.49523608556260551,0.0,0.0,0.0,0.0,96.61703324942442,136.76611771316465,37.16329513337592,115.11764597521864,96.61703324942442,136.76611771316465,96.61703324942538,136.76611771316888
min,2.0,False,592.5,350.0,0.0,-7.5,350.0,411.06271999999996,2.166903361868578,380.53135999999995,350.0,411.06271999999996,357.5,418.56271999999996
25%,2.0,False,592.5,350.0,0.0,-7.5,350.0,413.1816,44.67613780621582,381.59079999999994,350.0,413.1816,357.5,420.6816
50%,2.0,1.0,592.5,350.0,0.0,-7.5,350.0,415.30048,44.67613780621614,382.65023999999994,350.0,415.30048,357.5,422.80048
75%,2.0,True,592.5,350.0,0.0,-7.5,350.0,417.41936,47.67268663925684,383.70968000000005,350.0,417.41936,357.5,424.91936
max,2.0,True,592.5,350.0,0.0,-7.5,988.825890552889,1250.1391999999998,327.7943115603032,1043.2658071360001,988.825890552889,1250.1391999999998,996.325890552889,1257.6391999999998
