,per_hour_hood_data_count,occupancy,min_lab_cfm,min_hood_cfm,min_additional_hood_cfm,min_possible_lab_cfm,calc_hood_cfm,stream_hood_cfm,stream_and_calc_hood_cfm_std,stream_and_calc_hood_cfm_mean,calc_total_lab_cfm,stream_total_lab_cfm,calc_excess_cfm,stream_excess_cfm
count,4792.0,4792,4792.0,4792.0,4792.0,4792.0,1129.0,1135.0,1129.0,1135.0,4792.0,4792.0,4792.0,4792.0
mean,0.5690734557595993,0.56135225375626041,537.8883555926544,350.0,0.0,-62.11164440734557,358.62531927216,458.35502223005483,70.59242840289204,408.6162123741802,37.112267416166276,61.269918662586015,99.22391182351183,123.38156306993183
std,0.8465107192819418,0.49627340899109906,61.78603941939168,0.0,0.0,61.786039419391834,30.310055713904525,136.45977372358757,77.56631432702876,82.35219988408743,187.08331769819014,237.20561940901558,181.3936638651356,231.27324010196807
min,0.0,False,468.0,350.0,0.0,-132.0,350.0,411.06271999999996,43.17786338969582,380.53135999999995,-132.0,-132.0,0.0,0.0
25%,0.0,0.0,468.0,350.0,0.0,-132.0,350.0,413.1816,44.67613780621614,381.59079999999994,-132.0,-132.0,0.0,0.0
50%,0.0,1.0,592.5,350.0,0.0,-7.5,350.0,415.30048,46.17441222273614,382.65023999999994,-7.5,-7.5,0.0,0.0
75%,1.0,1.0,592.5,350.0,0.0,-7.5,350.0,417.41936,47.67268663925684,383.70968,-7.5,-7.5,0.0,0.0
max,2.0,True,592.5,350.0,0.0,-7.5,591.0720934844444,1250.1391999999998,533.435050187263,897.2172239766666,591.0720934844444,1250.1391999999998,694.7239011800001,1257.6391999999998
