,per_hour_hood_data_count,occupancy,min_lab_cfm,min_hood_cfm,min_additional_hood_cfm,min_possible_lab_cfm,calc_hood_cfm,stream_hood_cfm,stream_and_calc_hood_cfm_std,stream_and_calc_hood_cfm_mean,calc_total_lab_cfm,stream_total_lab_cfm,calc_excess_cfm,stream_excess_cfm,description
0,1.0,0.6104328523862376,617.6999999999792,175.0,0.0,617.6999999999792,186.7737017533275,600.1118934800745,292.28438507828565,393.44279761670094,617.6999999999792,617.6999999999792,0.0,0.0,current operation
1,1.0,0.6009988901220865,547.3827044025076,175.0,0.0,547.3827044025076,186.86112398079035,600.1118934800745,292.21282255442145,393.48650873043226,547.3893527111128,610.6875858959015,0.006648308605253462,63.30488149340253,reduced unoccupied ach
2,1.0,0.6059933407325194,617.6999999999792,175.0,0.0,617.6999999999792,186.6964005918573,600.1118934800745,292.3487909277534,393.40414703596576,617.7052214310854,617.6999999999792,0.0052214311061783295,0.0,reduced unoccupied face velocity
3,1.0,0.5910099889012209,617.6999999999792,175.0,0.0,617.6999999999792,181.58715229110572,600.1118934800745,295.94168258906615,390.8495228855898,617.6999999999792,617.6999999999792,0.0,0.0,sash reduced 20%
4,1.0,0.5960044395116537,617.6999999999792,175.0,0.0,617.6999999999792,175.8648270190923,600.1118934800745,299.9879775930628,387.98836024958314,617.6999999999792,617.6999999999792,0.0,0.0,sash reduced 50%
5,1.0,0.5910099889012209,545.6223270440174,175.0,0.0,545.6223270440174,181.51209420394986,600.1118934800745,295.994756671477,390.8119938420121,545.6223270440174,610.5095194105153,0.0,64.88719236650648,"reduced ach, sash reduced 20%"
6,1.0,0.6159822419533851,550.0232704402428,175.0,0.0,550.0232704402428,175.8987724678342,600.1118934800745,299.963974536067,388.005332973954,550.0232704402428,610.9455319657002,0.0,60.92226152546568,"reduced ach, sash reduced 50%"
7,1.0,0.5910099889012209,545.6223270440173,175.0,0.0,545.6223270440173,175.86991961715626,600.1118934800745,299.9843765824379,387.99090654861504,545.6223270440173,610.5176033727793,0.0,64.89527632877065,"all reduced (ach, face vel, sash 50%)"
