,per_hour_hood_data_count,occupancy,min_lab_cfm,min_hood_cfm,min_additional_hood_cfm,min_possible_lab_cfm,calc_hood_cfm,stream_hood_cfm,stream_and_calc_hood_cfm_std,stream_and_calc_hood_cfm_mean,calc_total_lab_cfm,stream_total_lab_cfm,calc_excess_cfm,stream_excess_cfm
count,166.0,166.0,166.0,166.0,166.0,166.0,166.0,166.0,166.0,166.0,166.0,166.0,166.0,166.0
mean,15.0,5.620481927710843,8159.497991967877,3150.0,0.0,7559.497991967871,3849.1607154472294,3717.6999441365515,170.26965817465666,3783.430329791886,7572.437864890159,7573.808399277108,12.939872922289164,14.310407309236936
std,0.0,6.3308242373259604,1604.7926690916713,0.0,0.0,1604.7926690917109,1107.2778903776439,926.7635716154207,223.22835148525579,1010.3235302401605,1570.9692274186066,1567.6231918804212,71.67008886916862,80.9675924307246
min,15.0,0.0,3836.6666666666665,3150.0,0.0,3236.6666666666665,3150.0,3110.5158399999996,13.685910328541569,3130.2579199999996,3236.6666666666665,3236.6666666666665,0.0,0.0
25%,15.0,1.0,8751.666666666668,3150.0,0.0,8151.666666666668,3152.0322916666664,3127.4668799999995,19.897833674249746,3140.123954999999,8151.666666666668,8151.666666666668,0.0,0.0
50%,15.0,2.0,8751.666666666668,3150.0,0.0,8151.666666666668,3311.2193401,3318.7546577777775,58.6053971577216,3310.4905644444443,8151.666666666668,8151.666666666668,0.0,0.0
75%,15.0,15.0,8751.666666666668,3150.0,0.0,8151.666666666668,3925.495336108333,3802.7127355555554,247.923051240071,3775.636632783333,8151.666666666668,8151.666666666668,0.0,0.0
max,15.0,15.0,8751.666666666668,3150.0,0.0,8151.666666666668,7395.313795472222,6884.594266666666,1255.6807234856522,7139.954031069446,8151.666666666668,8151.666666666668,527.9909667333336,568.841813333333
