count,334.0
mean,9.919161676646707
std,6.230029322657281
min,0.0
25%,4.0
50%,14.0
75%,15.0
max,15.0
