,percent_open,datastream_flow,occupancy,evacuation_cfm,datastream_and_calculated_cfm_std,datastream_and_calculated_cfm_mean
count,205.0,210.0,334,205.0,205.0,210.0
mean,42.600715134123355,290.5410541880294,0.25449101796407186,300.935456407656,31.41207105698231,295.0161783406094
std,10.76444278974088,79.22375273065416,0.43622824931985588,87.97195294657433,35.88708410393472,76.76628707486836
min,22.914998999999998,201.2936,False,210.0,1.940762380595707,201.2936
25%,35.009997999999996,201.2936,0.0,247.59058518535718,6.15635447972319,223.71995977066962
50%,46.41999800000001,294.52432,0.0,278.28898811999994,16.464339177264712,287.12003412
75%,46.849998,298.76207999999997,1.0,336.90238848,38.007088660502745,358.72866179000005
max,59.419998,703.46816,True,594.30536958,124.5741551398883,648.88676479
