,percent_open,datastream_flow,occupancy,evacuation_cfm,datastream_and_calculated_cfm_std,datastream_and_calculated_cfm_mean
count,215.0,217.0,334,215.0,215.0,217.0
mean,31.963547515709855,228.13463403259678,0.26946107784431139,371.6937512542834,101.64521319678678,299.1582317620841
std,7.089907841762597,36.48468072732877,0.44434553214133915,121.47493654104393,74.56597585215665,72.59622537421507
min,19.4,207.65023999999997,False,210.0,0.163256813643026,207.65024
25%,22.700708333333335,207.65024000000003,0.0,322.49399386666664,77.4253800833138,266.11056
50%,33.58499899999999,209.76911999999996,0.0,336.68999599999984,88.27609451751587,274.2398859666667
75%,33.77499799999999,251.88185999999996,1.0,409.44375750000006,103.34914321903604,340.533325
max,40.985001000000004,444.96479999999997,True,650.0,270.8368312896664,532.73453105625
