,percent_open,datastream_flow,occupancy,evacuation_cfm,datastream_and_calculated_cfm_std,datastream_and_calculated_cfm_mean
count,214.0,214.0,334,214.0,214.0,214.0
mean,31.998421790239558,219.90355778959136,0.21556886227544911,234.75872174904885,17.331453117416935,227.3311397693203
std,5.207902422004861,29.471776179002784,0.41183337951286075,48.78441486240006,28.164832372142005,33.647536390244014
min,17.617499999999996,205.53135999999998,False,210.0,0.04472176035277031,207.76567999999997
25%,28.84,207.65023999999997,0.0,210.0,1.6615312301629959,208.82512
50%,32.314999,209.76912,0.0,210.0,3.1598056466815234,215.18175999999994
75%,35.355000000000004,220.36351999999997,0.0,221.01678901050002,11.527528759619235,234.1291595375
max,55.71500000000001,444.43507999999997,True,526.9246125000001,100.45848372547242,466.87478625000006
