,percent_open,datastream_flow,occupancy,evacuation_cfm,datastream_and_calculated_cfm_std,datastream_and_calculated_cfm_mean
count,215.0,217.0,334,215.0,215.0,217.0
mean,31.963547515709855,228.13463403259678,0.23053892215568864,238.32610521556282,19.284547820388383,233.08900618990674
std,7.089907841762597,36.48468072732877,0.42180971114289245,52.484541279635344,31.761031497782653,37.07162014351903
min,19.4,207.65023999999997,False,210.0,0.16325681359845842,207.65024
25%,22.700708333333335,207.65024000000003,0.0,210.0,0.16325681368759354,209.88455999999996
50%,33.58499899999999,209.76911999999996,0.0,210.0,1.6615312301629959,209.88456
75%,33.77499799999999,251.88185999999996,0.0,242.91672496457147,21.24524955734632,257.32553697
max,40.985001000000004,444.96479999999997,True,414.6879766900001,136.0390052101937,367.9525813729167
