,per_hour_hood_data_count,occupancy,min_lab_cfm,min_hood_cfm,min_additional_hood_cfm,min_possible_lab_cfm,calc_hood_cfm,stream_hood_cfm,stream_and_calc_hood_cfm_std,stream_and_calc_hood_cfm_mean,calc_total_lab_cfm,stream_total_lab_cfm,calc_excess_cfm,stream_excess_cfm
count,1768.0,1768,1768.0,1768.0,1768.0,1768.0,1768.0,1768.0,1768.0,1768.0,1768.0,1768.0,1768.0,1768.0
mean,1.0,0.60407239819004521,265.10999999999007,175.0,0.0,235.1099999999906,440.21693761427804,335.7217932585453,82.75373952674742,387.9693654364122,440.30149471774934,339.254947446578,205.191494717749,104.1449474465814
std,0.0,0.48918737620632968,4.962302182078038e-05,0.0,0.0,6.077554147795368e-05,95.29770511949242,106.5921269867894,29.71154724454153,95.31896048793648,95.11099061792257,102.71420292304994,95.11099061792487,102.71420292303885
min,1.0,False,265.11,175.0,0.0,235.11,221.2676666666667,197.05584,0.009286841123900578,215.51839333333336,235.11,235.11,0.0,0.0
25%,1.0,0.0,265.11,175.0,0.0,235.11,374.6565533666666,239.43344,77.90523510592732,306.6173112861111,374.6565533666666,239.43344,139.54655336666661,4.323439999999977
50%,1.0,1.0,265.11,175.0,0.0,235.11,436.3333196133333,309.09162,90.64858450248185,377.7388505733333,436.3333196133333,309.09162,201.2233196133333,73.98161999999996
75%,1.0,1.0,265.11,175.0,0.0,235.11,537.04557732,421.65711999999996,102.06684071189308,481.67358656,537.04557732,421.65711999999996,301.93557732,186.54711999999995
max,1.0,True,265.11,175.0,0.0,235.11,637.5081519333332,624.3633066666666,175.53600884963683,630.2294359666666,637.5081519333332,624.3633066666666,402.3981519333332,389.2533066666666
