,per_hour_hood_data_count,occupancy,min_lab_cfm,min_hood_cfm,min_additional_hood_cfm,min_possible_lab_cfm,calc_hood_cfm,stream_hood_cfm,stream_and_calc_hood_cfm_std,stream_and_calc_hood_cfm_mean,calc_total_lab_cfm,stream_total_lab_cfm,calc_excess_cfm,stream_excess_cfm
count,1768.0,1768,1768.0,1768.0,1768.0,1768.0,1768.0,1768.0,1768.0,1768.0,1768.0,1768.0,1768.0,1768.0
mean,1.0,0.59898190045248867,265.10999999999007,175.0,0.0,235.1099999999906,352.647793491442,335.7217932585453,36.09338662095225,344.18479337499457,355.00991629222113,339.254947446578,119.89991629222308,104.1449474465814
std,0.0,0.49024332882820831,4.962302182078038e-05,0.0,0.0,6.077554147795368e-05,76.83860655125427,106.5921269867894,33.09309098478644,86.63358562215258,72.53970962158961,102.71420292304994,72.53970962158256,102.71420292303885
min,1.0,False,265.11,175.0,0.0,235.11,177.0850643022222,197.05584,0.015375977642159835,193.4270921511111,235.11,235.11,0.0,0.0
25%,1.0,0.0,265.11,175.0,0.0,235.11,299.7252426933333,239.43344,17.736125843617224,268.93900842133337,299.7252426933333,239.43344,64.61524269333331,4.323439999999977
50%,1.0,1.0,265.11,175.0,0.0,235.11,349.27571914666663,309.09162,31.441872255879183,333.14599999999996,349.27571914666663,309.09162,114.16571914666662,73.98161999999996
75%,1.0,1.0,265.11,175.0,0.0,235.11,429.77086633600004,421.65711999999996,43.69862424477046,428.4567197053333,429.77086633600004,421.65711999999996,194.660866336,186.54711999999995
max,1.0,True,265.11,175.0,0.0,235.11,511.57865920000006,624.3633066666666,229.10414331126955,567.2646896,511.57865920000006,624.3633066666666,276.46865920000005,389.2533066666666
