,per_hour_hood_data_count,occupancy,min_lab_cfm,min_hood_cfm,min_additional_hood_cfm,min_possible_lab_cfm,calc_hood_cfm,stream_hood_cfm,stream_and_calc_hood_cfm_std,stream_and_calc_hood_cfm_mean,calc_total_lab_cfm,stream_total_lab_cfm,calc_excess_cfm,stream_excess_cfm
count,4794.0,4794,4794.0,4794.0,4794.0,4794.0,1768.0,1772.0,1768.0,1772.0,4794.0,4794.0,4794.0,4794.0
mean,0.36879432624113473,0.60221109720483934,241.22808023918657,175.0,0.0,211.22808023918373,440.24659628417794,335.84522857850334,83.19670408378806,387.9896562730065,295.6424650930496,257.9359108805032,84.41438485385449,46.707830641310935
std,0.4825283814359853,0.48949246301421379,29.387495837749782,0.0,0.0,29.38749583787303,95.52727909389199,106.72938626367548,29.160403042370067,95.479298707665,127.00687689517653,91.27090080575073,125.70607761270365,88.17883202969426
min,0.0,False,205.07333333333332,175.0,0.0,175.07333333333332,221.2676666666667,197.05584,0.2432635888905846,215.51839333333334,175.07333333333332,175.07333333333332,0.0,0.0
25%,0.0,0.0,205.07333333333332,175.0,0.0,175.07333333333332,374.37307124,239.43344,78.17713098047125,306.95132119,175.07333333333332,175.07333333333332,0.0,0.0
50%,0.0,1.0,265.11,175.0,0.0,235.11,435.36659001111116,309.09162,90.83922689236316,377.7537429766667,235.11,235.11,0.0,0.0
75%,1.0,1.0,265.11,175.0,0.0,235.11,537.1666819866666,421.65711999999996,101.57900119810047,481.67358656,384.5916666666667,250.02784,183.48906214,60.12234666666666
max,1.0,True,265.11,175.0,0.0,235.11,658.6575237200001,624.3633066666666,177.40371369300422,631.2120219999999,658.6575237200001,624.3633066666666,483.58419038666676,447.8773866666666
