,per_hour_hood_data_count,occupancy,min_lab_cfm,min_hood_cfm,min_additional_hood_cfm,min_possible_lab_cfm,calc_hood_cfm,stream_hood_cfm,stream_and_calc_hood_cfm_std,stream_and_calc_hood_cfm_mean,calc_total_lab_cfm,stream_total_lab_cfm,calc_excess_cfm,stream_excess_cfm
count,1922.0,1922,1922.0,1922.0,1922.0,1922.0,1922.0,1922.0,1922.0,1922.0,1922.0,1922.0,1922.0,1922.0
mean,1.0,0.69042663891779399,413.460561914667,175.0,0.0,413.460561914667,181.4414772014399,599.8271466389106,295.84334401050154,390.63431192017515,413.598772573897,599.8271466389106,0.13821065922996878,186.3665847242432
std,0.0,0.46243805958943174,56.972368941474365,0.0,0.0,56.972368941474365,35.02620648970044,0.5969841212537603,24.79480392386069,17.498703230461274,57.01927969004769,0.5969841212537603,3.2569768333228,56.9547456688834
min,1.0,False,328.4,175.0,0.0,328.4,175.0,599.6430399999999,37.22256631334889,387.32151999999996,328.4,599.6430399999999,0.0,148.0430399999999
25%,1.0,0.0,328.4,175.0,0.0,328.4,175.0,599.6430399999999,300.2679731676703,387.32151999999996,328.4,599.6430399999999,0.0,148.0430399999999
50%,1.0,1.0,451.6,175.0,0.0,451.6,175.0,599.6430399999999,300.2679731676703,387.32151999999996,451.6,599.6430399999999,0.0,148.0430399999999
75%,1.0,1.0,451.6,175.0,0.0,451.6,175.0,599.6430399999999,300.2679731676703,387.32151999999996,451.6,599.6430399999999,0.0,271.24303999999995
max,1.0,True,451.6,175.0,0.0,451.6,547.0023818933333,601.7619199999999,301.7662475841908,573.3227109466666,547.0023818933333,601.7619199999999,96.55412418666668,273.36191999999994
