,per_hour_hood_data_count,occupancy,min_lab_cfm,min_hood_cfm,min_additional_hood_cfm,min_possible_lab_cfm,calc_hood_cfm,stream_hood_cfm,stream_and_calc_hood_cfm_std,stream_and_calc_hood_cfm_mean,calc_total_lab_cfm,stream_total_lab_cfm,calc_excess_cfm,stream_excess_cfm
count,4813.0,4813,4813.0,4813.0,4813.0,4813.0,1922.0,1926.0,1922.0,1926.0,4813.0,4813.0,4813.0,4813.0
mean,0.3993351340120507,0.67982547267816329,451.6000000000403,175.0,0.0,451.6000000000403,175.47642978744443,599.8267642782897,300.0612694870362,388.0920608025584,451.6000000000403,510.9153434448782,0.0,59.31534344483477
std,0.4898126502468267,0.4665919338236344,0.00024726623620121267,0.0,0.0,0.00024726623620121267,4.395331006373669,0.5964224808457083,3.150463760618377,9.902186803836623,0.00024726623620121267,72.62953762983862,0.0,72.62953763034194
min,0.0,False,451.6,175.0,0.0,451.6,175.0,599.6430399999999,232.61087130856825,387.32151999999996,451.6,451.6,0.0,0.0
25%,0.0,False,451.6,175.0,0.0,451.6,175.0,599.6430399999999,300.2679731676703,387.32151999999996,451.6,451.6,0.0,0.0
50%,0.0,1.0,451.6,175.0,0.0,451.6,175.0,599.6430399999999,300.2679731676703,387.32151999999996,451.6,451.6,0.0,0.0
75%,1.0,True,451.6,175.0,0.0,451.6,175.0,599.6430399999999,300.2679731676703,387.32151999999996,451.6,599.6430399999999,0.0,148.0430399999999
max,1.0,True,451.6,175.0,0.0,451.6,270.68159104,601.7619199999999,301.7662475841908,599.6430399999999,451.6,601.7619199999999,0.0,150.1619199999999
