,per_hour_hood_data_count,occupancy,min_lab_cfm,min_hood_cfm,min_additional_hood_cfm,min_possible_lab_cfm,calc_hood_cfm,stream_hood_cfm,stream_and_calc_hood_cfm_std,stream_and_calc_hood_cfm_mean,calc_total_lab_cfm,stream_total_lab_cfm,calc_excess_cfm,stream_excess_cfm
count,1922.0,1922,1922.0,1922.0,1922.0,1922.0,1922.0,1922.0,1922.0,1922.0,1922.0,1922.0,1922.0,1922.0
mean,1.0,0.68002081165452655,451.599999999985,175.0,0.0,451.599999999985,179.29945726164854,599.8271466389106,297.35798083536446,389.5633019502793,451.6504442107655,599.8271466389106,0.05044421078043701,148.22714663891253
std,0.0,0.46658951746385097,0.0001250522867568256,0.0,0.0,0.0001250522867568256,27.74580653746712,0.5969841212537603,19.64395723676772,13.86183816371449,1.9304760886581176,0.5969841212537603,1.9304760846118527,0.5969841277213318
min,1.0,False,451.6,175.0,0.0,451.6,175.0,599.6430399999999,45.19759917029507,387.32151999999996,451.6,599.6430399999999,0.0,148.0430399999999
25%,1.0,0.0,451.6,175.0,0.0,451.6,175.0,599.6430399999999,300.2679731676703,387.32151999999996,451.6,599.6430399999999,0.0,148.0430399999999
50%,1.0,1.0,451.6,175.0,0.0,451.6,175.0,599.6430399999999,300.2679731676703,387.32151999999996,451.6,599.6430399999999,0.0,148.0430399999999
75%,1.0,1.0,451.6,175.0,0.0,451.6,175.0,599.6430399999999,300.2679731676703,387.32151999999996,451.6,599.6430399999999,0.0,148.0430399999999
max,1.0,True,451.6,175.0,0.0,451.6,535.7239822666667,601.7619199999999,301.7662475841908,567.6835111333332,535.7239822666667,601.7619199999999,84.12398226666664,150.1619199999999
