,per_hour_hood_data_count,occupancy,min_lab_cfm,min_hood_cfm,min_additional_hood_cfm,min_possible_lab_cfm,calc_hood_cfm,stream_hood_cfm,stream_and_calc_hood_cfm_std,stream_and_calc_hood_cfm_mean,calc_total_lab_cfm,stream_total_lab_cfm,calc_excess_cfm,stream_excess_cfm
count,4813.0,4813,4813.0,4813.0,4813.0,4813.0,1922.0,1926.0,1922.0,1926.0,4813.0,4813.0,4813.0,4813.0
mean,0.3993351340120507,0.68647413255765632,412.97361313111657,175.0,0.0,412.97361313111657,178.83013044249788,599.8267642782897,297.68984501177846,389.7654285748875,412.97361313111657,487.5449715354382,0.0,74.57135840432066
std,0.4898126502468267,0.46397427203460123,57.16163031440053,0.0,0.0,57.16163031440053,22.126568208151745,0.5964224808457083,15.674062169227087,14.615022477952921,57.16163031440053,101.89018371752894,0.0,98.15804937328787
min,0.0,False,328.4,175.0,0.0,328.4,175.0,599.6430399999999,117.77039816851945,387.32151999999996,328.4,328.4,0.0,0.0
25%,0.0,False,328.4,175.0,0.0,328.4,175.0,599.6430399999999,300.2679731676703,387.32151999999996,328.4,451.6,0.0,0.0
50%,0.0,1.0,451.6,175.0,0.0,451.6,175.0,599.6430399999999,300.2679731676703,387.32151999999996,451.6,451.6,0.0,0.0
75%,1.0,True,451.6,175.0,0.0,451.6,175.0,599.6430399999999,300.2679731676703,387.32151999999996,451.6,599.6430399999999,0.0,148.0430399999999
max,1.0,True,451.6,175.0,0.0,451.6,433.0905456640001,601.7619199999999,301.7662475841908,599.6430399999999,451.6,601.7619199999999,0.0,273.36191999999994
