,per_hour_hood_data_count,occupancy,min_lab_cfm,min_hood_cfm,min_additional_hood_cfm,min_possible_lab_cfm,calc_hood_cfm,stream_hood_cfm,stream_and_calc_hood_cfm_std,stream_and_calc_hood_cfm_mean,calc_total_lab_cfm,stream_total_lab_cfm,calc_excess_cfm,stream_excess_cfm
count,4813.0,4813,4813.0,4813.0,4813.0,4813.0,1922.0,1926.0,1922.0,1926.0,4813.0,4813.0,4813.0,4813.0
mean,0.3993351340120507,0.68086432578433409,412.28248493664375,175.0,0.0,412.28248493664375,181.4414772014399,599.8267642782897,295.84334401050154,391.06839027548114,412.33767730876923,486.85384334096443,0.05519237212549345,74.57135840432069
std,0.4898126502468267,0.46619014481558801,57.43462584101709,0.0,0.0,57.43462584101709,35.02620648970044,0.5964224808457083,24.79480392386069,19.903595627980213,57.45437883900547,102.54751074816477,2.058971876600618,98.15639135065673
min,0.0,False,328.4,175.0,0.0,328.4,175.0,599.6430399999999,37.22256631334889,387.32151999999996,328.4,328.4,0.0,0.0
25%,0.0,False,328.4,175.0,0.0,328.4,175.0,599.6430399999999,300.2679731676703,387.32151999999996,328.4,451.6,0.0,0.0
50%,0.0,1.0,451.6,175.0,0.0,451.6,175.0,599.6430399999999,300.2679731676703,387.32151999999996,451.6,451.6,0.0,0.0
75%,1.0,True,451.6,175.0,0.0,451.6,175.0,599.6430399999999,300.2679731676703,387.32151999999996,451.6,599.6430399999999,0.0,148.0430399999999
max,1.0,True,451.6,175.0,0.0,451.6,547.0023818933333,601.7619199999999,301.7662475841908,599.6430399999999,547.0023818933333,601.7619199999999,96.55412418666668,273.36191999999994
