,per_hour_hood_data_count,occupancy,min_lab_cfm,min_hood_cfm,min_additional_hood_cfm,min_possible_lab_cfm,calc_hood_cfm,stream_hood_cfm,stream_and_calc_hood_cfm_std,stream_and_calc_hood_cfm_mean,calc_total_lab_cfm,stream_total_lab_cfm,calc_excess_cfm,stream_excess_cfm
count,1922.0,1922,1922.0,1922.0,1922.0,1922.0,1922.0,1922.0,1922.0,1922.0,1922.0,1922.0,1922.0,1922.0
mean,1.0,0.69042663891779399,413.46056191466676,175.0,0.0,413.46056191466676,178.83013044249788,599.8271466389106,297.68984501177846,389.3286385407041,413.46056191466676,599.8271466389106,0.0,186.36658472424318
std,0.0,0.46243805958943174,56.972368941476,0.0,0.0,56.972368941476,22.126568208151745,0.5969841212537603,15.674062169227087,11.051361586799963,56.972368941476,0.5969841212537603,0.0,56.96190304360265
min,1.0,False,328.4,175.0,0.0,328.4,175.0,599.6430399999999,117.77039816851945,387.32151999999996,328.4,599.6430399999999,0.0,148.0430399999999
25%,1.0,0.0,328.4,175.0,0.0,328.4,175.0,599.6430399999999,300.2679731676703,387.32151999999996,328.4,599.6430399999999,0.0,148.0430399999999
50%,1.0,1.0,451.6,175.0,0.0,451.6,175.0,599.6430399999999,300.2679731676703,387.32151999999996,451.6,599.6430399999999,0.0,148.0430399999999
75%,1.0,1.0,451.6,175.0,0.0,451.6,175.0,599.6430399999999,300.2679731676703,387.32151999999996,451.6,599.6430399999999,0.0,271.24303999999995
max,1.0,True,451.6,175.0,0.0,451.6,433.0905456640001,601.7619199999999,301.7662475841908,516.366792832,451.6,601.7619199999999,0.0,273.36191999999994
