,per_hour_hood_data_count,occupancy,min_lab_cfm,min_hood_cfm,min_additional_hood_cfm,min_possible_lab_cfm,calc_hood_cfm,stream_hood_cfm,stream_and_calc_hood_cfm_std,stream_and_calc_hood_cfm_mean,calc_total_lab_cfm,stream_total_lab_cfm,calc_excess_cfm,stream_excess_cfm
count,1922.0,1922,1922.0,1922.0,1922.0,1922.0,1922.0,1922.0,1922.0,1922.0,1922.0,1922.0,1922.0,1922.0
mean,1.0,0.6831425598335068,412.5631633714825,175.0,0.0,412.5631633714825,175.47674318905035,599.8271466389106,300.0610478786354,387.65194491398057,412.5631633714825,599.8271466389106,0.0,187.2639832674274
std,0.0,0.46537241328829176,57.33388131717514,0.0,0.0,57.33388131717514,4.308699572827645,0.5969841212537603,3.0900579788996634,2.1648122037402815,57.33388131717514,0.5969841212537603,0.0,57.332450002325096
min,1.0,False,328.4,175.0,0.0,328.4,175.0,599.6430399999999,232.61087130856825,387.32151999999996,328.4,599.6430399999999,0.0,148.0430399999999
25%,1.0,0.0,328.4,175.0,0.0,328.4,175.0,599.6430399999999,300.2679731676703,387.32151999999996,328.4,599.6430399999999,0.0,148.0430399999999
50%,1.0,1.0,451.6,175.0,0.0,451.6,175.0,599.6430399999999,300.2679731676703,387.32151999999996,451.6,599.6430399999999,0.0,148.0430399999999
75%,1.0,1.0,451.6,175.0,0.0,451.6,175.0,599.6430399999999,300.2679731676703,387.32151999999996,451.6,599.6430399999999,0.0,271.24303999999995
max,1.0,True,451.6,175.0,0.0,451.6,270.68159104,601.7619199999999,301.7662475841908,435.16231552,451.6,601.7619199999999,0.0,273.36191999999994
