,per_hour_hood_data_count,occupancy,min_lab_cfm,min_hood_cfm,min_additional_hood_cfm,min_possible_lab_cfm,calc_hood_cfm,stream_hood_cfm,stream_and_calc_hood_cfm_std,stream_and_calc_hood_cfm_mean,calc_total_lab_cfm,stream_total_lab_cfm,calc_excess_cfm,stream_excess_cfm
count,1922.0,1922,1922.0,1922.0,1922.0,1922.0,1922.0,1922.0,1922.0,1922.0,1922.0,1922.0,1922.0,1922.0
mean,1.0,0.69146722164412067,451.599999999985,175.0,0.0,451.599999999985,181.41582246774848,599.8271466389106,295.8614846466642,390.62148455332954,451.6768980411875,599.8271466389106,0.07689804120245107,148.22714663891253
std,0.0,0.46200796522885917,0.0001250522867568256,0.0,0.0,0.0001250522867568256,35.10442543198602,0.5969841212537603,24.849956697799968,17.537912177426513,3.089580298516,0.5969841212537603,3.0895802959810594,0.5969841277213318
min,1.0,False,451.6,175.0,0.0,451.6,175.0,599.6430399999999,9.309951314018207,387.32151999999996,451.6,599.6430399999999,0.0,148.0430399999999
25%,1.0,0.0,451.6,175.0,0.0,451.6,175.0,599.6430399999999,300.2679731676703,387.32151999999996,451.6,599.6430399999999,0.0,148.0430399999999
50%,1.0,1.0,451.6,175.0,0.0,451.6,175.0,599.6430399999999,300.2679731676703,387.32151999999996,451.6,599.6430399999999,0.0,148.0430399999999
75%,1.0,1.0,451.6,175.0,0.0,451.6,175.0,599.6430399999999,300.2679731676703,387.32151999999996,451.6,599.6430399999999,0.0,148.0430399999999
max,1.0,True,451.6,175.0,0.0,451.6,586.4767805866667,601.7619199999999,301.7662475841908,593.0599102933334,586.4767805866667,601.7619199999999,134.87678058666665,150.1619199999999
