,per_hour_hood_data_count,occupancy,min_lab_cfm,min_hood_cfm,min_additional_hood_cfm,min_possible_lab_cfm,calc_hood_cfm,stream_hood_cfm,stream_and_calc_hood_cfm_std,stream_and_calc_hood_cfm_mean,calc_total_lab_cfm,stream_total_lab_cfm,calc_excess_cfm,stream_excess_cfm
count,1922.0,1922,1922.0,1922.0,1922.0,1922.0,1922.0,1922.0,1922.0,1922.0,1922.0,1922.0,1922.0,1922.0
mean,1.0,0.6893860561914672,413.33236212278314,175.0,0.0,413.33236212278314,178.7817719114266,599.8271466389106,297.72403965702705,389.30445927516865,413.33236212278314,599.8271466389106,0.0,186.49478451612654
std,0.0,0.46286541372909229,57.02501897148317,0.0,0.0,57.02501897148317,21.901244379226075,0.5969841212537603,15.514736848166338,10.938780461045468,57.02501897148317,0.5969841212537603,0.0,56.99030900950723
min,1.0,False,328.4,175.0,0.0,328.4,175.0,599.6430399999999,111.39037188296152,387.32151999999996,328.4,599.6430399999999,0.0,148.0430399999999
25%,1.0,0.0,328.4,175.0,0.0,328.4,175.0,599.6430399999999,300.2679731676703,387.32151999999996,328.4,599.6430399999999,0.0,148.0430399999999
50%,1.0,1.0,451.6,175.0,0.0,451.6,175.0,599.6430399999999,300.2679731676703,387.32151999999996,451.6,599.6430399999999,0.0,148.0430399999999
75%,1.0,1.0,451.6,175.0,0.0,451.6,175.0,599.6430399999999,300.2679731676703,387.32151999999996,451.6,599.6430399999999,0.0,271.24303999999995
max,1.0,True,451.6,175.0,0.0,451.6,442.11326536533335,601.7619199999999,301.7662475841908,520.8781526826666,451.6,601.7619199999999,0.0,273.36191999999994
