,per_hour_hood_data_count,occupancy,min_lab_cfm,min_hood_cfm,min_additional_hood_cfm,min_possible_lab_cfm,calc_hood_cfm,stream_hood_cfm,stream_and_calc_hood_cfm_std,stream_and_calc_hood_cfm_mean,calc_total_lab_cfm,stream_total_lab_cfm,calc_excess_cfm,stream_excess_cfm
count,1922.0,1922,1922.0,1922.0,1922.0,1922.0,1922.0,1922.0,1922.0,1922.0,1922.0,1922.0,1922.0,1922.0
mean,1.0,0.67845993756503642,451.599999999985,175.0,0.0,451.599999999985,178.8180998141988,599.8271466389106,297.6983519506306,389.3226232265548,451.599999999985,599.8271466389106,0.0,148.22714663891253
std,0.0,0.46718905423531615,0.0001250522867568256,0.0,0.0,0.0001250522867568256,21.991539271809135,0.5969841212537603,15.578684098794959,10.98382427373701,0.0001250522867568256,0.5969841212537603,0.0,0.5969841277213318
min,1.0,False,451.6,175.0,0.0,451.6,175.0,599.6430399999999,114.58038502574055,387.32151999999996,451.6,599.6430399999999,0.0,148.0430399999999
25%,1.0,0.0,451.6,175.0,0.0,451.6,175.0,599.6430399999999,300.2679731676703,387.32151999999996,451.6,599.6430399999999,0.0,148.0430399999999
50%,1.0,1.0,451.6,175.0,0.0,451.6,175.0,599.6430399999999,300.2679731676703,387.32151999999996,451.6,599.6430399999999,0.0,148.0430399999999
75%,1.0,1.0,451.6,175.0,0.0,451.6,175.0,599.6430399999999,300.2679731676703,387.32151999999996,451.6,599.6430399999999,0.0,148.0430399999999
max,1.0,True,451.6,175.0,0.0,451.6,437.6019055146667,601.7619199999999,301.7662475841908,518.6224727573333,451.6,601.7619199999999,0.0,150.1619199999999
