,per_hour_hood_data_count,occupancy,min_lab_cfm,min_hood_cfm,min_additional_hood_cfm,min_possible_lab_cfm,calc_hood_cfm,stream_hood_cfm,stream_and_calc_hood_cfm_std,stream_and_calc_hood_cfm_mean,calc_total_lab_cfm,stream_total_lab_cfm,calc_excess_cfm,stream_excess_cfm
count,4813.0,4813,4813.0,4813.0,4813.0,4813.0,1922.0,1926.0,1922.0,1926.0,4813.0,4813.0,4813.0,4813.0
mean,0.3993351340120507,0.66694369416164556,410.567463120726,175.0,0.0,410.567463120726,175.47674318905035,599.8267642782897,300.0610478786354,388.09221717791826,410.567463120726,485.49718429255194,0.0,74.92972117182536
std,0.4898126502468267,0.47135545463891143,58.07099201127263,0.0,0.0,58.07099201127263,4.308699572827645,0.5964224808457083,3.0900579788996634,9.892674965608732,58.07099201127263,103.81233526299924,0.0,98.65214715057895
min,0.0,False,328.4,175.0,0.0,328.4,175.0,599.6430399999999,232.61087130856825,387.32151999999996,328.4,328.4,0.0,0.0
25%,0.0,False,328.4,175.0,0.0,328.4,175.0,599.6430399999999,300.2679731676703,387.32151999999996,328.4,451.6,0.0,0.0
50%,0.0,1.0,451.6,175.0,0.0,451.6,175.0,599.6430399999999,300.2679731676703,387.32151999999996,451.6,451.6,0.0,0.0
75%,1.0,True,451.6,175.0,0.0,451.6,175.0,599.6430399999999,300.2679731676703,387.32151999999996,451.6,599.6430399999999,0.0,148.0430399999999
max,1.0,True,451.6,175.0,0.0,451.6,270.68159104,601.7619199999999,301.7662475841908,599.6430399999999,451.6,601.7619199999999,0.0,273.36191999999994
