count,58.0
mean,1584.2413793103449
std,199.14662766500697
min,1142.0
25%,1468.5
50%,1610.5
75%,1754.0
max,1938.0
