count,17.0
mean,1533.5294117647059
std,204.12071111448344
min,1255.0
25%,1381.0
50%,1475.0
75%,1752.0
max,1938.0
