count,11.0
mean,1693.1818181818182
std,23.92412247844569
min,1670.0
25%,1681.5
50%,1686.0
75%,1695.5
max,1760.0
