,per_hour_hood_data_count,occupancy,min_lab_cfm,min_hood_cfm,min_additional_hood_cfm,min_possible_lab_cfm,calc_hood_cfm,stream_hood_cfm,stream_and_calc_hood_cfm_std,stream_and_calc_hood_cfm_mean,calc_total_lab_cfm,stream_total_lab_cfm,calc_excess_cfm,stream_excess_cfm
count,1599.0,1599,1599.0,1599.0,1599.0,1599.0,1599.0,1599.0,1599.0,1599.0,1599.0,1599.0,1599.0,1599.0
mean,1.0,0.97435897435897434,262.1099999999906,175.0,0.0,262.1099999999906,206.4787224690613,228.93082353276336,24.96440268674009,217.70477300091147,278.74132889010957,274.411115626425,16.631328890117803,12.301115626433175
std,0.0,0.15811134594042461,5.3242502588941774e-05,0.0,0.0,5.3242502588941774e-05,71.9104643048241,53.24770516690425,10.715720721335448,61.31965858362969,41.31281043504534,35.864516045148015,41.31281043501372,35.8645160451085
min,1.0,False,262.11,175.0,0.0,262.11,175.0,205.53135999999998,3.5659782356535605,190.26567999999997,262.11,262.11,0.0,0.0
25%,1.0,1.0,262.11,175.0,0.0,262.11,175.0,205.53135999999998,21.58893169484791,190.26567999999997,262.11,262.11,0.0,0.0
50%,1.0,1.0,262.11,175.0,0.0,262.11,175.0,207.65024,23.08720611136823,191.32512,262.11,262.11,0.0,0.0
75%,1.0,1.0,262.11,175.0,0.0,262.11,175.0,209.76912,23.170443578952508,192.38456,262.11,262.11,0.0,0.0
max,1.0,True,262.11,175.0,0.0,262.11,473.050648,595.40528,135.4577873504097,501.98055999999997,473.050648,595.40528,210.940648,333.29527999999993
