,per_hour_hood_data_count,occupancy,min_lab_cfm,min_hood_cfm,min_additional_hood_cfm,min_possible_lab_cfm,calc_hood_cfm,stream_hood_cfm,stream_and_calc_hood_cfm_std,stream_and_calc_hood_cfm_mean,calc_total_lab_cfm,stream_total_lab_cfm,calc_excess_cfm,stream_excess_cfm
count,4795.0,4795,4795.0,4795.0,4795.0,4795.0,1599.0,1603.0,1599.0,1603.0,4795.0,4795.0,4795.0,4795.0
mean,0.3334723670490094,0.97476538060479667,260.5949975669158,175.0,0.0,260.5949975669158,183.77450646124862,228.87375617522684,31.93033801467838,206.35193739875885,260.7474113899353,264.76023832465125,0.1524138230194257,4.165240757733747
std,0.4715028222248582,0.15685332110448316,9.416950554666423,0.0,0.0,9.416950554666423,22.64636666028964,53.19345291740512,24.611122116388305,36.98395403221627,9.51132976604425,23.61385224989289,1.7056815019804779,21.625067387396577
min,0.0,False,202.07333333333332,175.0,0.0,202.07333333333332,175.0,205.53135999999998,21.58893169484791,190.26567999999997,202.07333333333332,202.07333333333332,0.0,0.0
25%,0.0,1.0,262.11,175.0,0.0,262.11,175.0,205.53135999999998,21.58893169484791,190.26567999999997,262.11,262.11,0.0,0.0
50%,0.0,1.0,262.11,175.0,0.0,262.11,175.0,207.65024,23.08720611136823,191.32512,262.11,262.11,0.0,0.0
75%,1.0,1.0,262.11,175.0,0.0,262.11,175.0,209.76912,24.585480527888613,192.38456,262.11,262.11,0.0,0.0
max,1.0,True,262.11,175.0,0.0,262.11,298.61322155,595.40528,245.92868379538655,421.87730426333326,298.61322155,595.40528,56.30132889999999,333.29527999999993
