,per_hour_hood_data_count,occupancy,min_lab_cfm,min_hood_cfm,min_additional_hood_cfm,min_possible_lab_cfm,calc_hood_cfm,stream_hood_cfm,stream_and_calc_hood_cfm_std,stream_and_calc_hood_cfm_mean,calc_total_lab_cfm,stream_total_lab_cfm,calc_excess_cfm,stream_excess_cfm
count,4795.0,4795,4795.0,4795.0,4795.0,4795.0,1599.0,1603.0,1599.0,1603.0,4795.0,4795.0,4795.0,4795.0
mean,0.3334723670490094,0.97476538060479667,262.11000000000683,175.0,0.0,262.11000000000683,210.36472901438944,228.87375617522684,29.962854560704177,219.61387310133978,268.95414601495906,266.2120821452988,6.844146014949371,4.102082145290229
std,0.4715028222248582,0.15685332110448316,2.9919703498742685e-05,0.0,0.0,2.9919703498742685e-05,87.62712825926938,53.19345291740512,21.364695894230987,68.22436848347574,36.337764556405006,21.503363184270782,36.337764556417895,21.50336318429073
min,0.0,False,262.11,175.0,0.0,262.11,175.0,205.53135999999998,0.06295923253507953,190.26567999999997,262.11,262.11,0.0,0.0
25%,0.0,1.0,262.11,175.0,0.0,262.11,175.0,205.53135999999998,21.58893169484791,190.26567999999997,262.11,262.11,0.0,0.0
50%,0.0,1.0,262.11,175.0,0.0,262.11,175.0,207.65024,23.08720611136823,191.32512,262.11,262.11,0.0,0.0
75%,1.0,1.0,262.11,175.0,0.0,262.11,175.0,209.76912,24.585480527888613,192.38456,262.11,262.11,0.0,0.0
max,1.0,True,262.11,175.0,0.0,262.11,597.2264431,595.40528,137.7242419830622,565.9463733333333,597.2264431,595.40528,335.11644309999997,333.29527999999993
