,per_hour_hood_data_count,occupancy,min_lab_cfm,min_hood_cfm,min_additional_hood_cfm,min_possible_lab_cfm,calc_hood_cfm,stream_hood_cfm,stream_and_calc_hood_cfm_std,stream_and_calc_hood_cfm_mean,calc_total_lab_cfm,stream_total_lab_cfm,calc_excess_cfm,stream_excess_cfm
count,4795.0,4795,4795.0,4795.0,4795.0,4795.0,1599.0,1603.0,1599.0,1603.0,4795.0,4795.0,4795.0,4795.0
mean,0.3334723670490094,0.97831074035453602,262.11000000000683,175.0,0.0,262.11000000000683,183.68489203016244,228.87375617522684,31.993704986591638,206.30724199161384,262.23213335418467,266.2120821452988,0.12213335417776972,4.102082145290229
std,0.4715028222248582,0.14568205718245741,2.9919703498742685e-05,0.0,0.0,2.9919703498742685e-05,22.42431065607312,53.19345291740512,24.569245012572836,36.93031786540553,1.4169753701254584,21.503363184270782,1.4169753704447823,21.50336318429073
min,0.0,False,262.11,175.0,0.0,262.11,175.0,205.53135999999998,21.58893169484791,190.26567999999997,262.11,262.11,0.0,0.0
25%,0.0,1.0,262.11,175.0,0.0,262.11,175.0,205.53135999999998,21.58893169484791,190.26567999999997,262.11,262.11,0.0,0.0
50%,0.0,1.0,262.11,175.0,0.0,262.11,175.0,207.65024,23.08720611136823,191.32512,262.11,262.11,0.0,0.0
75%,1.0,1.0,262.11,175.0,0.0,262.11,175.0,209.76912,24.585480527888613,192.38456,262.11,262.11,0.0,0.0
max,1.0,True,262.11,175.0,0.0,262.11,307.4829212,595.40528,234.98578209245602,429.24523999999997,307.4829212,595.40528,45.37292120000001,333.29527999999993
