,per_hour_hood_data_count,occupancy,min_lab_cfm,min_hood_cfm,min_additional_hood_cfm,min_possible_lab_cfm,calc_hood_cfm,stream_hood_cfm,stream_and_calc_hood_cfm_std,stream_and_calc_hood_cfm_mean,calc_total_lab_cfm,stream_total_lab_cfm,calc_excess_cfm,stream_excess_cfm
count,1599.0,1599,1599.0,1599.0,1599.0,1599.0,1599.0,1599.0,1599.0,1599.0,1599.0,1599.0,1599.0,1599.0
mean,1.0,0.97060662914321449,262.1099999999906,175.0,0.0,262.1099999999906,206.84894731193003,228.93082353276336,25.08873631199802,217.88988542234608,279.0729142413483,274.411115626425,16.96291424135642,12.301115626433175
std,0.0,0.16895932586965953,5.3242502588941774e-05,0.0,0.0,5.3242502588941774e-05,72.77474388762823,53.24770516690425,10.53817719990865,61.78408730021321,42.22013584862189,35.864516045148015,42.22013584859311,35.8645160451085
min,1.0,False,262.11,175.0,0.0,262.11,175.0,205.53135999999998,0.5115453397774028,190.26567999999997,262.11,262.11,0.0,0.0
25%,1.0,1.0,262.11,175.0,0.0,262.11,175.0,205.53135999999998,21.58893169484791,190.26567999999997,262.11,262.11,0.0,0.0
50%,1.0,1.0,262.11,175.0,0.0,262.11,175.0,207.65024,23.08720611136823,191.32512,262.11,262.11,0.0,0.0
75%,1.0,1.0,262.11,175.0,0.0,262.11,175.0,209.76912,23.754785163394207,192.38456,262.11,262.11,0.0,0.0
max,1.0,True,262.11,175.0,0.0,262.11,458.8591285600001,595.40528,140.87682744725325,503.74127619199993,458.8591285600001,595.40528,196.7491285600001,333.29527999999993
