,per_hour_hood_data_count,occupancy,min_lab_cfm,min_hood_cfm,min_additional_hood_cfm,min_possible_lab_cfm,calc_hood_cfm,stream_hood_cfm,stream_and_calc_hood_cfm_std,stream_and_calc_hood_cfm_mean,calc_total_lab_cfm,stream_total_lab_cfm,calc_excess_cfm,stream_excess_cfm
count,1599.0,1599,1599.0,1599.0,1599.0,1599.0,1599.0,1599.0,1599.0,1599.0,1599.0,1599.0,1599.0,1599.0
mean,1.0,0.97748592870544093,262.1099999999906,175.0,0.0,262.1099999999906,183.68489203016244,228.93082353276336,31.993704986591638,206.30785778146154,262.47624730035477,274.411115626425,0.36624730036423125,12.301115626433175
std,0.0,0.1483946077031327,5.3242502588941774e-05,0.0,0.0,5.3242502588941774e-05,22.42431065607312,53.24770516690425,24.569245012572836,36.97647910128107,2.4359793885988528,35.864516045148015,2.435979388015693,35.8645160451085
min,1.0,False,262.11,175.0,0.0,262.11,175.0,205.53135999999998,21.58893169484791,190.26567999999997,262.11,262.11,0.0,0.0
25%,1.0,1.0,262.11,175.0,0.0,262.11,175.0,205.53135999999998,21.58893169484791,190.26567999999997,262.11,262.11,0.0,0.0
50%,1.0,1.0,262.11,175.0,0.0,262.11,175.0,207.65024,23.08720611136823,191.32512,262.11,262.11,0.0,0.0
75%,1.0,1.0,262.11,175.0,0.0,262.11,175.0,209.76912,24.585480527888613,192.38456,262.11,262.11,0.0,0.0
max,1.0,True,262.11,175.0,0.0,262.11,307.4829212,595.40528,234.98578209245602,429.24523999999997,307.4829212,595.40528,45.37292120000001,333.29527999999993
