,per_hour_hood_data_count,occupancy,min_lab_cfm,min_hood_cfm,min_additional_hood_cfm,min_possible_lab_cfm,calc_hood_cfm,stream_hood_cfm,stream_and_calc_hood_cfm_std,stream_and_calc_hood_cfm_mean,calc_total_lab_cfm,stream_total_lab_cfm,calc_excess_cfm,stream_excess_cfm
count,1599.0,1599,1599.0,1599.0,1599.0,1599.0,1599.0,1599.0,1599.0,1599.0,1599.0,1599.0,1599.0,1599.0
mean,1.0,0.9662288930581614,262.1099999999906,175.0,0.0,262.1099999999906,222.6536822704175,228.93082353276336,33.84890547144192,225.7922529015893,294.1958777002558,274.411115626425,32.08587770026356,12.301115626433175
std,0.0,0.18069598484578242,5.3242502588941774e-05,0.0,0.0,5.3242502588941774e-05,106.36542729592338,53.24770516690425,27.115900214438938,78.38015812133493,75.0240543452598,35.864516045148015,75.0240543452443,35.8645160451085
min,1.0,False,262.11,175.0,0.0,262.11,175.0,205.53135999999998,0.07379622824890358,190.26567999999997,262.11,262.11,0.0,0.0
25%,1.0,1.0,262.11,175.0,0.0,262.11,175.0,205.53135999999998,21.58893169484791,190.26567999999997,262.11,262.11,0.0,0.0
50%,1.0,1.0,262.11,175.0,0.0,262.11,175.0,207.65024,23.08720611136823,191.32512,262.11,262.11,0.0,0.0
75%,1.0,1.0,262.11,175.0,0.0,262.11,175.0,209.76912,24.585480527888613,192.38456,262.11,262.11,0.0,0.0
max,1.0,True,262.11,175.0,0.0,262.11,579.4870438,595.40528,136.31720749670444,559.22383524,579.4870438,595.40528,317.3770438,333.29527999999993
