,per_hour_hood_data_count,occupancy,min_lab_cfm,min_hood_cfm,min_additional_hood_cfm,min_possible_lab_cfm,calc_hood_cfm,stream_hood_cfm,stream_and_calc_hood_cfm_std,stream_and_calc_hood_cfm_mean,calc_total_lab_cfm,stream_total_lab_cfm,calc_excess_cfm,stream_excess_cfm
count,1599.0,1599,1599.0,1599.0,1599.0,1599.0,1599.0,1599.0,1599.0,1599.0,1599.0,1599.0,1599.0,1599.0
mean,1.0,0.97623514696685432,260.6832374400573,175.0,0.0,260.6832374400573,222.5612700062726,228.93082353276336,33.801889906641726,225.74604676951688,292.91846251068574,273.3124050656581,32.235225070626974,12.629167625599322
std,0.0,0.15236339125329812,9.14739013303458,0.0,0.0,9.14739013303458,106.10035468075883,53.24770516690425,26.94070095113642,78.24262758164782,75.69902813705494,37.04726790334253,75.25482024745133,36.25807704419274
min,1.0,False,202.07333333333332,175.0,0.0,202.07333333333332,175.0,205.53135999999998,0.4166587582116448,190.26567999999997,202.07333333333332,205.53135999999998,0.0,0.0
25%,1.0,1.0,262.11,175.0,0.0,262.11,175.0,205.53135999999998,21.58893169484791,190.26567999999997,262.11,262.11,0.0,0.0
50%,1.0,1.0,262.11,175.0,0.0,262.11,175.0,207.65024,23.08720611136823,191.32512,262.11,262.11,0.0,0.0
75%,1.0,1.0,262.11,175.0,0.0,262.11,175.0,209.76912,24.585480527888613,192.38456,262.11,262.11,0.0,0.0
max,1.0,True,262.11,175.0,0.0,262.11,591.31331,595.40528,136.07697975290932,561.9435685266666,591.31331,595.40528,330.3541241866665,333.29527999999993
