,per_hour_hood_data_count,occupancy,min_lab_cfm,min_hood_cfm,min_additional_hood_cfm,min_possible_lab_cfm,calc_hood_cfm,stream_hood_cfm,stream_and_calc_hood_cfm_std,stream_and_calc_hood_cfm_mean,calc_total_lab_cfm,stream_total_lab_cfm,calc_excess_cfm,stream_excess_cfm
count,4795.0,4795,4795.0,4795.0,4795.0,4795.0,1599.0,1603.0,1599.0,1603.0,4795.0,4795.0,4795.0,4795.0
mean,0.3334723670490094,0.98164754953076117,261.00818004866807,175.0,0.0,261.00818004866807,206.8831084641499,228.87375617522684,25.18203632481809,217.87740670713114,266.7308950818544,265.18804996733525,5.722715033183648,4.179869918665271
std,0.4715028222248582,0.13423634376121923,8.05910262488816,0.0,0.0,8.05910262488816,72.90829487383097,53.19345291740512,10.738660004013202,61.74911444426705,27.145872218634356,23.015614079821304,25.910672347929708,21.632188332166212
min,0.0,False,202.07333333333332,175.0,0.0,202.07333333333332,175.0,205.53135999999998,2.4099746566788007,190.26567999999997,202.07333333333332,202.07333333333332,0.0,0.0
25%,0.0,1.0,262.11,175.0,0.0,262.11,175.0,205.53135999999998,21.58893169484791,190.26567999999997,262.11,262.11,0.0,0.0
50%,0.0,1.0,262.11,175.0,0.0,262.11,175.0,207.65024,23.08720611136823,191.32512,262.11,262.11,0.0,0.0
75%,1.0,1.0,262.11,175.0,0.0,262.11,175.0,209.76912,23.754785163395127,192.38456,262.11,262.11,0.0,0.0
max,1.0,True,262.11,175.0,0.0,262.11,473.050648,595.40528,135.4577873504097,508.09284945066656,473.050648,595.40528,210.940648,333.29527999999993
