,per_hour_hood_data_count,occupancy,min_lab_cfm,min_hood_cfm,min_additional_hood_cfm,min_possible_lab_cfm,calc_hood_cfm,stream_hood_cfm,stream_and_calc_hood_cfm_std,stream_and_calc_hood_cfm_mean,calc_total_lab_cfm,stream_total_lab_cfm,calc_excess_cfm,stream_excess_cfm
count,1599.0,1599,1599.0,1599.0,1599.0,1599.0,1599.0,1599.0,1599.0,1599.0,1599.0,1599.0,1599.0,1599.0
mean,1.0,0.97998749218261416,260.9085157389941,175.0,0.0,260.9085157389941,206.8831084641499,228.93082353276336,25.18203632481809,217.90696599845603,278.06950297108733,273.44289739002744,17.160987232092303,12.534381651031879
std,0.0,0.14008668813950412,8.41033780044182,0.0,0.0,8.41033780044182,72.90829487383097,53.24770516690425,10.738660004013202,61.82349849049484,43.51539324593718,36.91554829380612,42.63418751812414,36.04262124888377
min,1.0,False,202.07333333333332,175.0,0.0,202.07333333333332,175.0,205.53135999999998,2.4099746566788007,190.26567999999997,202.07333333333332,205.53135999999998,0.0,0.0
25%,1.0,1.0,262.11,175.0,0.0,262.11,175.0,205.53135999999998,21.58893169484791,190.26567999999997,262.11,262.11,0.0,0.0
50%,1.0,1.0,262.11,175.0,0.0,262.11,175.0,207.65024,23.08720611136823,191.32512,262.11,262.11,0.0,0.0
75%,1.0,1.0,262.11,175.0,0.0,262.11,175.0,209.76912,23.754785163395127,192.38456,262.11,262.11,0.0,0.0
max,1.0,True,262.11,175.0,0.0,262.11,473.050648,595.40528,135.4577873504097,508.09284945066656,473.050648,595.40528,210.940648,333.29527999999993
