,per_hour_hood_data_count,occupancy,min_lab_cfm,min_hood_cfm,min_additional_hood_cfm,min_possible_lab_cfm,calc_hood_cfm,stream_hood_cfm,stream_and_calc_hood_cfm_std,stream_and_calc_hood_cfm_mean,calc_total_lab_cfm,stream_total_lab_cfm,calc_excess_cfm,stream_excess_cfm
count,1599.0,1599,1599.0,1599.0,1599.0,1599.0,1599.0,1599.0,1599.0,1599.0,1599.0,1599.0,1599.0,1599.0
mean,1.0,0.97998749218261416,260.90851573899414,175.0,0.0,260.90851573899414,183.77450646124862,228.93082353276336,31.93033801467838,206.35266499700467,261.3655665716259,273.39686558681706,0.4570508326317362,12.488349847821542
std,0.0,0.14008668813950412,8.410337800440157,0.0,0.0,8.410337800440157,22.64636666028964,53.24770516690425,24.611122116388305,37.030181586289295,8.69867816807658,36.95877810611748,2.930652901515959,36.04060495869043
min,1.0,False,202.07333333333332,175.0,0.0,202.07333333333332,175.0,205.53135999999998,21.58893169484791,190.26567999999997,202.07333333333332,205.53135999999998,0.0,0.0
25%,1.0,1.0,262.11,175.0,0.0,262.11,175.0,205.53135999999998,21.58893169484791,190.26567999999997,262.11,262.11,0.0,0.0
50%,1.0,1.0,262.11,175.0,0.0,262.11,175.0,207.65024,23.08720611136823,191.32512,262.11,262.11,0.0,0.0
75%,1.0,1.0,262.11,175.0,0.0,262.11,175.0,209.76912,24.585480527888613,192.38456,262.11,262.11,0.0,0.0
max,1.0,True,262.11,175.0,0.0,262.11,298.61322155,595.40528,245.92868379538655,421.87730426333326,298.61322155,595.40528,56.30132889999999,333.29527999999993
