,per_hour_hood_data_count,occupancy,min_lab_cfm,min_hood_cfm,min_additional_hood_cfm,min_possible_lab_cfm,calc_hood_cfm,stream_hood_cfm,stream_and_calc_hood_cfm_std,stream_and_calc_hood_cfm_mean,calc_total_lab_cfm,stream_total_lab_cfm,calc_excess_cfm,stream_excess_cfm
count,1599.0,1599,1599.0,1599.0,1599.0,1599.0,1599.0,1599.0,1599.0,1599.0,1599.0,1599.0,1599.0,1599.0
mean,1.0,0.9793621013133208,262.1099999999906,175.0,0.0,262.1099999999906,183.70736227554016,228.93082353276336,31.977816123710056,206.3190929041504,262.5310106236368,274.411115626425,0.42101062364625913,12.301115626433175
std,0.0,0.14221330500251014,5.3242502588941774e-05,0.0,0.0,5.3242502588941774e-05,22.606282292293123,53.24770516690425,24.665909134845634,36.99969615532704,2.4872988776937563,35.864516045148015,2.487298877125531,35.8645160451085
min,1.0,False,262.11,175.0,0.0,262.11,175.0,205.53135999999998,21.58893169484791,190.26567999999997,262.11,262.11,0.0,0.0
25%,1.0,1.0,262.11,175.0,0.0,262.11,175.0,205.53135999999998,21.58893169484791,190.26567999999997,262.11,262.11,0.0,0.0
50%,1.0,1.0,262.11,175.0,0.0,262.11,175.0,207.65024,23.08720611136823,191.32512,262.11,262.11,0.0,0.0
75%,1.0,1.0,262.11,175.0,0.0,262.11,175.0,209.76912,24.585480527888613,192.38456,262.11,262.11,0.0,0.0
max,1.0,True,262.11,175.0,0.0,262.11,286.78695534999997,595.40528,245.92868379538655,421.50744,286.78695534999997,595.40528,24.676955349999957,333.29527999999993
