,per_hour_hood_data_count,occupancy,min_lab_cfm,min_hood_cfm,min_additional_hood_cfm,min_possible_lab_cfm,calc_hood_cfm,stream_hood_cfm,stream_and_calc_hood_cfm_std,stream_and_calc_hood_cfm_mean,calc_total_lab_cfm,stream_total_lab_cfm,calc_excess_cfm,stream_excess_cfm
count,1599.0,1599,1599.0,1599.0,1599.0,1599.0,1599.0,1599.0,1599.0,1599.0,1599.0,1599.0,1599.0,1599.0
mean,1.0,0.97623514696685432,260.6832374400573,175.0,0.0,260.6832374400573,206.8029188053738,228.93082353276336,25.104477794587638,217.86687116906782,277.74836948958097,273.24009155304606,17.065132049522447,12.55685411298727
std,0.0,0.15236339125329812,9.14739013303509,0.0,0.0,9.14739013303509,72.656288521934,53.24770516690425,10.727113552978976,61.698984984305056,43.49992090681574,37.125363017028796,42.49469693264615,36.144123490012234
min,1.0,False,202.07333333333332,175.0,0.0,202.07333333333332,175.0,205.53135999999998,1.6630397246208417,190.26567999999997,202.07333333333332,205.53135999999998,0.0,0.0
25%,1.0,1.0,262.11,175.0,0.0,262.11,175.0,205.53135999999998,21.58893169484791,190.26567999999997,262.11,262.11,0.0,0.0
50%,1.0,1.0,262.11,175.0,0.0,262.11,175.0,207.65024,23.08720611136823,191.32512,262.11,262.11,0.0,0.0
75%,1.0,1.0,262.11,175.0,0.0,262.11,175.0,209.76912,23.306804989686768,192.38456,262.11,262.11,0.0,0.0
max,1.0,True,262.11,175.0,0.0,262.11,458.8591285600001,595.40528,135.4577873504097,512.2976266666667,458.8591285600001,595.40528,221.24241580266687,333.29527999999993
