,per_hour_hood_data_count,occupancy,min_lab_cfm,min_hood_cfm,min_additional_hood_cfm,min_possible_lab_cfm,calc_hood_cfm,stream_hood_cfm,stream_and_calc_hood_cfm_std,stream_and_calc_hood_cfm_mean,calc_total_lab_cfm,stream_total_lab_cfm,calc_excess_cfm,stream_excess_cfm
count,4795.0,4795,4795.0,4795.0,4795.0,4795.0,1599.0,1603.0,1599.0,1603.0,4795.0,4795.0,4795.0,4795.0
mean,0.3334723670490094,0.97726798748696564,260.74524574209846,175.0,0.0,260.74524574209846,222.5612700062726,228.87375617522684,33.801889906641726,225.69692645318622,271.49480254876244,264.9567241640676,10.749556806659548,4.211478421967324
std,0.4715028222248582,0.14906341634843404,8.949270639458751,0.0,0.0,8.949270639458751,106.10035468075883,53.19345291740512,26.94070095113642,78.15107375457161,46.818675087665774,23.337390421657847,46.03012324054953,21.764061238870042
min,0.0,False,202.07333333333332,175.0,0.0,202.07333333333332,175.0,205.53135999999998,0.4166587582116448,190.26567999999997,202.07333333333332,202.07333333333332,0.0,0.0
25%,0.0,1.0,262.11,175.0,0.0,262.11,175.0,205.53135999999998,21.58893169484791,190.26567999999997,262.11,262.11,0.0,0.0
50%,0.0,1.0,262.11,175.0,0.0,262.11,175.0,207.65024,23.08720611136823,191.32512,262.11,262.11,0.0,0.0
75%,1.0,1.0,262.11,175.0,0.0,262.11,175.0,209.76912,24.585480527888613,192.38456,262.11,262.11,0.0,0.0
max,1.0,True,262.11,175.0,0.0,262.11,591.31331,595.40528,136.07697975290932,561.9435685266666,591.31331,595.40528,330.3541241866665,333.29527999999993
