,per_hour_hood_data_count,occupancy,min_lab_cfm,min_hood_cfm,min_additional_hood_cfm,min_possible_lab_cfm,calc_hood_cfm,stream_hood_cfm,stream_and_calc_hood_cfm_std,stream_and_calc_hood_cfm_mean,calc_total_lab_cfm,stream_total_lab_cfm,calc_excess_cfm,stream_excess_cfm
count,4795.0,4795,4795.0,4795.0,4795.0,4795.0,1599.0,1603.0,1599.0,1603.0,4795.0,4795.0,4795.0,4795.0
mean,0.3334723670490094,0.97184567257559962,260.41970802920275,175.0,0.0,260.41970802920275,222.6348695418654,228.87375617522684,33.884328619763174,225.7336343937393,271.1830504047343,264.6342920917696,10.763342375527351,4.2145840625651685
std,0.4715028222248582,0.16543085791994461,9.931917273282627,0.0,0.0,9.931917273282627,106.29345011395898,53.19345291740512,27.134726912675365,78.22914157424782,47.222818945318885,23.781423339748994,46.2249777809922,21.850196107206166
min,0.0,False,202.07333333333332,175.0,0.0,202.07333333333332,175.0,205.53135999999998,0.07379622824890358,190.26567999999997,202.07333333333332,202.07333333333332,0.0,0.0
25%,0.0,1.0,262.11,175.0,0.0,262.11,175.0,205.53135999999998,21.58893169484791,190.26567999999997,262.11,262.11,0.0,0.0
50%,0.0,1.0,262.11,175.0,0.0,262.11,175.0,207.65024,23.08720611136823,191.32512,262.11,262.11,0.0,0.0
75%,1.0,1.0,262.11,175.0,0.0,262.11,175.0,209.76912,24.585480527888613,192.38456,262.11,262.11,0.0,0.0
max,1.0,True,262.11,175.0,0.0,262.11,591.31331,595.40528,137.94101950155246,564.6633018133332,591.31331,595.40528,365.37838058666665,333.29527999999993
